video_id,title,description,published_at,view_count,comment_count,duration_sec,brand,full_text,url,majority_sentiment,positive_count,negative_count,neutral_count,total_analyzed
AdF1JZjOssE,PRIME VS Gatorade Logan Paul #drinkprime #loganpaul #prime #primehydration #gatorade #shorts #wwe,,2025-08-03T17:28:23Z,11316375,627,24.0,Prime Creations,PRIME VS Gatorade Logan Paul #drinkprime #loganpaul #prime #primehydration #gatorade #shorts #wwe ,https://www.youtube.com/watch?v=AdF1JZjOssE,Neutral,35,35,30,100
gc1TrxFyA20,Honey Almond Cookie Matcha Latte,"​@emmachamberlain's take on a Honey Almond Cookie Matcha Latte using our new Honey Matcha.

Ingredients:
1-2 tsp. Honey Matcha
1 tsp. honey
½ tsp. almond extract
1 c. milk of choice
1-2 tsp. Nutpods Vanilla Creamer

Directions: Whisk the Honey Matcha until smooth and frothy, then add the honey and almond extract and blend until fully combined. Pour the matcha into your milk of choice and finish by topping it with Nutpods Vanilla Creamer.

Shop our new Honey Collection on chamberlaincoffee.com.",2025-11-22T16:41:10Z,7328,11,100.0,Chamberlain Coffee,"Honey Almond Cookie Matcha Latte ​@emmachamberlain's take on a Honey Almond Cookie Matcha Latte using our new Honey Matcha.

Ingredients:
1-2 tsp. Honey Matcha
1 tsp. honey
½ tsp. almond extract
1 c. milk of choice
1-2 tsp. Nutpods Vanilla Creamer

Directions: Whisk the Honey Matcha until smooth and frothy, then add the honey and almond extract and blend until fully combined. Pour the matcha into your milk of choice and finish by topping it with Nutpods Vanilla Creamer.

Shop our new Honey Collection on chamberlaincoffee.com.",https://www.youtube.com/watch?v=gc1TrxFyA20,Positive,8,2,1,11
-kGLG4B3oiE,emma chamberlain’s latest creation. visit chamberlain coffee to see if it made the menu.,,2025-03-16T15:54:47Z,37064,15,66.0,Chamberlain Coffee,emma chamberlain’s latest creation. visit chamberlain coffee to see if it made the menu. ,https://www.youtube.com/watch?v=-kGLG4B3oiE,Positive,8,2,4,14
5huTrJ5nm2U,the greatest roast on earth,"step right up… meet the animal cracker coffee blend and the animal cracker latte made with oatmilk —a carnival in your cup with graham cracker, vanilla, and honey notes. grab the limited edition circus tin to store all your treasures (or coffee beans).",2024-11-15T22:43:19Z,8742,18,38.0,Chamberlain Coffee,"the greatest roast on earth step right up… meet the animal cracker coffee blend and the animal cracker latte made with oatmilk —a carnival in your cup with graham cracker, vanilla, and honey notes. grab the limited edition circus tin to store all your treasures (or coffee beans).",https://www.youtube.com/watch?v=5huTrJ5nm2U,Positive,13,1,3,17
J4fftbnA6-s,meet coconut cold brew,"meet coconut cold brew, made for iced-coffee-only type weather with tasting notes of sweet coconut, rich caramel and creamy macadamia nut… 

website: www.chamberlaincoffee.com 
instagram: www.instagram.com/chamberlaincoffee 
twitter: www.twitter.com/chamberlaincof 
tiktok: @chamberlaincoffee
pinterest: https://pin.it/T0Frswj",2024-11-15T22:31:58Z,9283,13,35.0,Chamberlain Coffee,"meet coconut cold brew meet coconut cold brew, made for iced-coffee-only type weather with tasting notes of sweet coconut, rich caramel and creamy macadamia nut… 

website: www.chamberlaincoffee.com 
instagram: www.instagram.com/chamberlaincoffee 
twitter: www.twitter.com/chamberlaincof 
tiktok: @chamberlaincoffee
pinterest: https://pin.it/T0Frswj",https://www.youtube.com/watch?v=J4fftbnA6-s,Positive,8,1,4,13
K4z2PUSxti0,emma & kendall's bloopers,"spilling espresso martini secrets with emma and kendall

818 Tequila is a registered trademark of K & Soda Inc. Produced under license from 818 Spirits Inc© 2024. Please Drink Responsibly. 818 Tequila, 40% Alc./Vol. ©2024 Imported by 818 Spirits, Manhasset, NY.

21+ only. Please do not share with anyone under the legal purchase age for alcohol. Drink responsibly. Don't drink and drive.

website: www.chamberlaincoffee.com 
instagram: www.instagram.com/chamberlaincoffee 
twitter: www.twitter.com/chamberlaincof 
tiktok: @chamberlaincoffee
pinterest: https://pin.it/T0Frswj",2024-04-25T19:00:09Z,100709,59,75.0,Chamberlain Coffee,"emma & kendall's bloopers spilling espresso martini secrets with emma and kendall

818 Tequila is a registered trademark of K & Soda Inc. Produced under license from 818 Spirits Inc© 2024. Please Drink Responsibly. 818 Tequila, 40% Alc./Vol. ©2024 Imported by 818 Spirits, Manhasset, NY.

21+ only. Please do not share with anyone under the legal purchase age for alcohol. Drink responsibly. Don't drink and drive.

website: www.chamberlaincoffee.com 
instagram: www.instagram.com/chamberlaincoffee 
twitter: www.twitter.com/chamberlaincof 
tiktok: @chamberlaincoffee
pinterest: https://pin.it/T0Frswj",https://www.youtube.com/watch?v=K4z2PUSxti0,Positive,28,4,14,46
NVvZjKRCqbc,emma & kendall's espresso martini,"meet your new favorite espresso martini. limited-edition candied pecan cold brew singles drop today. shop now at chamberlaincoffee.com

818 Tequila is a registered trademark of K & Soda Inc. Produced under license from 818 Spirits Inc© 2024. Please Drink Responsibly. 818 Tequila, 40% Alc./Vol. ©2024 Imported by 818 Spirits, Manhasset, NY.

21+ only. Please do not share with anyone under the legal purchase age for alcohol. Drink responsibly. Don't drink and drive.

website: www.chamberlaincoffee.com 
instagram: www.instagram.com/chamberlaincoffee 
twitter: www.twitter.com/chamberlaincof 
tiktok: @chamberlaincoffee
pinterest: https://pin.it/T0Frswj",2024-04-24T12:58:00Z,513339,345,218.0,Chamberlain Coffee,"emma & kendall's espresso martini meet your new favorite espresso martini. limited-edition candied pecan cold brew singles drop today. shop now at chamberlaincoffee.com

818 Tequila is a registered trademark of K & Soda Inc. Produced under license from 818 Spirits Inc© 2024. Please Drink Responsibly. 818 Tequila, 40% Alc./Vol. ©2024 Imported by 818 Spirits, Manhasset, NY.

21+ only. Please do not share with anyone under the legal purchase age for alcohol. Drink responsibly. Don't drink and drive.

website: www.chamberlaincoffee.com 
instagram: www.instagram.com/chamberlaincoffee 
twitter: www.twitter.com/chamberlaincof 
tiktok: @chamberlaincoffee
pinterest: https://pin.it/T0Frswj",https://www.youtube.com/watch?v=NVvZjKRCqbc,Positive,54,18,28,100
tgwz7DkhgTQ,emma and kendall’s unofficial history of the espresso martini,"espresso martini: the origin story.  see you tomorrow. 👀☕️

818 Tequila is a registered trademark of K & Soda Inc. Produced under license from 818 Spirits Inc© 2024. Please Drink Responsibly. 818 Tequila, 40% Alc./Vol. ©2024 Imported by 818 Spirits, Manhasset, NY.

21+ only. Please do not share with anyone under the legal purchase age for alcohol. Drink responsibly. Don't drink and drive.

website: www.chamberlaincoffee.com 
instagram: www.instagram.com/chamberlaincoffee 
twitter: www.twitter.com/chamberlaincof 
tiktok: @chamberlaincoffee
pinterest: https://pin.it/T0Frswj",2024-04-23T18:58:00Z,17684,31,52.0,Chamberlain Coffee,"emma and kendall’s unofficial history of the espresso martini espresso martini: the origin story.  see you tomorrow. 👀☕️

818 Tequila is a registered trademark of K & Soda Inc. Produced under license from 818 Spirits Inc© 2024. Please Drink Responsibly. 818 Tequila, 40% Alc./Vol. ©2024 Imported by 818 Spirits, Manhasset, NY.

21+ only. Please do not share with anyone under the legal purchase age for alcohol. Drink responsibly. Don't drink and drive.

website: www.chamberlaincoffee.com 
instagram: www.instagram.com/chamberlaincoffee 
twitter: www.twitter.com/chamberlaincof 
tiktok: @chamberlaincoffee
pinterest: https://pin.it/T0Frswj",https://www.youtube.com/watch?v=tgwz7DkhgTQ,Positive,21,5,1,27
MJEmSmvzGJM,strangers taste test our new product...,"we get it… some of you loved it and some of you didn’t. so here’s our sweeter oatmilk ready-to-drink lattes. now available at walmart 

website: www.chamberlaincoffee.com 
instagram: www.instagram.com/chamberlaincoffee 
twitter: www.twitter.com/chamberlaincof 
tiktok: @chamberlaincoffee
pinterest: https://pin.it/T0Frswj",2023-12-01T17:00:16Z,25714,38,247.0,Chamberlain Coffee,"strangers taste test our new product... we get it… some of you loved it and some of you didn’t. so here’s our sweeter oatmilk ready-to-drink lattes. now available at walmart 

website: www.chamberlaincoffee.com 
instagram: www.instagram.com/chamberlaincoffee 
twitter: www.twitter.com/chamberlaincof 
tiktok: @chamberlaincoffee
pinterest: https://pin.it/T0Frswj",https://www.youtube.com/watch?v=MJEmSmvzGJM,Positive,27,2,7,36
jqSnKAtVU74,wok from halls episode #1 | hot katsu curry,"students. it’s here. the hottest dish to hit halls across the uk. the legendary hot katsu 🔥
-
we’ve teamed up with @mobkitchen to bring some wagamama classics to campus this freshers, with our new collab series #wokfromhalls
-
the sauce
-
2 onions
2 cloves of garlic
5cm piece of ginger
4 tbsp mild curry powder
2 tsp turmeric
2 tbsp plain flour
600ml vegetable stock
200ml coconut milk
2 tsp light soy sauce
2 tsp sugar
2 tbsp chilli flakes
50ml sriracha / tabasco
-
the chicken
-
2 large chicken breasts
2 egg
50g flour
60g panko breadcrumbs
250g sachet of cooked rice
20g mixed leaves (we use red chard and spinach)
salt
vegetable oil",2020-09-16T12:48:19Z,14737,16,160.0,wagamamauk,"wok from halls episode #1 | hot katsu curry students. it’s here. the hottest dish to hit halls across the uk. the legendary hot katsu 🔥
-
we’ve teamed up with @mobkitchen to bring some wagamama classics to campus this freshers, with our new collab series #wokfromhalls
-
the sauce
-
2 onions
2 cloves of garlic
5cm piece of ginger
4 tbsp mild curry powder
2 tsp turmeric
2 tbsp plain flour
600ml vegetable stock
200ml coconut milk
2 tsp light soy sauce
2 tsp sugar
2 tbsp chilli flakes
50ml sriracha / tabasco
-
the chicken
-
2 large chicken breasts
2 egg
50g flour
60g panko breadcrumbs
250g sachet of cooked rice
20g mixed leaves (we use red chard and spinach)
salt
vegetable oil",https://www.youtube.com/watch?v=jqSnKAtVU74,Positive,8,1,2,11
Sv6x3QzeVl8,wok from home | the wagamama salad dressing | bonus recipe,"we’ve had hundreds of requests for our special salad dressing recipe (the one that’s served with the katsu curry) so steve, being the legend that he is, whipped up a quick batch for ya. ingredients listed below. enjoy 😉
-
1 garlic clove, crushed 
2 finely chopped shallots 
2.5cm piece of ginger grated 
1 1⁄2 tbsp rice wine vinegar 
1 tbsp tomato ketchup 
1 tablespoon water
100ml vegetable oil
3 tbsp light soy sauce",2020-04-13T16:56:58Z,39198,26,156.0,wagamamauk,"wok from home | the wagamama salad dressing | bonus recipe we’ve had hundreds of requests for our special salad dressing recipe (the one that’s served with the katsu curry) so steve, being the legend that he is, whipped up a quick batch for ya. ingredients listed below. enjoy 😉
-
1 garlic clove, crushed 
2 finely chopped shallots 
2.5cm piece of ginger grated 
1 1⁄2 tbsp rice wine vinegar 
1 tbsp tomato ketchup 
1 tablespoon water
100ml vegetable oil
3 tbsp light soy sauce",https://www.youtube.com/watch?v=Sv6x3QzeVl8,Positive,12,1,8,21
9mZUO5Mye0I,bowl to soul,"wagamama has always been a proud student of japan. it inspires our food, our design + our philosophy. so, it was the first place we looked to when creating our new cinema ad, which celebrates the vibrant world of japanese anime. this film has been crafted with imagination + passion. we wanted to capture the essence of the wagamama experience. from bowl to soul",2020-03-02T10:00:02Z,174667,43,61.0,wagamamauk,"bowl to soul wagamama has always been a proud student of japan. it inspires our food, our design + our philosophy. so, it was the first place we looked to when creating our new cinema ad, which celebrates the vibrant world of japanese anime. this film has been crafted with imagination + passion. we wanted to capture the essence of the wagamama experience. from bowl to soul",https://www.youtube.com/watch?v=9mZUO5Mye0I,Positive,28,1,4,33
pxBFoUepZVc,The Run featuring Aitch | Nando's UK,"Fact: When you’re craving a Nando’s, you can’t think about anything else. It's enough to stop you in your tracks and put Aitch off his game...

Nando's now delivers. Order online at www.get.nandos.co.uk

You can also now create the ad at home using PERi-Zoom, our new Instagram Filter.

Find out more: nandos.co.uk/perizoom

Music by Toño Rosario - Kulikitaka

Subscribe to Nando's UK ⏩ ⏩  https://goo.gl/GY8s1S

⏬ Keep in touch ⏬ 
Twitter: https://goo.gl/wnrMnx
Facebook: https://goo.gl/fq7VSw
Instagram: https://goo.gl/Whvo34

ABOUT NANDOS
Nando’s started way back in 1987, when the first restaurant opened in Rosettenville in Johannesburg, South Africa. We’ve come a long way since then, but we’ve never forgotten our humble beginnings. 

This is PERi-PERi | Nando's UK
https://www.youtube.com/user/Nandosuk",2020-08-03T10:45:38Z,5142318,48,15.0,Nando's UK,"The Run featuring Aitch | Nando's UK Fact: When you’re craving a Nando’s, you can’t think about anything else. It's enough to stop you in your tracks and put Aitch off his game...

Nando's now delivers. Order online at www.get.nandos.co.uk

You can also now create the ad at home using PERi-Zoom, our new Instagram Filter.

Find out more: nandos.co.uk/perizoom

Music by Toño Rosario - Kulikitaka

Subscribe to Nando's UK ⏩ ⏩  https://goo.gl/GY8s1S

⏬ Keep in touch ⏬ 
Twitter: https://goo.gl/wnrMnx
Facebook: https://goo.gl/fq7VSw
Instagram: https://goo.gl/Whvo34

ABOUT NANDOS
Nando’s started way back in 1987, when the first restaurant opened in Rosettenville in Johannesburg, South Africa. We’ve come a long way since then, but we’ve never forgotten our humble beginnings. 

This is PERi-PERi | Nando's UK
https://www.youtube.com/user/Nandosuk",https://www.youtube.com/watch?v=pxBFoUepZVc,Neutral,12,4,14,30
bEsQgNQ5Txg,The Kickabout featuring Jadon Sancho | Nando's UK,"Fact: When you need a Nando’s, you can’t think about anything else. When you're lost in a Nando's chicken wrap, it doesn't matter who's holding it, even if it is Jadon Sancho. 

Order online at get.nandos.co.uk

You can also now create the ad at home using PERi-Zoom, our new Instagram Filter.

Find out more: nandos.co.uk/perizoom

Music by Toño Rosario - Kulikitaka

Subscribe to Nando's UK ⏩ ⏩  https://goo.gl/GY8s1S

⏬ Keep in touch ⏬ 
Twitter: https://goo.gl/wnrMnx
Facebook: https://goo.gl/fq7VSw
Instagram: https://goo.gl/Whvo34

ABOUT NANDOS
Nando’s started way back in 1987, when the first restaurant opened in Rosettenville in Johannesburg, South Africa. We’ve come a long way since then, but we’ve never forgotten our humble beginnings. 

This is PERi-PERi | Nando's UK
https://www.youtube.com/user/Nandosuk",2020-07-30T11:47:03Z,1613157,56,16.0,Nando's UK,"The Kickabout featuring Jadon Sancho | Nando's UK Fact: When you need a Nando’s, you can’t think about anything else. When you're lost in a Nando's chicken wrap, it doesn't matter who's holding it, even if it is Jadon Sancho. 

Order online at get.nandos.co.uk

You can also now create the ad at home using PERi-Zoom, our new Instagram Filter.

Find out more: nandos.co.uk/perizoom

Music by Toño Rosario - Kulikitaka

Subscribe to Nando's UK ⏩ ⏩  https://goo.gl/GY8s1S

⏬ Keep in touch ⏬ 
Twitter: https://goo.gl/wnrMnx
Facebook: https://goo.gl/fq7VSw
Instagram: https://goo.gl/Whvo34

ABOUT NANDOS
Nando’s started way back in 1987, when the first restaurant opened in Rosettenville in Johannesburg, South Africa. We’ve come a long way since then, but we’ve never forgotten our humble beginnings. 

This is PERi-PERi | Nando's UK
https://www.youtube.com/user/Nandosuk",https://www.youtube.com/watch?v=bEsQgNQ5Txg,Neutral,12,5,20,37
SyKG8a1-Vi0,The Delivery featuring Perrie Edwards | Nando's UK,"Fact: When you need a Nando’s, you can’t think about anything else. Turns out when you see the word PERi, you don’t see the very real Perrie Edwards metres away from you. 

Order online at get.nandos.co.uk

You can also now create the ad at home using PERi-Zoom, our new Instagram Filter. 

Find out more: nandos.co.uk/perizoom

Music by Toño Rosario - Kulikitaka

Subscribe to Nando's UK ⏩ ⏩  https://goo.gl/GY8s1S

⏬ Keep in touch ⏬ 
Twitter: https://goo.gl/wnrMnx
Facebook: https://goo.gl/fq7VSw
Instagram: https://goo.gl/Whvo34

ABOUT NANDOS
Nando’s started way back in 1987, when the first restaurant opened in Rosettenville in Johannesburg, South Africa. We’ve come a long way since then, but we’ve never forgotten our humble beginnings. 

This is PERi-PERi | Nando's UK
https://www.youtube.com/user/Nandosuk",2020-07-15T13:23:06Z,7423157,491,15.0,Nando's UK,"The Delivery featuring Perrie Edwards | Nando's UK Fact: When you need a Nando’s, you can’t think about anything else. Turns out when you see the word PERi, you don’t see the very real Perrie Edwards metres away from you. 

Order online at get.nandos.co.uk

You can also now create the ad at home using PERi-Zoom, our new Instagram Filter. 

Find out more: nandos.co.uk/perizoom

Music by Toño Rosario - Kulikitaka

Subscribe to Nando's UK ⏩ ⏩  https://goo.gl/GY8s1S

⏬ Keep in touch ⏬ 
Twitter: https://goo.gl/wnrMnx
Facebook: https://goo.gl/fq7VSw
Instagram: https://goo.gl/Whvo34

ABOUT NANDOS
Nando’s started way back in 1987, when the first restaurant opened in Rosettenville in Johannesburg, South Africa. We’ve come a long way since then, but we’ve never forgotten our humble beginnings. 

This is PERi-PERi | Nando's UK
https://www.youtube.com/user/Nandosuk",https://www.youtube.com/watch?v=SyKG8a1-Vi0,Neutral,29,5,66,100
4r-TK_17wFY,The Call featuring Anthony Joshua | Nando's UK,"Fact: When you need a Nando’s, you can’t think about anything else. When you spot a Nando’s, you might just totally miss Anthony Joshua standing in front of it…

Order online at get.nandos.co.uk

You can also now create the ad at home using PERi-Zoom, our new Instagram Filter.

Find out more: nandos.co.uk/perizoom

Music by Toño Rosario - Kulikitaka

Subscribe to Nando's UK ⏩ ⏩  https://goo.gl/GY8s1S

⏬ Keep in touch ⏬ 
Twitter: https://goo.gl/wnrMnx
Facebook: https://goo.gl/fq7VSw
Instagram: https://goo.gl/Whvo34

ABOUT NANDOS
Nando’s started way back in 1987, when the first restaurant opened in Rosettenville in Johannesburg, South Africa. We’ve come a long way since then, but we’ve never forgotten our humble beginnings. 

This is PERi-PERi | Nando's UK
https://www.youtube.com/user/Nandosuk",2020-07-15T13:16:28Z,3718987,100,15.0,Nando's UK,"The Call featuring Anthony Joshua | Nando's UK Fact: When you need a Nando’s, you can’t think about anything else. When you spot a Nando’s, you might just totally miss Anthony Joshua standing in front of it…

Order online at get.nandos.co.uk

You can also now create the ad at home using PERi-Zoom, our new Instagram Filter.

Find out more: nandos.co.uk/perizoom

Music by Toño Rosario - Kulikitaka

Subscribe to Nando's UK ⏩ ⏩  https://goo.gl/GY8s1S

⏬ Keep in touch ⏬ 
Twitter: https://goo.gl/wnrMnx
Facebook: https://goo.gl/fq7VSw
Instagram: https://goo.gl/Whvo34

ABOUT NANDOS
Nando’s started way back in 1987, when the first restaurant opened in Rosettenville in Johannesburg, South Africa. We’ve come a long way since then, but we’ve never forgotten our humble beginnings. 

This is PERi-PERi | Nando's UK
https://www.youtube.com/user/Nandosuk",https://www.youtube.com/watch?v=4r-TK_17wFY,Neutral,13,6,31,50
mMOfMD7xgcc,The Parked Car featuring Roman Kemp | Nando's UK,"Fact: When you need a Nando’s, you can’t think about anything else. When an extra long Nando’s receipt catches your eye, car doors - and Roman Kemp - disappear. 

Order online at get.nandos.co.uk

You can also now create the ad at home using PERi-Zoom, our new Instagram Filter. 

Find out more: nandos.co.uk/perizoom

Music by Toño Rosario - Kulikitaka

Subscribe to Nando's UK ⏩ ⏩  https://goo.gl/GY8s1S

⏬ Keep in touch ⏬ 
Twitter: https://goo.gl/wnrMnx
Facebook: https://goo.gl/fq7VSw
Instagram: https://goo.gl/Whvo34

ABOUT NANDOS
Nando’s started way back in 1987, when the first restaurant opened in Rosettenville in Johannesburg, South Africa. We’ve come a long way since then, but we’ve never forgotten our humble beginnings. 

This is PERi-PERi | Nando's UK
https://www.youtube.com/user/Nandosuk",2020-07-15T11:50:33Z,3206413,30,16.0,Nando's UK,"The Parked Car featuring Roman Kemp | Nando's UK Fact: When you need a Nando’s, you can’t think about anything else. When an extra long Nando’s receipt catches your eye, car doors - and Roman Kemp - disappear. 

Order online at get.nandos.co.uk

You can also now create the ad at home using PERi-Zoom, our new Instagram Filter. 

Find out more: nandos.co.uk/perizoom

Music by Toño Rosario - Kulikitaka

Subscribe to Nando's UK ⏩ ⏩  https://goo.gl/GY8s1S

⏬ Keep in touch ⏬ 
Twitter: https://goo.gl/wnrMnx
Facebook: https://goo.gl/fq7VSw
Instagram: https://goo.gl/Whvo34

ABOUT NANDOS
Nando’s started way back in 1987, when the first restaurant opened in Rosettenville in Johannesburg, South Africa. We’ve come a long way since then, but we’ve never forgotten our humble beginnings. 

This is PERi-PERi | Nando's UK
https://www.youtube.com/user/Nandosuk",https://www.youtube.com/watch?v=mMOfMD7xgcc,Neutral,7,4,14,25
DJTDaADfbyU,"Greggs announce the return of the delicious Christmas Menu, with a little help from Nigella Lawson","‘Tis the season! Get ready to taste a ‘rapturous riot of flavour’, declares Nigella Lawson, because the Festive Bakes are returning! 

Enjoy the Greggs Christmas Menu, launching from Thursday November 7th 2024",2024-11-07T09:16:40Z,15463,20,40.0,GreggsOfficial,"Greggs announce the return of the delicious Christmas Menu, with a little help from Nigella Lawson ‘Tis the season! Get ready to taste a ‘rapturous riot of flavour’, declares Nigella Lawson, because the Festive Bakes are returning! 

Enjoy the Greggs Christmas Menu, launching from Thursday November 7th 2024",https://www.youtube.com/watch?v=DJTDaADfbyU,Positive,8,5,4,17
M2RMadyY6V4,When Greggs became Capaldis,"Lewis Capaldi joined us for some work experience, ahead of his performance at Radio One's Big Weekend",2019-11-19T16:06:32Z,11812,27,71.0,GreggsOfficial,"When Greggs became Capaldis Lewis Capaldi joined us for some work experience, ahead of his performance at Radio One's Big Weekend",https://www.youtube.com/watch?v=M2RMadyY6V4,Neutral,4,0,5,9
tibTtj5vY1Y,"""Who is Gregory and Gregory?""","“Who is Gregory and Gregory?”

We went undercover to showcase our new summer lunch menu to foodies… but with a twist. 

Our new menu includes an oriental chicken sticky rice salad, a feta and beetroot dip salad with a roast vegetable grain and our first ever vegan addition – a Mexican bean wrap.

Here’s our covert video showing food fans praising our tapas-style dishes served from a hipster deli called ‘Gregory and Gregory.’ 

Watch their stunned reactions as we tell them they’re actually eating from Greggs.",2018-05-30T07:17:30Z,64308,27,113.0,GreggsOfficial,"""Who is Gregory and Gregory?"" “Who is Gregory and Gregory?”

We went undercover to showcase our new summer lunch menu to foodies… but with a twist. 

Our new menu includes an oriental chicken sticky rice salad, a feta and beetroot dip salad with a roast vegetable grain and our first ever vegan addition – a Mexican bean wrap.

Here’s our covert video showing food fans praising our tapas-style dishes served from a hipster deli called ‘Gregory and Gregory.’ 

Watch their stunned reactions as we tell them they’re actually eating from Greggs.",https://www.youtube.com/watch?v=tibTtj5vY1Y,Positive,11,2,4,17
s2bjshQIRzw,Greggs Rewards | The App that rewards you for shopping at Greggs,"Download the Greggs app and join Greggs Rewards; the account that rewards you for shopping at Greggs. 

Just scan your phone every time you shop at Greggs to get your hands on:

Free Coffees | Buy seven get your eighth on us.
Prize Draw | Every month five lucky people will win £50.
Birthday Treats| Because it’s your birthday.
VIP Tasters| You’ll get exclusive tasty treats.

Pay however you like - Cash, card or even through the app. Just top up your account by card or PayPal and always have money to spend in Greggs. Plus the first time you top up £10 or more we’ll give you a free breakfast.",2016-05-20T11:53:37Z,43883,11,23.0,GreggsOfficial,"Greggs Rewards | The App that rewards you for shopping at Greggs Download the Greggs app and join Greggs Rewards; the account that rewards you for shopping at Greggs. 

Just scan your phone every time you shop at Greggs to get your hands on:

Free Coffees | Buy seven get your eighth on us.
Prize Draw | Every month five lucky people will win £50.
Birthday Treats| Because it’s your birthday.
VIP Tasters| You’ll get exclusive tasty treats.

Pay however you like - Cash, card or even through the app. Just top up your account by card or PayPal and always have money to spend in Greggs. Plus the first time you top up £10 or more we’ll give you a free breakfast.",https://www.youtube.com/watch?v=s2bjshQIRzw,Neutral,2,0,5,7
CoJ_ZOxXjV8,loaded loaded fries? now we're talkin #checkersrallys #ytshorts #shorts,there’s nothing wrong with getting extra loaded. #checkersrallys #orderhack #food #latenight #hack,2023-09-14T18:18:18Z,5693,13,20.0,Checkers and Rally's,loaded loaded fries? now we're talkin #checkersrallys #ytshorts #shorts there’s nothing wrong with getting extra loaded. #checkersrallys #orderhack #food #latenight #hack,https://www.youtube.com/watch?v=CoJ_ZOxXjV8,Positive,6,2,0,8
FsjPSekQ7lw,Male voice choir flash mob Wales v England 6 nations 2015,So we arranged for a little treat to spur on the boys! The Cor Meibion Taf male voice choir break into a chorus of Bread of Heaven outside the yard. See the full professional video here: http://youtu.be/5iPqepdQhR8,2015-02-06T17:24:29Z,43951,16,202.0,BrainsBrewery,Male voice choir flash mob Wales v England 6 nations 2015 So we arranged for a little treat to spur on the boys! The Cor Meibion Taf male voice choir break into a chorus of Bread of Heaven outside the yard. See the full professional video here: http://youtu.be/5iPqepdQhR8,https://www.youtube.com/watch?v=FsjPSekQ7lw,Positive,9,1,3,13
bbK4TJ9euLI,Shapes = the certified road trip snack,,2026-01-14T00:44:37Z,235554,58,8.0,Arnott's Biscuits,Shapes = the certified road trip snack ,https://www.youtube.com/watch?v=bbK4TJ9euLI,Positive,30,7,12,49
TxsyGcFRk10,Made From Scratch So You Don't Have To,You could choose a pre-frozen reheated supermarket loaf. But why would you when you could have a baked fresh today sourdough loaf handcrafted by friendly expert bakers right there on-site. Forget the fakery and choose your local Bakers Delight bakery today. Keep it Real.,2023-10-13T01:59:49Z,104329,10,16.0,Bakers Delight,Made From Scratch So You Don't Have To You could choose a pre-frozen reheated supermarket loaf. But why would you when you could have a baked fresh today sourdough loaf handcrafted by friendly expert bakers right there on-site. Forget the fakery and choose your local Bakers Delight bakery today. Keep it Real.,https://www.youtube.com/watch?v=TxsyGcFRk10,Negative,3,4,1,8
l2mDYCmXZVk,Drink in America | Coca-Cola’s America250 Anthem Film,"Celebrate 250 years of America with Coca-Cola’s “Drink in America” anthem film — a tribute to the people, places, and moments that bring us together.

Created for the America250 campaign, this film explores the enduring connection between Coca-Cola and the American story. From coast to coast, across cities and small towns, we celebrate a nation built on shared experiences, culture, and community.

Featuring a reimagined version of “I’d Like to Buy the World a Coke,” thoughtfully rewritten for this moment in history, this campaign reflects the spirit of unity, optimism, and belonging that defines America today.

So, here’s to the healers, fighters, cowboys, and city slickers. The mothers, fathers, sons, and daughters. The storytellers and the dreamers. There’s room for everyone to belong here. Because within these people, places, and moments, there’s an America that promises, believes, and loves.

That’s the real thing.

#CocaCola #America250 #DrinkInAmerica #IdLikeToBuyTheWorldACoke #BrandFilm #Hilltop",2026-04-06T13:32:50Z,26944,68,186.0,Coca-Cola,"Drink in America | Coca-Cola’s America250 Anthem Film Celebrate 250 years of America with Coca-Cola’s “Drink in America” anthem film — a tribute to the people, places, and moments that bring us together.

Created for the America250 campaign, this film explores the enduring connection between Coca-Cola and the American story. From coast to coast, across cities and small towns, we celebrate a nation built on shared experiences, culture, and community.

Featuring a reimagined version of “I’d Like to Buy the World a Coke,” thoughtfully rewritten for this moment in history, this campaign reflects the spirit of unity, optimism, and belonging that defines America today.

So, here’s to the healers, fighters, cowboys, and city slickers. The mothers, fathers, sons, and daughters. The storytellers and the dreamers. There’s room for everyone to belong here. Because within these people, places, and moments, there’s an America that promises, believes, and loves.

That’s the real thing.

#CocaCola #America250 #DrinkInAmerica #IdLikeToBuyTheWorldACoke #BrandFilm #Hilltop",https://www.youtube.com/watch?v=l2mDYCmXZVk,Positive,38,7,10,55
BHnxbwPk3Hw,"Asking is stressful, but hearing ""yes"" is joy. Add a Coke Zero and celebrate the moment​.",#CocaCola #CocaColaEurope,2026-03-30T16:07:45Z,6018,9,31.0,Coca-Cola,"Asking is stressful, but hearing ""yes"" is joy. Add a Coke Zero and celebrate the moment​. #CocaCola #CocaColaEurope",https://www.youtube.com/watch?v=BHnxbwPk3Hw,Positive,7,0,2,9
k3XA3GmfJ4Y,this ad break = diet coke break,this break is brought to you by… you,2025-05-29T13:16:59Z,33929,11,30.0,Diet Coke,this ad break = diet coke break this break is brought to you by… you,https://www.youtube.com/watch?v=k3XA3GmfJ4Y,Positive,6,0,3,9
iZjpjBxSHg4,"Introducing Gatorade Lower Sugar: No Artificial Flavors, Sweeteners, or Colors","Learn more: gatorade.com

Song: APT. by Rosé and Bruno Mars",2026-03-04T14:56:50Z,11802,47,31.0,Gatorade,"Introducing Gatorade Lower Sugar: No Artificial Flavors, Sweeteners, or Colors Learn more: gatorade.com

Song: APT. by Rosé and Bruno Mars",https://www.youtube.com/watch?v=iZjpjBxSHg4,Neutral,14,14,6,34
lO0hFCVG8bw,Lose More. Win More. Lab Tested.,"Science-backed. Game tested. So that you can lose more sweat and prove how much you're willing to win. 

Gatorade. Is it in you?",2025-09-08T00:21:37Z,300214,24,31.0,Gatorade,"Lose More. Win More. Lab Tested. Science-backed. Game tested. So that you can lose more sweat and prove how much you're willing to win. 

Gatorade. Is it in you?",https://www.youtube.com/watch?v=lO0hFCVG8bw,Positive,14,2,8,24
-CGFPkKBcA8,Lose More. Win More.​,"How much sweat are you willing to lose?​
That’s how you know how much you’re willing to win.​

Find out more at Gatorade.com​

Song - peekaboo - Kendrick Lamar",2025-04-18T11:00:13Z,12773,37,61.0,Gatorade,"Lose More. Win More.​ How much sweat are you willing to lose?​
That’s how you know how much you’re willing to win.​

Find out more at Gatorade.com​

Song - peekaboo - Kendrick Lamar",https://www.youtube.com/watch?v=-CGFPkKBcA8,Positive,21,0,11,32
nbhowMh2yLo,Lose More. Win More.​,"How much sweat are you willing to lose?​
That’s how you know how much you’re willing to win.​

Find out more at Gatorade.com​

Song - peekaboo - Kendrick Lamar",2025-04-18T10:59:48Z,1771629,1473,61.0,Gatorade,"Lose More. Win More.​ How much sweat are you willing to lose?​
That’s how you know how much you’re willing to win.​

Find out more at Gatorade.com​

Song - peekaboo - Kendrick Lamar",https://www.youtube.com/watch?v=nbhowMh2yLo,Positive,48,13,39,100
_7CjZh6y4xQ,Gatorade | THE TAKE,"Give everything to the game and take what’s yours. JuJu Watkins, Paige Bueckers, and Cooper Flagg are ready to make this month their own. 

Fuel up with what drives the game at Gatorade.com

#basketball #gatorade #win #motivation #cooperflagg #paigebueckers #jujuwatkins #isitinyou",2025-03-17T12:55:30Z,1754163,31,31.0,Gatorade,"Gatorade | THE TAKE Give everything to the game and take what’s yours. JuJu Watkins, Paige Bueckers, and Cooper Flagg are ready to make this month their own. 

Fuel up with what drives the game at Gatorade.com

#basketball #gatorade #win #motivation #cooperflagg #paigebueckers #jujuwatkins #isitinyou",https://www.youtube.com/watch?v=_7CjZh6y4xQ,Neutral,3,1,4,8
nEvHSVpdjj0,Gatorade Hydration Booster | PUT YOUR WATER TO WORK,"Gatorade Hydration Booster delivers all-day, always-on hydration. With an advanced blend of electrolytes and essential vitamins, this is science backed hydration that puts your water to work.

Shop now at Gatorade.com.",2024-09-17T17:12:04Z,6606107,19,16.0,Gatorade,"Gatorade Hydration Booster | PUT YOUR WATER TO WORK Gatorade Hydration Booster delivers all-day, always-on hydration. With an advanced blend of electrolytes and essential vitamins, this is science backed hydration that puts your water to work.

Shop now at Gatorade.com.",https://www.youtube.com/watch?v=nEvHSVpdjj0,Neutral,4,3,12,19
2G9As8tl_no,Gatorade | HELLO COACH | JOSH ALLEN,"He sent 1000 emails to college coaches asking for a chance.
He got no replies. But Josh Allen has IT. And when you've got
IT, you keep going until the world takes notice. 
IT will not be ignored. Is IT in you?",2024-09-10T14:58:10Z,901729,133,31.0,Gatorade,"Gatorade | HELLO COACH | JOSH ALLEN He sent 1000 emails to college coaches asking for a chance.
He got no replies. But Josh Allen has IT. And when you've got
IT, you keep going until the world takes notice. 
IT will not be ignored. Is IT in you?",https://www.youtube.com/watch?v=2G9As8tl_no,Neutral,43,6,51,100
-DATyIM_sxw,Gatorade | You Know We Got IT,"The game is played on the field, but won on the inside. And in a game like this, IT makes all the difference.

Is IT In You?

Shop Now at Gatorade.com",2024-09-04T13:54:58Z,53485,110,46.0,Gatorade,"Gatorade | You Know We Got IT The game is played on the field, but won on the inside. And in a game like this, IT makes all the difference.

Is IT In You?

Shop Now at Gatorade.com",https://www.youtube.com/watch?v=-DATyIM_sxw,Positive,64,3,16,83
FIKAZFmJe-0,Gatorade | NEW HISTORY | A’JA WILSON,"When you’re the first female hooper to get a statue on your school’s campus, you leave a legacy that will stand for generations. Back to back WNBA champion A’ja Wilson has IT, and IT ignites dreams.

Fuel up like A’ja Wilson at Gatorade.com",2024-07-22T21:42:03Z,9148,19,31.0,Gatorade,"Gatorade | NEW HISTORY | A’JA WILSON When you’re the first female hooper to get a statue on your school’s campus, you leave a legacy that will stand for generations. Back to back WNBA champion A’ja Wilson has IT, and IT ignites dreams.

Fuel up like A’ja Wilson at Gatorade.com",https://www.youtube.com/watch?v=FIKAZFmJe-0,Positive,11,1,3,15
AkLvLzLYMjU,Gatorade | IT HASN’T CHANGED,IT drives the game. Is IT in you?,2024-05-29T11:00:05Z,1169383,80,60.0,Gatorade,Gatorade | IT HASN’T CHANGED IT drives the game. Is IT in you?,https://www.youtube.com/watch?v=AkLvLzLYMjU,Positive,39,6,28,73
pqoFMwXjcsY,Gatorade | IT HASN’T CHANGED,"Everything about the game has changed, except for the most important thing: what you have inside. 
Narrated by Michael Jordan.

Fuel up with what drives the game at Gatorade.com
 
FE!N by Travis Scott (ft. Playboi Carti)",2024-05-29T11:00:03Z,2956589,394,61.0,Gatorade,"Gatorade | IT HASN’T CHANGED Everything about the game has changed, except for the most important thing: what you have inside. 
Narrated by Michael Jordan.

Fuel up with what drives the game at Gatorade.com
 
FE!N by Travis Scott (ft. Playboi Carti)",https://www.youtube.com/watch?v=pqoFMwXjcsY,Positive,46,11,43,100
3DEvm2LHKaM,Gatorade | Caitlin Clark - It is just getting started.,"She's already made history, but her story is just getting started.
Fuel up like Caitlin. Learn more at Gatorade.com",2024-05-17T18:40:21Z,1041488,62,31.0,Gatorade,"Gatorade | Caitlin Clark - It is just getting started. She's already made history, but her story is just getting started.
Fuel up like Caitlin. Learn more at Gatorade.com",https://www.youtube.com/watch?v=3DEvm2LHKaM,Positive,27,9,14,50
C29zTTTNmu4,Gatorade | Paige Bueckers | Shine Your Light,"Adversity is the fuel that keeps Paige Bueckers going. If she can shine against all odds, you can too 🪣 x ⚡️",2024-03-29T13:02:18Z,606536,15,61.0,Gatorade,"Gatorade | Paige Bueckers | Shine Your Light Adversity is the fuel that keeps Paige Bueckers going. If she can shine against all odds, you can too 🪣 x ⚡️",https://www.youtube.com/watch?v=C29zTTTNmu4,Positive,10,2,2,14
QIxZAiKDDF0,GATORADE x DJ KHALED,"With the big game around the corner, @djkhaledofficial has an even bigger announcement to make. Go sign up for Gatorade iD on Gatorade.com to shop the exclusive capsule collab and collect the Gatorade x DJ Khaled hoodie, towel, and Gx Bottle available 2/8.",2024-01-31T13:55:24Z,1138109,32,46.0,Gatorade,"GATORADE x DJ KHALED With the big game around the corner, @djkhaledofficial has an even bigger announcement to make. Go sign up for Gatorade iD on Gatorade.com to shop the exclusive capsule collab and collect the Gatorade x DJ Khaled hoodie, towel, and Gx Bottle available 2/8.",https://www.youtube.com/watch?v=QIxZAiKDDF0,Negative,10,12,6,28
lZVTTRwzbGU,Gatorade | Caitlin Clark | You Can Too,"If Caitlin Clark can make it this big, you can too. Welcome to Team Gatorade, 
22! ⚡️🏀",2023-12-12T13:59:17Z,2206703,110,45.0,Gatorade,"Gatorade | Caitlin Clark | You Can Too If Caitlin Clark can make it this big, you can too. Welcome to Team Gatorade, 
22! ⚡️🏀",https://www.youtube.com/watch?v=lZVTTRwzbGU,Positive,63,11,20,94
tPqZZbDsdFk,Gatorade x @DamianLillard  Don’t Go Missing,"Damian Lillard aka DAME TIME himself, shares a very important message to help you come through in clutch moments.


Learn more about how Rehydrating, Replenishing and Refueling can keep you from going missing at Gatorade.com/fuel/hydration/gatorade-thirst-quencher/bottle/orange",2023-07-25T14:01:26Z,789634,305,31.0,Gatorade,"Gatorade x @DamianLillard  Don’t Go Missing Damian Lillard aka DAME TIME himself, shares a very important message to help you come through in clutch moments.


Learn more about how Rehydrating, Replenishing and Refueling can keep you from going missing at Gatorade.com/fuel/hydration/gatorade-thirst-quencher/bottle/orange",https://www.youtube.com/watch?v=tPqZZbDsdFk,Positive,51,25,24,100
c6Mwe-8nAo8,Issam Asinga: 2022-2023 Gatorade National Boys Track & Field Player of the Year,This Florida sprinter has been bringing heat and hard work to the track all year. Issam Asinga is the 2022-2023 Gatorade National Boys Track & Field Player of the Year!,2023-07-18T21:35:29Z,1098,9,59.0,Gatorade,Issam Asinga: 2022-2023 Gatorade National Boys Track & Field Player of the Year This Florida sprinter has been bringing heat and hard work to the track all year. Issam Asinga is the 2022-2023 Gatorade National Boys Track & Field Player of the Year!,https://www.youtube.com/watch?v=c6Mwe-8nAo8,Positive,4,1,1,6
Vziy24Y6IKI,Gatorade | The Way To Be Great featuring @eminem,"Greatness isn’t about what you’ve done… it’s about what you do next.

@eminem",2023-06-09T19:13:23Z,101153,165,31.0,Gatorade,"Gatorade | The Way To Be Great featuring @eminem Greatness isn’t about what you’ve done… it’s about what you do next.

@eminem",https://www.youtube.com/watch?v=Vziy24Y6IKI,Neutral,46,6,48,100
8fPNINHyGa8,Twinings Teashop - London Flagship Store,"https://www.twinings.co.uk/flagship

The oldest tea shop in London. Welcome to our 300 year old historical flagship store. Shop favourite Twinings blends, gifts and premium teas from around the world, sample new flavours at our state of the art Loose Tea Bar and sign up for a Masterclass with one of our expert Tea Ambassadors.

R. Twinings and Co Limited & The Twinings Museum
216 Strand
London WC2R 1AP",2017-05-18T14:04:32Z,37626,18,38.0,Twinings,"Twinings Teashop - London Flagship Store https://www.twinings.co.uk/flagship

The oldest tea shop in London. Welcome to our 300 year old historical flagship store. Shop favourite Twinings blends, gifts and premium teas from around the world, sample new flavours at our state of the art Loose Tea Bar and sign up for a Masterclass with one of our expert Tea Ambassadors.

R. Twinings and Co Limited & The Twinings Museum
216 Strand
London WC2R 1AP",https://www.youtube.com/watch?v=8fPNINHyGa8,Positive,10,2,2,14
6dV53gm3n3w,Your First Cup Deserves Twinings - Important Firsts Of The Day,"When you get a great start to the day you’re ready to take on anything the rest of the day throws at you! Let our lively English Strong Breakfast and golden English Breakfast teas kick start your day. We asked Xanthe Berkeley to share the important moments that get her day off to the best start. What are your morning must-haves?

www.twinings.co.uk - THE destination for anything TEA.",2016-09-20T09:14:00Z,9471,7,34.0,Twinings,"Your First Cup Deserves Twinings - Important Firsts Of The Day When you get a great start to the day you’re ready to take on anything the rest of the day throws at you! Let our lively English Strong Breakfast and golden English Breakfast teas kick start your day. We asked Xanthe Berkeley to share the important moments that get her day off to the best start. What are your morning must-haves?

www.twinings.co.uk - THE destination for anything TEA.",https://www.youtube.com/watch?v=6dV53gm3n3w,Neutral,2,0,4,6
_FFUAXnGFCg,"Costa Coffee welcomes travellers’ home with Love Actually star, Martine McCutcheon","Watch Martine McCutcheon, star of Love Actually, bring festive cheer to travellers returning home for Christmas!

Costa Coffee helped create a heartwarming welcome at Stansted Airport, complete with a gospel choir and joyful reunions. Martine revisited the iconic airport scene from Love Actually, celebrating the magic of those first moments when loved ones see each other again.

Research shows that nearly half (47%) of adults say spending time with family and friends lifts their spirits, and 86% agree Christmas is the perfect chance for a catch-up. This festive season, Costa Coffee is helping travellers experience that joy firsthand.

Celebrate the magic of coming home because the best part of Christmas is being together. Watch the heartwarming moment now!

 

#CostaCoffee #MartineMcCutcheon #LoveActually #ChristmasCatchup #MadeWithHeart #ChristmasSpirit #FestiveFeels #ComingHome #StanstedAirport #Christmas2025",2025-12-04T07:21:40Z,20031,30,108.0,Costa Coffee,"Costa Coffee welcomes travellers’ home with Love Actually star, Martine McCutcheon Watch Martine McCutcheon, star of Love Actually, bring festive cheer to travellers returning home for Christmas!

Costa Coffee helped create a heartwarming welcome at Stansted Airport, complete with a gospel choir and joyful reunions. Martine revisited the iconic airport scene from Love Actually, celebrating the magic of those first moments when loved ones see each other again.

Research shows that nearly half (47%) of adults say spending time with family and friends lifts their spirits, and 86% agree Christmas is the perfect chance for a catch-up. This festive season, Costa Coffee is helping travellers experience that joy firsthand.

Celebrate the magic of coming home because the best part of Christmas is being together. Watch the heartwarming moment now!

 

#CostaCoffee #MartineMcCutcheon #LoveActually #ChristmasCatchup #MadeWithHeart #ChristmasSpirit #FestiveFeels #ComingHome #StanstedAirport #Christmas2025",https://www.youtube.com/watch?v=_FFUAXnGFCg,Positive,16,6,5,27
e8ZekCPReDY,Introducing Costa Coffee Made with Heart | Delivery (60”),,2025-05-27T10:46:23Z,15009,25,60.0,Costa Coffee,Introducing Costa Coffee Made with Heart | Delivery (60”) ,https://www.youtube.com/watch?v=e8ZekCPReDY,Positive,13,5,2,20
kHxX5UBLXyk,Introducing Costa Coffee Made with Heart | Delivery,,2025-05-16T03:43:56Z,7090,24,30.0,Costa Coffee,Introducing Costa Coffee Made with Heart | Delivery ,https://www.youtube.com/watch?v=kHxX5UBLXyk,Negative,4,12,3,19
3cdrODXRBi4,Introducing Costa Coffee Made with Heart | University (60”),"16+. Costa Club app & membership required to gift/receive reward. Interface may differ. Only earned Costa Club ‘free drink rewards’ can be gifted. Participating GB stores. Handcrafted drinks to earn rewards. Validity period, excl. & T&Cs apply.",2025-05-16T03:43:51Z,90054,410,60.0,Costa Coffee,"Introducing Costa Coffee Made with Heart | University (60”) 16+. Costa Club app & membership required to gift/receive reward. Interface may differ. Only earned Costa Club ‘free drink rewards’ can be gifted. Participating GB stores. Handcrafted drinks to earn rewards. Validity period, excl. & T&Cs apply.",https://www.youtube.com/watch?v=3cdrODXRBi4,Positive,76,10,14,100
1548bvhRSBk,Costa X – the new B2B proposition of Costa Coffee launched at #HostMilano,"Costa X, the new B2B proposition of Costa Coffee launched at #HostMilano event in October 2023. Costa X aims to provide bespoke coffee solutions to businesses of any size. Fuelled with five decades of coffee expertise and backed by the scale of the Coca Cola Company, Costa X is set to revolutionise how and where barista-quality coffee can be served. Whether you’re a large hotel brand, a small restaurant group, a travel hub or workplace, Costa X offers bespoke end-to-end coffee solutions with cutting-edge coffee machines, accessories, operations and maintenance support and activation materials to tailor to your specific coffee needs.",2023-11-06T09:04:18Z,4899,9,28.0,Costa Coffee,"Costa X – the new B2B proposition of Costa Coffee launched at #HostMilano Costa X, the new B2B proposition of Costa Coffee launched at #HostMilano event in October 2023. Costa X aims to provide bespoke coffee solutions to businesses of any size. Fuelled with five decades of coffee expertise and backed by the scale of the Coca Cola Company, Costa X is set to revolutionise how and where barista-quality coffee can be served. Whether you’re a large hotel brand, a small restaurant group, a travel hub or workplace, Costa X offers bespoke end-to-end coffee solutions with cutting-edge coffee machines, accessories, operations and maintenance support and activation materials to tailor to your specific coffee needs.",https://www.youtube.com/watch?v=1548bvhRSBk,Negative,2,5,2,9
7m2Lj0um670,Celebrating 13 Years of Rainforest Alliance Partnership,"As we celebrate our 50th year, we're also celebrating great partnerships. This includes 13 years of sourcing 100% of our coffee and cocoa from Rainforest Alliance Certified farms.

Read more here: www.rainforest-alliance.org",2021-02-17T16:29:44Z,7937,7,31.0,Costa Coffee,"Celebrating 13 Years of Rainforest Alliance Partnership As we celebrate our 50th year, we're also celebrating great partnerships. This includes 13 years of sourcing 100% of our coffee and cocoa from Rainforest Alliance Certified farms.

Read more here: www.rainforest-alliance.org",https://www.youtube.com/watch?v=7m2Lj0um670,Positive,1,0,1,2
ma_vUzkBvuI,getting a good night’s sleep before festival szn 💤,"The syrups are ready to stir things up on the festival grounds 🌴🌸

festival season, palm springs, festival food, desert music festival",2026-04-09T17:00:55Z,2674960,110,7.0,IHOP,"getting a good night’s sleep before festival szn 💤 The syrups are ready to stir things up on the festival grounds 🌴🌸

festival season, palm springs, festival food, desert music festival",https://www.youtube.com/watch?v=ma_vUzkBvuI,Positive,40,4,19,63
6VIpxQMOmiU,"Happy Father's Day, Dads",What do you love most about YOUR dad? ‪#‎HappyFathersDay‬,2016-06-19T16:54:54Z,17108,19,86.0,Applebee's Grill & Bar,"Happy Father's Day, Dads What do you love most about YOUR dad? ‪#‎HappyFathersDay‬",https://www.youtube.com/watch?v=6VIpxQMOmiU,Neutral,2,2,10,14
vHUSO9zEtUo,Chili's | Awesome Blossom | Name,"The Chili’s Awesome Blossom is back... sort of! Head into the new Chili’s Scranton Branch on April 7th and live it up like it’s 2005 - with, a legendary Awesome Blossom. They’re back - only at Chili’s Scranton.",2025-03-26T12:01:21Z,17517,27,18.0,Chili's Grill & Bar,"Chili's | Awesome Blossom | Name The Chili’s Awesome Blossom is back... sort of! Head into the new Chili’s Scranton Branch on April 7th and live it up like it’s 2005 - with, a legendary Awesome Blossom. They’re back - only at Chili’s Scranton.",https://www.youtube.com/watch?v=vHUSO9zEtUo,Negative,6,9,4,19
WtKVNUsHvvg,Chili's | Awesome Blossom | How Many,"The Chili’s Awesome Blossom is back... sort of! Head into the new Chili’s Scranton Branch on April 7th and live it up like it’s 2005 - with, a legendary Awesome Blossom. They’re back - only at Chili’s Scranton.",2025-03-26T12:00:46Z,15033,7,24.0,Chili's Grill & Bar,"Chili's | Awesome Blossom | How Many The Chili’s Awesome Blossom is back... sort of! Head into the new Chili’s Scranton Branch on April 7th and live it up like it’s 2005 - with, a legendary Awesome Blossom. They’re back - only at Chili’s Scranton.",https://www.youtube.com/watch?v=WtKVNUsHvvg,Positive,4,1,2,7
X5aVApc5-H8,Chili's | Scranton Branch | Full,"The Chili’s Scranton Branch Opens April 7th! So, grab some friends from your Scranton workplace and head in for an Awesome Blossom – ONLY available at Chili’s Scranton Branch.",2025-03-26T12:00:43Z,108852,10,49.0,Chili's Grill & Bar,"Chili's | Scranton Branch | Full The Chili’s Scranton Branch Opens April 7th! So, grab some friends from your Scranton workplace and head in for an Awesome Blossom – ONLY available at Chili’s Scranton Branch.",https://www.youtube.com/watch?v=X5aVApc5-H8,Positive,8,0,2,10
veDIclJsZXg,Chili's | Ride the ‘Dente | :30s,"Don’t just order a Chili’s Presidente Margarita - tell ‘em you’re ready to Ride The ‘Dente. If they look at you funny, make sure you’re in a Chili’s. If not, go to a Chili’s and try again. Must be 21+ to Ride the ‘Dente.",2025-02-11T13:45:05Z,5628896,25,31.0,Chili's Grill & Bar,"Chili's | Ride the ‘Dente | :30s Don’t just order a Chili’s Presidente Margarita - tell ‘em you’re ready to Ride The ‘Dente. If they look at you funny, make sure you’re in a Chili’s. If not, go to a Chili’s and try again. Must be 21+ to Ride the ‘Dente.",https://www.youtube.com/watch?v=veDIclJsZXg,Positive,8,4,5,17
OcrbIfjEpPo,Chili's | Burger Time Trailer,"NO PURCHASE NECESSARY. 

Open to legal residents of the 50 U.S. and DC, who are at least 18 years old as of date of Game Play. Begins 9:00 AM ET on 6/25/24; ends 11:59:59 PM ET on 7/14/24. Void where prohibited. 

For Official Rules, prize descriptions and eligibility, visit chilisburgertime.com. Sponsor: Brinker International Payroll Company, L.P., 3000 Olympus Blvd., Dallas, TX 75019.",2024-06-25T12:59:18Z,1078140,21,31.0,Chili's Grill & Bar,"Chili's | Burger Time Trailer NO PURCHASE NECESSARY. 

Open to legal residents of the 50 U.S. and DC, who are at least 18 years old as of date of Game Play. Begins 9:00 AM ET on 6/25/24; ends 11:59:59 PM ET on 7/14/24. Void where prohibited. 

For Official Rules, prize descriptions and eligibility, visit chilisburgertime.com. Sponsor: Brinker International Payroll Company, L.P., 3000 Olympus Blvd., Dallas, TX 75019.",https://www.youtube.com/watch?v=OcrbIfjEpPo,Positive,7,2,7,16
JX76-uiFvSE,Chili's | ChiliHead Voice Full Episode,,2018-05-23T18:04:30Z,13041,9,221.0,Chili's Grill & Bar,Chili's | ChiliHead Voice Full Episode ,https://www.youtube.com/watch?v=JX76-uiFvSE,Positive,5,0,4,9
F4gIe3Oo_mI,Great Place to Work,"When you are a ChiliHead, you are family. Connecting with each other, our Guests, and our communities is part of our DNA. And we have fun doing it. Be part of what’s trending at #TodaysChilis!",2016-02-16T17:29:35Z,8021,16,56.0,Chili's Grill & Bar,"Great Place to Work When you are a ChiliHead, you are family. Connecting with each other, our Guests, and our communities is part of our DNA. And we have fun doing it. Be part of what’s trending at #TodaysChilis!",https://www.youtube.com/watch?v=F4gIe3Oo_mI,Negative,3,8,2,13
Lp5EnUa89oQ,Outback Steakhouse // Steak-cation,"When you start wishing Dad was steak, it’s time for a Steak-cation. Embark on a sizzling adventure with our irresistibly juicy, smoky, and sometimes bourbon-y NEW steak favorites. Starting at 14.99 for a limited time.",2025-01-03T21:40:10Z,32487,92,31.0,Outback Steakhouse,"Outback Steakhouse // Steak-cation When you start wishing Dad was steak, it’s time for a Steak-cation. Embark on a sizzling adventure with our irresistibly juicy, smoky, and sometimes bourbon-y NEW steak favorites. Starting at 14.99 for a limited time.",https://www.youtube.com/watch?v=Lp5EnUa89oQ,Positive,23,17,12,52
phuNR4N7KoA,Outback Steakhouse || The New Outback App,"Give your phone an upgrade by adding a Steak Button to it! Download the new, redesigned Outback App today!",2021-08-31T14:22:08Z,1410127,9,11.0,Outback Steakhouse,"Outback Steakhouse || The New Outback App Give your phone an upgrade by adding a Steak Button to it! Download the new, redesigned Outback App today!",https://www.youtube.com/watch?v=phuNR4N7KoA,Positive,3,0,2,5
fveNHqcnUoM,Order Up!,"Breadsticks, pasta and all your favorites. OG Delivery to the rescue!",2025-12-29T20:23:17Z,24795482,107,13.0,Olive Garden,"Order Up! Breadsticks, pasta and all your favorites. OG Delivery to the rescue!",https://www.youtube.com/watch?v=fveNHqcnUoM,Neutral,33,19,41,93
ELFlyjkDvr8,Ready to Create Your Own Pasta?,"Choose your perfect combination of pasta and made-from-scratch sauce with Create Your Own Pasta. And of course, it all comes with our never-ending buttery breadsticks, homemade soup, or garden-fresh salad. All starting at just $12.99.",2024-06-03T14:24:18Z,260218,13,15.0,Olive Garden,"Ready to Create Your Own Pasta? Choose your perfect combination of pasta and made-from-scratch sauce with Create Your Own Pasta. And of course, it all comes with our never-ending buttery breadsticks, homemade soup, or garden-fresh salad. All starting at just $12.99.",https://www.youtube.com/watch?v=ELFlyjkDvr8,Positive,4,3,2,9
8Z8y_ZweDw0,Lasagna made with more of what you love,"At Olive Garden, we don’t take our lasagna lightly. With layers upon layers baked to perfection, it’s almost too much for Garfield to handle... even when it’s just on TV. See The Garfield Movie exclusively in theaters this May.",2024-05-03T13:15:12Z,176600,16,11.0,Olive Garden,"Lasagna made with more of what you love At Olive Garden, we don’t take our lasagna lightly. With layers upon layers baked to perfection, it’s almost too much for Garfield to handle... even when it’s just on TV. See The Garfield Movie exclusively in theaters this May.",https://www.youtube.com/watch?v=8Z8y_ZweDw0,Positive,10,1,4,15
mpfc7QjDCfU,Olive Garden Careers: Our Restaurant Leaders,"See what it's like working at Olive Garden. Find an Olive Garden application at http://www.olivegarden.com/careers.

When you work at Olive Garden, you're family. At Olive Garden, you have the opportunity for career growth and development. Hear directly from Olive Garden Restaurant Leaders about their career journey and the great benefits along the way.",2018-11-19T13:55:03Z,11740,12,68.0,Olive Garden,"Olive Garden Careers: Our Restaurant Leaders See what it's like working at Olive Garden. Find an Olive Garden application at http://www.olivegarden.com/careers.

When you work at Olive Garden, you're family. At Olive Garden, you have the opportunity for career growth and development. Hear directly from Olive Garden Restaurant Leaders about their career journey and the great benefits along the way.",https://www.youtube.com/watch?v=mpfc7QjDCfU,Neutral,0,3,6,9
QULVl3wpc5A,Meet Don,"At Olive Garden, our soup and sauce masters craft their dishes by hand and from scratch. Check out their stories here. Because they know cooking that way – the Italian way- everything tastes better. It’s that simple. And in this video, they’ll tell their stories first hand, and how they add pride and passion to everything they make.",2016-11-03T22:36:07Z,23981,15,72.0,Olive Garden,"Meet Don At Olive Garden, our soup and sauce masters craft their dishes by hand and from scratch. Check out their stories here. Because they know cooking that way – the Italian way- everything tastes better. It’s that simple. And in this video, they’ll tell their stories first hand, and how they add pride and passion to everything they make.",https://www.youtube.com/watch?v=QULVl3wpc5A,Neutral,2,2,0,4
YRr1b7lEVhQ,"Made by hand, and with heart, every day.","At Olive Garden, our soup and sauce masters craft their dishes by hand and from scratch. Check out their stories here. Because they know cooking that way – the Italian way- everything tastes better. It’s that simple. And in this video, they’ll tell their stories first hand, and how they add pride and passion to everything they make.",2016-11-03T22:35:43Z,4238001,32,78.0,Olive Garden,"Made by hand, and with heart, every day. At Olive Garden, our soup and sauce masters craft their dishes by hand and from scratch. Check out their stories here. Because they know cooking that way – the Italian way- everything tastes better. It’s that simple. And in this video, they’ll tell their stories first hand, and how they add pride and passion to everything they make.",https://www.youtube.com/watch?v=YRr1b7lEVhQ,Neutral,5,1,10,16
x8IcPYrBt_E,Meet Carlos,"At Olive Garden, our soup and sauce masters craft their dishes by hand and from scratch. Check out their stories here. Because they know cooking that way – the Italian way- everything tastes better. It’s that simple. And in this video, they’ll tell their stories first hand, and how they add pride and passion to everything they make.",2016-11-03T22:35:37Z,35655,14,70.0,Olive Garden,"Meet Carlos At Olive Garden, our soup and sauce masters craft their dishes by hand and from scratch. Check out their stories here. Because they know cooking that way – the Italian way- everything tastes better. It’s that simple. And in this video, they’ll tell their stories first hand, and how they add pride and passion to everything they make.",https://www.youtube.com/watch?v=x8IcPYrBt_E,Positive,5,3,1,9
At7qviZYkB8,Why I Love Working for Olive Garden!,"See what it's like working at Olive Garden. Learn more about job descriptions and apply at http://www.olivegarden.com/careers.
 
When you work at Olive Garden, you're family. See the family-oriented culture that supports team members through all stages of their careers. Hear directly from team members and Restaurant Leaders about why they love to work for Olive Garden.",2016-08-22T21:47:07Z,88011,22,95.0,Olive Garden,"Why I Love Working for Olive Garden! See what it's like working at Olive Garden. Learn more about job descriptions and apply at http://www.olivegarden.com/careers.
 
When you work at Olive Garden, you're family. See the family-oriented culture that supports team members through all stages of their careers. Hear directly from team members and Restaurant Leaders about why they love to work for Olive Garden.",https://www.youtube.com/watch?v=At7qviZYkB8,Neutral,4,3,7,14
iA0hh3w_4fY,Olive Garden on Late Night with Jimmy Fallon (aired 06/13/13),"Olive Garden officially welcomes Jimmy Fallon and his fans into the family by sharing its former tagline ""When You're Here, You're Family.",2013-06-14T13:48:54Z,23505,14,239.0,Olive Garden,"Olive Garden on Late Night with Jimmy Fallon (aired 06/13/13) Olive Garden officially welcomes Jimmy Fallon and his fans into the family by sharing its former tagline ""When You're Here, You're Family.",https://www.youtube.com/watch?v=iA0hh3w_4fY,Positive,7,0,7,14
gO7LNJXT4_I,Ghirardelli Celebrates National Peppermint Bark Day,"This year marks the 20th anniversary of seasonal fan favorite Ghirardelli Peppermint Bark SQUARES. To celebrate, we gathered strangers from all over New York City to spread the holiday spirit on National Peppermint Bark Day.

Follow us at https://instagram.com/ghirardelli!

#PeppermintBarkSeason",2024-12-04T04:22:44Z,4497,13,73.0,Ghirardelli,"Ghirardelli Celebrates National Peppermint Bark Day This year marks the 20th anniversary of seasonal fan favorite Ghirardelli Peppermint Bark SQUARES. To celebrate, we gathered strangers from all over New York City to spread the holiday spirit on National Peppermint Bark Day.

Follow us at https://instagram.com/ghirardelli!

#PeppermintBarkSeason",https://www.youtube.com/watch?v=gO7LNJXT4_I,Positive,10,0,2,12
s31bvFurK1E,Ghirardelli Makes Cookies A BITE BETTER™,"When Ghirardelli makes cookies this irresistible, dessert is simply unskippable.

Ghirardelli 60% Bittersweet Chocolate Chips are made with the highest quality ingredients, resulting in the best tasting chocolate for all of your favorite recipes. #GhirardelliBaking #aBiteBetter


https://www.ghirardelli.com",2024-08-01T08:00:29Z,42361419,23,16.0,Ghirardelli,"Ghirardelli Makes Cookies A BITE BETTER™ When Ghirardelli makes cookies this irresistible, dessert is simply unskippable.

Ghirardelli 60% Bittersweet Chocolate Chips are made with the highest quality ingredients, resulting in the best tasting chocolate for all of your favorite recipes. #GhirardelliBaking #aBiteBetter


https://www.ghirardelli.com",https://www.youtube.com/watch?v=s31bvFurK1E,Neutral,7,0,10,17
TC0zfXXiZyg,Ghirardelli Classic Chocolate Chip Cookies,"Bake some holiday cheer into your treats this year with Ghirardelli 60% Bittersweet Chocolate Chips! These decadent Chocolate Chip Cookies use Ghirardelli quality chocolate to elevate this classic cookie. They’re perfect for enjoying at home or sending to loved ones near and far! #GhirardelliBaking #aBiteBetter
Full recipe here: https://www.ghirardelli.com/chocolate-chip-cookies-rec1016-p",2020-11-03T03:08:06Z,7271602,17,42.0,Ghirardelli,"Ghirardelli Classic Chocolate Chip Cookies Bake some holiday cheer into your treats this year with Ghirardelli 60% Bittersweet Chocolate Chips! These decadent Chocolate Chip Cookies use Ghirardelli quality chocolate to elevate this classic cookie. They’re perfect for enjoying at home or sending to loved ones near and far! #GhirardelliBaking #aBiteBetter
Full recipe here: https://www.ghirardelli.com/chocolate-chip-cookies-rec1016-p",https://www.youtube.com/watch?v=TC0zfXXiZyg,Positive,7,0,3,10
m2vqu9rLRxQ,Ghirardelli One-Bowl Flourless Brownies,"Celebrate the season with Ghirardelli One-Bowl Flourless Brownies! Made with Ghirardelli 60% Bittersweet Chocolate Chips, it's a simple and indulgent recipe that you can enjoy at home or send to your loved ones! #GhirardelliBaking #aBiteBetter
Full recipe here: https://www.ghirardelli.com/Ghirardelli-One-Bowl-Flourless-Brownies",2020-11-03T02:48:25Z,12809149,12,43.0,Ghirardelli,"Ghirardelli One-Bowl Flourless Brownies Celebrate the season with Ghirardelli One-Bowl Flourless Brownies! Made with Ghirardelli 60% Bittersweet Chocolate Chips, it's a simple and indulgent recipe that you can enjoy at home or send to your loved ones! #GhirardelliBaking #aBiteBetter
Full recipe here: https://www.ghirardelli.com/Ghirardelli-One-Bowl-Flourless-Brownies",https://www.youtube.com/watch?v=m2vqu9rLRxQ,Neutral,2,1,6,9
fxaFOrGWugA,Cadbury Silk At The Museum,"It’s all about finding a way to come closer…🫶🏻 
#HowFarWillYouGoForLove",2025-06-20T04:55:46Z,69946011,311,45.0,Cadbury Silk,"Cadbury Silk At The Museum It’s all about finding a way to come closer…🫶🏻 
#HowFarWillYouGoForLove",https://www.youtube.com/watch?v=fxaFOrGWugA,Neutral,31,11,58,100
YR7oNi6YFec,"This Valentine's Day, #SayItWithSilk","We all know them as stars, but now meet them, as really cute lovers!  Hear your favourite couples talk about how they make each other’s hearts pop.🥰

This Valentine’s, don’t hold back, #SayItWithSilk 💜

Warning: prepare for major “awww” moments ahead.",2025-02-12T15:55:49Z,26466,8,131.0,Cadbury Silk,"This Valentine's Day, #SayItWithSilk We all know them as stars, but now meet them, as really cute lovers!  Hear your favourite couples talk about how they make each other’s hearts pop.🥰

This Valentine’s, don’t hold back, #SayItWithSilk 💜

Warning: prepare for major “awww” moments ahead.",https://www.youtube.com/watch?v=YR7oNi6YFec,Positive,4,1,2,7
ZPGHdKqjF_Q,Fall in Love with the New Cadbury Silk Desserts,"It’s rich. It’s gooey. It’s finally here. Dig in, to give in. #CadburySilkDesserts",2024-08-01T03:42:23Z,101494,13,45.0,Cadbury Silk,"Fall in Love with the New Cadbury Silk Desserts It’s rich. It’s gooey. It’s finally here. Dig in, to give in. #CadburySilkDesserts",https://www.youtube.com/watch?v=ZPGHdKqjF_Q,Positive,9,2,1,12
KcVTXZeCM7g,Fall in Love with the New Cadbury Silk Desserts,"It’s rich. It’s gooey. It’s finally here. Dig in, to give in. #CadburySilkDesserts",2024-08-01T03:12:24Z,77292532,452,45.0,Cadbury Silk,"Fall in Love with the New Cadbury Silk Desserts It’s rich. It’s gooey. It’s finally here. Dig in, to give in. #CadburySilkDesserts",https://www.youtube.com/watch?v=KcVTXZeCM7g,Positive,50,15,35,100
vH6uUT_OCvI,Cadbury Silk Valentine's Day - #TheStoryOfUs,"Love is all about the little things, those small unforgettable moments you share with your partner, right? 
This Valentine’s Day, to celebrate love, Cadbury Silk presents #TheStoryOfUs; where you can recreate the special moments of your love story in an animated video, crafted by the film director Zoya Akhtar and powered by AI. Doesn’t this make the perfect gift for your valentine?
So, scan a Silk pack, share your moments and create your #TheStoryOfUs and cherish all your love moments in a film!",2024-02-08T08:43:34Z,54127,43,126.0,Cadbury Silk,"Cadbury Silk Valentine's Day - #TheStoryOfUs Love is all about the little things, those small unforgettable moments you share with your partner, right? 
This Valentine’s Day, to celebrate love, Cadbury Silk presents #TheStoryOfUs; where you can recreate the special moments of your love story in an animated video, crafted by the film director Zoya Akhtar and powered by AI. Doesn’t this make the perfect gift for your valentine?
So, scan a Silk pack, share your moments and create your #TheStoryOfUs and cherish all your love moments in a film!",https://www.youtube.com/watch?v=vH6uUT_OCvI,Positive,9,4,9,22
8FMhNiKYdOw,Cadbury Silk – Your Special Moments. Crafted by Zoya. Powered by AI.,"Ultimately, it’s about the small moments with bae, isn’t it? Full of feels, full of love. 🥰
This Valentine’s Day, craft your love story in AI. #TheStoryOfUs.",2024-01-28T07:07:43Z,24257439,86,45.0,Cadbury Silk,"Cadbury Silk – Your Special Moments. Crafted by Zoya. Powered by AI. Ultimately, it’s about the small moments with bae, isn’t it? Full of feels, full of love. 🥰
This Valentine’s Day, craft your love story in AI. #TheStoryOfUs.",https://www.youtube.com/watch?v=8FMhNiKYdOw,Neutral,11,6,18,35
BJ03yU_hvoY,Cadbury Silk Valentine's Day - Unforgettable Love Tips,"What makes Valentine's Day truly unforgettable? Is it the super-unique gifts or the most amazing dates ? Of course it's all those things. But it’s also about what makes love so precious - respecting consent and boundaries. It’s the acceptance that only healthy love is true love. Come join us in turning this Valentine’s Day into a day of healthy love. Have the most unforgettable and safe Valentine's Day ever!
.
#SilkUnforgettableLoveTips #CadburySilk #ValentinesDay",2023-02-10T16:32:32Z,28926,8,126.0,Cadbury Silk,"Cadbury Silk Valentine's Day - Unforgettable Love Tips What makes Valentine's Day truly unforgettable? Is it the super-unique gifts or the most amazing dates ? Of course it's all those things. But it’s also about what makes love so precious - respecting consent and boundaries. It’s the acceptance that only healthy love is true love. Come join us in turning this Valentine’s Day into a day of healthy love. Have the most unforgettable and safe Valentine's Day ever!
.
#SilkUnforgettableLoveTips #CadburySilk #ValentinesDay",https://www.youtube.com/watch?v=BJ03yU_hvoY,Neutral,2,1,4,7
I906o8ULERE,Scan a Silk for Unforgettable Music Ideas,"Armaan Malik and Cadbury Silk have put together the most musical love tips for Valentine’s Day. Just scan a Silk to explore.
Cadburysilk.com
#SilkUnforgettableLoveTips #HowFarWillYouGoForLove?",2023-02-02T11:34:39Z,12704,7,11.0,Cadbury Silk,"Scan a Silk for Unforgettable Music Ideas Armaan Malik and Cadbury Silk have put together the most musical love tips for Valentine’s Day. Just scan a Silk to explore.
Cadburysilk.com
#SilkUnforgettableLoveTips #HowFarWillYouGoForLove?",https://www.youtube.com/watch?v=I906o8ULERE,Positive,4,0,3,7
Pu_3ApYzGWs,An Unforgettable Valentine's Day Gift,"This Valentine's Day, how far will you go for love? For more adorable ideas and unforgettable love tips, just scan the QR code on the Silk pack. 
cadburysilk.com
#UnforgettableLoveTips #HowFarWillYouGoForLove?",2023-01-27T06:03:48Z,15310616,499,30.0,Cadbury Silk,"An Unforgettable Valentine's Day Gift This Valentine's Day, how far will you go for love? For more adorable ideas and unforgettable love tips, just scan the QR code on the Silk pack. 
cadburysilk.com
#UnforgettableLoveTips #HowFarWillYouGoForLove?",https://www.youtube.com/watch?v=Pu_3ApYzGWs,Neutral,28,15,57,100
tADXlHPC3IM,Timeless Love,Love makes us do impossible things! How far will you go for love? #SforLove #Howfarwillyougoforlove #CadburySilk,2022-11-02T05:26:58Z,14997448,519,40.0,Cadbury Silk,Timeless Love Love makes us do impossible things! How far will you go for love? #SforLove #Howfarwillyougoforlove #CadburySilk,https://www.youtube.com/watch?v=tADXlHPC3IM,Neutral,37,9,54,100
lOsRB9s6d3M,Love v/s Time! Who will win?,"We're adding a new romantic gesture to our list of swoon-worthy acts. 
How far will you go for love? #SforLove #Howfarwillyougoforlove #CadburySilk",2022-11-01T08:06:57Z,15506515,243,60.0,Cadbury Silk,"Love v/s Time! Who will win? We're adding a new romantic gesture to our list of swoon-worthy acts. 
How far will you go for love? #SforLove #Howfarwillyougoforlove #CadburySilk",https://www.youtube.com/watch?v=lOsRB9s6d3M,Positive,59,6,35,100
kN9uRsixdAw,The new dessert to share is love's new look,"Silk has a new look! So foodies, get ready to melt into a whole lot of love.
#SForLove",2022-10-01T11:06:09Z,816285,7,13.0,Cadbury Silk,"The new dessert to share is love's new look Silk has a new look! So foodies, get ready to melt into a whole lot of love.
#SForLove",https://www.youtube.com/watch?v=kN9uRsixdAw,Positive,6,1,0,7
mBNBsZdMm-s,Cadbury | Yours Always | Birthday,There's always been a glass and a half in everyone.,2024-01-15T10:36:17Z,9553992,247,30.0,Cadbury,Cadbury | Yours Always | Birthday There's always been a glass and a half in everyone.,https://www.youtube.com/watch?v=mBNBsZdMm-s,Positive,37,33,30,100
8doARrlLbiI,Cadbury Secret Santa Postal Service,"What if you could send a free chocolate bar, in secret, to someone special? What if you could do it from a poster? Look out for a Cadbury Postal Service near you…",2023-11-10T14:47:33Z,4402283,134,30.0,Cadbury,"Cadbury Secret Santa Postal Service What if you could send a free chocolate bar, in secret, to someone special? What if you could do it from a poster? Look out for a Cadbury Postal Service near you…",https://www.youtube.com/watch?v=8doARrlLbiI,Neutral,11,21,25,57
IeXg8cX4kro,Cadbury Pots of Joy- Spoonable,"Cadbury Pots of Joy are delicious smooth chocolate desserts that are like Cadbury Dairy Milk, but Spoonable.",2023-07-14T13:31:49Z,31926,21,6.0,Cadbury,"Cadbury Pots of Joy- Spoonable Cadbury Pots of Joy are delicious smooth chocolate desserts that are like Cadbury Dairy Milk, but Spoonable.",https://www.youtube.com/watch?v=IeXg8cX4kro,Positive,9,4,3,16
fHO2arEgxx0,"RAISINS, BUT ACTUALLY TASTY | CADBURY BRUNCH RAISIN",Raisins but actually tasty.,2023-04-24T11:38:43Z,1377288,136,24.0,Cadbury,"RAISINS, BUT ACTUALLY TASTY | CADBURY BRUNCH RAISIN Raisins but actually tasty.",https://www.youtube.com/watch?v=fHO2arEgxx0,Negative,13,34,28,75
BLA_OEZdy70,"OATS, BUT ACTUALLY TASTY | CADBURY BRUNCH OATS",Oats but actually tasty.,2023-04-24T11:38:06Z,1241122,65,24.0,Cadbury,"OATS, BUT ACTUALLY TASTY | CADBURY BRUNCH OATS Oats but actually tasty.",https://www.youtube.com/watch?v=BLA_OEZdy70,Negative,14,21,9,44
PM7Kd-hgK1g,Become A Supporter & A Half,"Buy a Cadbury product & support grassroots women’s football.
See in-store for details or visit www.womensfootball.cadbury.ie",2023-04-06T07:44:30Z,5121,9,30.0,Cadbury,"Become A Supporter & A Half Buy a Cadbury product & support grassroots women’s football.
See in-store for details or visit www.womensfootball.cadbury.ie",https://www.youtube.com/watch?v=PM7Kd-hgK1g,Neutral,3,2,4,9
BI8--KAf3Rk,Become A Supporter & A Half,"Buy a Cadbury product & support grassroots women’s football.
See in-store for details or visit www.womensfootball.cadbury.ie",2023-04-06T07:39:49Z,6303,11,31.0,Cadbury,"Become A Supporter & A Half Buy a Cadbury product & support grassroots women’s football.
See in-store for details or visit www.womensfootball.cadbury.ie",https://www.youtube.com/watch?v=BI8--KAf3Rk,Neutral,1,1,6,8
SMRRW1vUP3M,Join the Cadbury Worldwide Hide,"What if you could hide an Easter egg anywhere in the world for someone you love? Well, you can. Join the Cadbury Worldwide Hide today.",2023-03-20T16:03:49Z,38407,10,32.0,Cadbury,"Join the Cadbury Worldwide Hide What if you could hide an Easter egg anywhere in the world for someone you love? Well, you can. Join the Cadbury Worldwide Hide today.",https://www.youtube.com/watch?v=SMRRW1vUP3M,Neutral,3,1,5,9
RE9nuNbkIpc,Be a Cadbury St. Patrick’s Daymaker & make someone else's,St. Patrick’s Day is all about celebrating Irishness and generosity. That’s where Cadbury’s new tradition of St. Patrick’s Daymaking comes in. What could be more Irish than making someone’s day?,2023-02-17T09:00:13Z,8760,7,7.0,Cadbury,Be a Cadbury St. Patrick’s Daymaker & make someone else's St. Patrick’s Day is all about celebrating Irishness and generosity. That’s where Cadbury’s new tradition of St. Patrick’s Daymaking comes in. What could be more Irish than making someone’s day?,https://www.youtube.com/watch?v=RE9nuNbkIpc,Negative,0,3,3,6
kS2sIXrtX_8,Planters Snack Parade - Boardroom,"Planters Snack Parade through boardroom. 

https://www.facebook.com/MrPeanutUK/  @MrPeanutUK
http://www.heinz.co.uk/Products/Planters",2017-01-06T12:54:27Z,2186927,26,10.0,Planters UK,"Planters Snack Parade - Boardroom Planters Snack Parade through boardroom. 

https://www.facebook.com/MrPeanutUK/  @MrPeanutUK
http://www.heinz.co.uk/Products/Planters",https://www.youtube.com/watch?v=kS2sIXrtX_8,Positive,8,7,6,21
pDVHlusDFA0,Planters Snack Parade - Lounge,"Planters snack parade through lounge.

https://www.facebook.com/MrPeanutUK/  @MrPeanutUK
http://www.heinz.co.uk/Products/Planters",2017-01-06T12:54:07Z,2233013,21,10.0,Planters UK,"Planters Snack Parade - Lounge Planters snack parade through lounge.

https://www.facebook.com/MrPeanutUK/  @MrPeanutUK
http://www.heinz.co.uk/Products/Planters",https://www.youtube.com/watch?v=pDVHlusDFA0,Neutral,6,2,8,16
BoBfxXJC434,Planters Snack Parade,"Planters Parade through boardroom, lounge and park.

https://www.facebook.com/MrPeanutUK/  @MrPeanutUK
http://www.heinz.co.uk/Products/Planters",2017-01-06T12:53:33Z,4337522,125,30.0,Planters UK,"Planters Snack Parade Planters Parade through boardroom, lounge and park.

https://www.facebook.com/MrPeanutUK/  @MrPeanutUK
http://www.heinz.co.uk/Products/Planters",https://www.youtube.com/watch?v=BoBfxXJC434,Neutral,30,20,39,89
e3BInUmT1CQ,Mr Peanut's #NUTWATCH - Friday. 3PM!,"I'm getting ready! Follow me on Facebook for the big reveal…
#NUTWATCH. FRIDAY. 3PM.
https://www.facebook.com/MrPeanutUK/ @MrPeanutUK",2016-10-13T07:19:47Z,924590,8,32.0,Planters UK,"Mr Peanut's #NUTWATCH - Friday. 3PM! I'm getting ready! Follow me on Facebook for the big reveal…
#NUTWATCH. FRIDAY. 3PM.
https://www.facebook.com/MrPeanutUK/ @MrPeanutUK",https://www.youtube.com/watch?v=e3BInUmT1CQ,Positive,2,1,2,5
E9mdvWluL7I,Blue Diamond Crave Victoriously (Commercial Series),Don't deny your cravings. Eat them. All the flavors you crave...in a superfood. Crave Victoriously.,2018-03-29T01:00:28Z,9158,7,58.0,Blue Diamond Almonds,Blue Diamond Crave Victoriously (Commercial Series) Don't deny your cravings. Eat them. All the flavors you crave...in a superfood. Crave Victoriously.,https://www.youtube.com/watch?v=E9mdvWluL7I,Neutral,1,2,4,7
N0CwNvm217A,THE Original Rice Krispies Cereal Treats Recipe,"Looking for the best homemade Rice Krispies Treats recipe? You’ve found it! Nothing beats the ooey gooey goodness of a homemade Kellogg’s Rice Krispies treat! 
This video shows you how to make the classic Original Rice Krispies Treats using just 3 simple ingredients: marshmallows, butter, and Kellogg’s® Rice Krispies® cereal.

✅ Quick & Easy
✅ No-Bake Dessert
✅ Perfect for Kids, Parties & Holidays

📋 Ingredients:
• ¼ cup butter or margarine
• 5 cups miniature or 40 regular marshmallows
• 6 cups Kellogg’s® Rice Krispies® cereal

👨‍🍳 Instructions:
1. Melt butter in a large saucepan over low heat.
2. Add marshmallows and stir until completely melted.
3. Remove from heat and mix in Kellogg’s® Rice Krispies® cereal. Stir until well coated.
4. Using buttered spatula, press into a greased 13” x 9” pan. Let cool.
5. Cut, serve, and enjoy!

✨ Whether you're making these for a bake sale, a family gathering, or just a nostalgic snack, this original Rice Krispies Treats recipe is a guaranteed crowd-pleaser.

🎥 Watch now to learn how to make THE Original Rice Krispies Treats step by step!
🔔 Subscribe for more easy dessert recipes, snack ideas, and classic treats!
🔗 Discover more no-bake dessert recipes at: http://ricekrispies.us
© 2025 WK Kellogg NA LLC

#RiceKrispiesTreats #NoBakeDessert #EasyRecipes #ClassicSnacks #HomemadeTreats #MarshmallowBars #RiceKrispiesRecipe",2025-04-22T14:42:22Z,103516,38,29.0,Rice Krispies,"THE Original Rice Krispies Cereal Treats Recipe Looking for the best homemade Rice Krispies Treats recipe? You’ve found it! Nothing beats the ooey gooey goodness of a homemade Kellogg’s Rice Krispies treat! 
This video shows you how to make the classic Original Rice Krispies Treats using just 3 simple ingredients: marshmallows, butter, and Kellogg’s® Rice Krispies® cereal.

✅ Quick & Easy
✅ No-Bake Dessert
✅ Perfect for Kids, Parties & Holidays

📋 Ingredients:
• ¼ cup butter or margarine
• 5 cups miniature or 40 regular marshmallows
• 6 cups Kellogg’s® Rice Krispies® cereal

👨‍🍳 Instructions:
1. Melt butter in a large saucepan over low heat.
2. Add marshmallows and stir until completely melted.
3. Remove from heat and mix in Kellogg’s® Rice Krispies® cereal. Stir until well coated.
4. Using buttered spatula, press into a greased 13” x 9” pan. Let cool.
5. Cut, serve, and enjoy!

✨ Whether you're making these for a bake sale, a family gathering, or just a nostalgic snack, this original Rice Krispies Treats recipe is a guaranteed crowd-pleaser.

🎥 Watch now to learn how to make THE Original Rice Krispies Treats step by step!
🔔 Subscribe for more easy dessert recipes, snack ideas, and classic treats!
🔗 Discover more no-bake dessert recipes at: http://ricekrispies.us
© 2025 WK Kellogg NA LLC

#RiceKrispiesTreats #NoBakeDessert #EasyRecipes #ClassicSnacks #HomemadeTreats #MarshmallowBars #RiceKrispiesRecipe",https://www.youtube.com/watch?v=N0CwNvm217A,Positive,14,1,6,21
ewowShd6X8w,Weetabix - Wolf TV advert,"Watch our new TV advert, Wolf, which adds a Weetabix twist to the classic tale of the 3 little pigs and the big bad wolf.",2022-05-13T15:08:40Z,147870,288,31.0,WeetabixFoodCo,"Weetabix - Wolf TV advert Watch our new TV advert, Wolf, which adds a Weetabix twist to the classic tale of the 3 little pigs and the big bad wolf.",https://www.youtube.com/watch?v=ewowShd6X8w,Neutral,22,24,54,100
52Rhd4aMfVk,Weetabix - Wolf TV advert 20s,"Watch our new TV advert, Wolf, which adds a Weetabix twist to the classic tale of the 3 little pigs and the big bad wolf.",2022-05-13T15:06:26Z,39943,45,20.0,WeetabixFoodCo,"Weetabix - Wolf TV advert 20s Watch our new TV advert, Wolf, which adds a Weetabix twist to the classic tale of the 3 little pigs and the big bad wolf.",https://www.youtube.com/watch?v=52Rhd4aMfVk,Neutral,6,8,9,23
pMScKi05RNU,"Weetabix Melts | 20"" Advert",,2021-07-21T11:39:50Z,26537,12,21.0,WeetabixFoodCo,"Weetabix Melts | 20"" Advert ",https://www.youtube.com/watch?v=pMScKi05RNU,Neutral,2,4,5,11
gJ9IGDwNWR4,Alpen - Up and Alpen TV advert,Our new Alpen TV ad shows how Alpen muesli can give everyone the endurance to climb their own personal mountains. It's part of our new Up and Alpen campaign and shows an energetic alpine ram help a man conquer his day the alpine way.,2021-06-08T09:39:53Z,15497,9,21.0,WeetabixFoodCo,Alpen - Up and Alpen TV advert Our new Alpen TV ad shows how Alpen muesli can give everyone the endurance to climb their own personal mountains. It's part of our new Up and Alpen campaign and shows an energetic alpine ram help a man conquer his day the alpine way.,https://www.youtube.com/watch?v=gJ9IGDwNWR4,Neutral,2,2,4,8
QoiYfsKgVG8,Ready Brek Central Heating For Everyone,,2019-09-27T11:33:50Z,783951,33,20.0,WeetabixFoodCo,Ready Brek Central Heating For Everyone ,https://www.youtube.com/watch?v=QoiYfsKgVG8,Positive,11,2,10,23
wgY1TNCGK8g,Weetabix Chocolate Flavour,"Why not explore the tasty Weetabix range including the great taste of chocolate, and made with 100% wholegrain wheat – a tasty way to start your day. It doesn't get better than that!

Fee Fi Fo Fix! Have you had your Weetabix? 

For more information on our range of Weetabix cereals visit us at www.weetabix.co.uk or www.facebook.com/weetabix.uk",2018-02-26T14:19:18Z,70776,15,21.0,WeetabixFoodCo,"Weetabix Chocolate Flavour Why not explore the tasty Weetabix range including the great taste of chocolate, and made with 100% wholegrain wheat – a tasty way to start your day. It doesn't get better than that!

Fee Fi Fo Fix! Have you had your Weetabix? 

For more information on our range of Weetabix cereals visit us at www.weetabix.co.uk or www.facebook.com/weetabix.uk",https://www.youtube.com/watch?v=wgY1TNCGK8g,Positive,6,0,3,9
X7SnN0s9Kyw,New Weetabix Additions Advert 2017 - Jack,"Try new Weetabix Additions, made with delicious fruit pieces.

Fee Fi Fo Fix. Have you had your Weetabix?

Watch Jack, the new 2017 Weetabix advert.

Fee Fi Fo Fix. Have you had your Weetabix?

For more information on our range of Weetabix cereals visit us at www.weetabix.co.uk or www.facebook.com/weetabix.uk",2017-03-09T14:50:27Z,62440,8,30.0,WeetabixFoodCo,"New Weetabix Additions Advert 2017 - Jack Try new Weetabix Additions, made with delicious fruit pieces.

Fee Fi Fo Fix. Have you had your Weetabix?

Watch Jack, the new 2017 Weetabix advert.

Fee Fi Fo Fix. Have you had your Weetabix?

For more information on our range of Weetabix cereals visit us at www.weetabix.co.uk or www.facebook.com/weetabix.uk",https://www.youtube.com/watch?v=X7SnN0s9Kyw,Neutral,2,2,3,7
11z_kZkCR34,Weetabix Advert 2017 - Jack,"Watch Jack, the new 2017 Weetabix advert.

Fee Fi Fo Fix. Have you had your Weetabix?

For more information on our range of Weetabix cereals visit us at www.weetabix.co.uk or www.facebook.com/weetabix.uk",2017-03-06T10:23:47Z,292826,235,30.0,WeetabixFoodCo,"Weetabix Advert 2017 - Jack Watch Jack, the new 2017 Weetabix advert.

Fee Fi Fo Fix. Have you had your Weetabix?

For more information on our range of Weetabix cereals visit us at www.weetabix.co.uk or www.facebook.com/weetabix.uk",https://www.youtube.com/watch?v=11z_kZkCR34,Neutral,33,16,51,100
p8EPiQkn2ks,Quaker Oats | #ShowUsYourOats TV Ad,"To #ShowUsYourOats simply create, snap & share your most inspiring bowl to win £10,000 each week.
How to enter:
1. Create your inspiring bowl
2. Snap a photo of it
3. Share at www.quaker.co.uk/ShowUsYourOats     

Purchase necessary. 18+. Closing date 11.03.2018. T&Cs apply: https://showusyouroats.quaker.co.uk/terms-and-conditions",2018-01-04T09:03:08Z,54038,14,30.0,Quaker Oats,"Quaker Oats | #ShowUsYourOats TV Ad To #ShowUsYourOats simply create, snap & share your most inspiring bowl to win £10,000 each week.
How to enter:
1. Create your inspiring bowl
2. Snap a photo of it
3. Share at www.quaker.co.uk/ShowUsYourOats     

Purchase necessary. 18+. Closing date 11.03.2018. T&Cs apply: https://showusyouroats.quaker.co.uk/terms-and-conditions",https://www.youtube.com/watch?v=p8EPiQkn2ks,Negative,2,7,3,12
zjkbaPCN1m4,What’s behind mankind’s greatest adventure?,"The morning Buzz Aldrin walked on the moon he set himself up with oats, he still does today with Quaker Oats So Simple.",2016-11-05T17:10:07Z,1556658,39,38.0,Quaker Oats,"What’s behind mankind’s greatest adventure? The morning Buzz Aldrin walked on the moon he set himself up with oats, he still does today with Quaker Oats So Simple.",https://www.youtube.com/watch?v=zjkbaPCN1m4,Neutral,0,7,11,18
pgFcuTcAwck,Knorr Noodles x Pandamart,"Hamaray reality show mai if someone had to be the Diva it would be me and saim for sure but the HERO would for sure be the midnight knorr noodle session

And because every batman has its robin, PANDAMART would be robin for sure

#KnorrNoodles #KnorrxPandamart",2026-03-13T05:26:16Z,2914040,27,71.0,Knorr Noodles,"Knorr Noodles x Pandamart Hamaray reality show mai if someone had to be the Diva it would be me and saim for sure but the HERO would for sure be the midnight knorr noodle session

And because every batman has its robin, PANDAMART would be robin for sure

#KnorrNoodles #KnorrxPandamart",https://www.youtube.com/watch?v=pgFcuTcAwck,Negative,7,13,7,27
d-0UfpiH-Cg,Knorr | Back to School | Spinach Noodles,"Turn lunchbox into a nutritious treat with Knorr! Try Power-packed Spinach noodles recipe, perfect for a lunchtime meal.

Ingredients: 
Knorr Chicken Noodles 1 Pack
Minced Chicken  25 g
Spinach (Blanched and Chopped) 20 g
Garlic (Chopped) 5 g
Onion (Chopped) 10 g
Oil 10 g (2 tsp)
Cream 10 g (2 tsp)
Milk 30 ml 
Oregano 0.2 g
White Pepper 0.2 g

Directions: 
1. Boil the noodles in 400 ml water without tastemaker, once boiled drain the water and keep noodles aside.
2. Heat the oil in a wok/pan.
3. Stir-fry garlic and onion for a few seconds. Add minced chicken and cook until done. 
4. Add spinach and cook for another minute. 
5. Then add cream and milk and stir well to combine. Season now with Chicken Noodle Tastemaker. 
6. You can add white pepper as per your taste.
7. Add the noodles, and stir-fry well. Top-up with ground oregano.

Your delicious lunch box with Power-packed Spinach Noodles is ready!",2024-08-16T08:39:00Z,112519,13,15.0,Knorr Noodles,"Knorr | Back to School | Spinach Noodles Turn lunchbox into a nutritious treat with Knorr! Try Power-packed Spinach noodles recipe, perfect for a lunchtime meal.

Ingredients: 
Knorr Chicken Noodles 1 Pack
Minced Chicken  25 g
Spinach (Blanched and Chopped) 20 g
Garlic (Chopped) 5 g
Onion (Chopped) 10 g
Oil 10 g (2 tsp)
Cream 10 g (2 tsp)
Milk 30 ml 
Oregano 0.2 g
White Pepper 0.2 g

Directions: 
1. Boil the noodles in 400 ml water without tastemaker, once boiled drain the water and keep noodles aside.
2. Heat the oil in a wok/pan.
3. Stir-fry garlic and onion for a few seconds. Add minced chicken and cook until done. 
4. Add spinach and cook for another minute. 
5. Then add cream and milk and stir well to combine. Season now with Chicken Noodle Tastemaker. 
6. You can add white pepper as per your taste.
7. Add the noodles, and stir-fry well. Top-up with ground oregano.

Your delicious lunch box with Power-packed Spinach Noodles is ready!",https://www.youtube.com/watch?v=d-0UfpiH-Cg,Neutral,3,1,4,8
v_lpy3mvACA,Mayonnaise is officially a musical instrument!,We’ve done it! In partnership with Northumbria University it’s been confirmed that mayonnaise is officially a musical instrument. Play your mayo and share it with us #Hellmanns #MayoIsAnInstrument,2026-03-27T12:01:35Z,4832,9,11.0,Hellmanns,Mayonnaise is officially a musical instrument! We’ve done it! In partnership with Northumbria University it’s been confirmed that mayonnaise is officially a musical instrument. Play your mayo and share it with us #Hellmanns #MayoIsAnInstrument,https://www.youtube.com/watch?v=v_lpy3mvACA,Neutral,2,0,6,8
QDjY6zg9_l0,Lemon Dill Dip Recipe Hack 🍋,"This simple, high-flavor Lemon Dill Dip made with Hellmann’s Mayonnaise looks as good as it tastes.",2026-03-12T14:08:51Z,18192,7,10.0,Hellmanns,"Lemon Dill Dip Recipe Hack 🍋 This simple, high-flavor Lemon Dill Dip made with Hellmann’s Mayonnaise looks as good as it tastes.",https://www.youtube.com/watch?v=QDjY6zg9_l0,Neutral,0,1,6,7
t41NA9DthiE,Uncle Ben’s Healthy Meals Made Easy – Cajun Spiced Chickpea Salad,"Job done! Joe Wicks makes a healthy Cajun Spiced Chickpea Salad with Uncle Ben’s 5 Wholegrain Rice.

Healthy, quick and easy. Uncle Ben’s and Joe Wicks bring you a tasty medley of meals that can be put together in minutes. 

There are 5 Healthy Meals Made Easy to choose from, including Honey and Soy Baked Salmon and King Prawn Stir-fry. 

Click healthymealsmadeeasy.co.uk for the full range of recipes.",2016-06-03T13:21:24Z,577777,27,20.0,Ben's Original UK,"Uncle Ben’s Healthy Meals Made Easy – Cajun Spiced Chickpea Salad Job done! Joe Wicks makes a healthy Cajun Spiced Chickpea Salad with Uncle Ben’s 5 Wholegrain Rice.

Healthy, quick and easy. Uncle Ben’s and Joe Wicks bring you a tasty medley of meals that can be put together in minutes. 

There are 5 Healthy Meals Made Easy to choose from, including Honey and Soy Baked Salmon and King Prawn Stir-fry. 

Click healthymealsmadeeasy.co.uk for the full range of recipes.",https://www.youtube.com/watch?v=t41NA9DthiE,Negative,4,18,2,24
Y8_tkglNQig,Uncle Ben’s Healthy Meals Made Easy – Honey and Soy Baked Salmon,"Guilty! Joe Wicks makes a moreish Honey and Soy Baked Salmon with Uncle Bens Wholegrain Rice and Quinoa.

Healthy, quick and easy. Uncle Ben’s and Joe Wicks bring you a tasty medley of meals that can be put together in minutes. 

There are 5 Healthy Meals Made Easy to choose from, including Turkey Chilli and Chicken and Spinach Curry. 

Click healthymealsmadeeasy.co.uk for the full range of recipes.",2016-06-03T13:21:21Z,595698,16,20.0,Ben's Original UK,"Uncle Ben’s Healthy Meals Made Easy – Honey and Soy Baked Salmon Guilty! Joe Wicks makes a moreish Honey and Soy Baked Salmon with Uncle Bens Wholegrain Rice and Quinoa.

Healthy, quick and easy. Uncle Ben’s and Joe Wicks bring you a tasty medley of meals that can be put together in minutes. 

There are 5 Healthy Meals Made Easy to choose from, including Turkey Chilli and Chicken and Spinach Curry. 

Click healthymealsmadeeasy.co.uk for the full range of recipes.",https://www.youtube.com/watch?v=Y8_tkglNQig,Neutral,4,4,5,13
2gzCW8a74bg,Uncle Ben’s Healthy Meals Made Easy – Turkey Chilli,"Arriba! Joe Wicks makes a healthy Turkey Chilli with Wholegrain Spicy Mexican Rice.

Healthy, quick and easy. Uncle Ben’s and Joe Wicks bring you a tasty medley of meals that can be put together in minutes. 

There are 5 Healthy Meals Made Easy to choose from, including Cajun Spiced Chickpea Salad and Chicken and Spinach Curry. 

Click healthymealsmadeeasy.co.uk for the full range of recipes.",2016-06-03T13:21:17Z,2848465,34,20.0,Ben's Original UK,"Uncle Ben’s Healthy Meals Made Easy – Turkey Chilli Arriba! Joe Wicks makes a healthy Turkey Chilli with Wholegrain Spicy Mexican Rice.

Healthy, quick and easy. Uncle Ben’s and Joe Wicks bring you a tasty medley of meals that can be put together in minutes. 

There are 5 Healthy Meals Made Easy to choose from, including Cajun Spiced Chickpea Salad and Chicken and Spinach Curry. 

Click healthymealsmadeeasy.co.uk for the full range of recipes.",https://www.youtube.com/watch?v=2gzCW8a74bg,Negative,6,15,13,34
qUv8Q12dXTI,Uncle Ben’s Healthy Meals Made Easy – King Prawn Stir Fry,"Bosh! Joe Wicks makes a yummy King Prawn Stir Fry with Uncle Ben’s Wholegrain Egg Fried Rice.

Healthy, quick and easy. Uncle Ben’s and Joe Wicks bring you a tasty medley of meals that can be put together in minutes. 

There are 5 Healthy Meals Made Easy to choose from, including Honey and Soy Baked Salmon and Turkey Chilli. 

Click http://healthymealsmadeeasy.co.uk/#11 for the full range of recipes.",2016-05-18T12:02:39Z,29051,37,20.0,Ben's Original UK,"Uncle Ben’s Healthy Meals Made Easy – King Prawn Stir Fry Bosh! Joe Wicks makes a yummy King Prawn Stir Fry with Uncle Ben’s Wholegrain Egg Fried Rice.

Healthy, quick and easy. Uncle Ben’s and Joe Wicks bring you a tasty medley of meals that can be put together in minutes. 

There are 5 Healthy Meals Made Easy to choose from, including Honey and Soy Baked Salmon and Turkey Chilli. 

Click http://healthymealsmadeeasy.co.uk/#11 for the full range of recipes.",https://www.youtube.com/watch?v=qUv8Q12dXTI,Negative,8,21,4,33
reljOZxnlqo,Uncle Ben’s Healthy Meals Made Easy – Chicken and Spinach Curry,"Naughty! Joe Wicks makes a delicious and quick Chicken and Spinach Curry with Uncle Ben’s Wholegrain Pilau Rice. 

Healthy, quick and easy. Uncle Ben’s and Joe Wicks bring you a tasty medley of meals that can be put together in minutes. 

There are 5 Healthy Meals Made Easy to choose from, including Cajun Spiced Chickpea Salad and King Prawn Stir-fry. 

Click http://healthymealsmadeeasy.co.uk/#8 for the full range of recipes.",2016-05-12T16:05:04Z,283388,61,20.0,Ben's Original UK,"Uncle Ben’s Healthy Meals Made Easy – Chicken and Spinach Curry Naughty! Joe Wicks makes a delicious and quick Chicken and Spinach Curry with Uncle Ben’s Wholegrain Pilau Rice. 

Healthy, quick and easy. Uncle Ben’s and Joe Wicks bring you a tasty medley of meals that can be put together in minutes. 

There are 5 Healthy Meals Made Easy to choose from, including Cajun Spiced Chickpea Salad and King Prawn Stir-fry. 

Click http://healthymealsmadeeasy.co.uk/#8 for the full range of recipes.",https://www.youtube.com/watch?v=reljOZxnlqo,Negative,9,35,12,56
UF6-9IeGS28,Uncle Ben's Wholegrain and Quinoa with Chicken,"Learn how to cook perfect Chicken with Wholegrain and Quinoa in under 30 seconds.

Cook 2 chicken breasts right through. 

Add a pack of Rice & Grains Wholegrain and Quinoa to a pan and cook for 2 minutes. Steam a sliced courgette and 100g of mangetout and if you like it spicy, add some chilli or basil.

Get yours now! https://unclebens.co.uk/where-to-buy",2015-07-01T14:50:06Z,18261,12,31.0,Ben's Original UK,"Uncle Ben's Wholegrain and Quinoa with Chicken Learn how to cook perfect Chicken with Wholegrain and Quinoa in under 30 seconds.

Cook 2 chicken breasts right through. 

Add a pack of Rice & Grains Wholegrain and Quinoa to a pan and cook for 2 minutes. Steam a sliced courgette and 100g of mangetout and if you like it spicy, add some chilli or basil.

Get yours now! https://unclebens.co.uk/where-to-buy",https://www.youtube.com/watch?v=UF6-9IeGS28,Negative,1,5,3,9
8_LisWFdaKc,Uncle Ben's Rice and Grains - Commuting,"Joe Wicks and Uncle Ben’s go out and about with the Rice & Grains Roadshow. Their mission - to serve up tasty, healthy meals to time pressured commuters. 

Nothing will stop them. The mini kitchen goes where others never dare to go. Within minutes everything is set up outside a busy station and ready to feed the masses. 

Recipes include, delicious Chicken with Wholegrain and Quinoa, a veggie Mixed Bean and Five Whole Grain Salad and a protein packed Grilled Salmon with Wholegrain Quinoa Tomato and Basil.

All simple to prepare and all Healthy Meals Made Easy.

Get yours now! https://unclebens.co.uk/where-to-buy",2015-07-01T14:49:45Z,1396887,22,125.0,Ben's Original UK,"Uncle Ben's Rice and Grains - Commuting Joe Wicks and Uncle Ben’s go out and about with the Rice & Grains Roadshow. Their mission - to serve up tasty, healthy meals to time pressured commuters. 

Nothing will stop them. The mini kitchen goes where others never dare to go. Within minutes everything is set up outside a busy station and ready to feed the masses. 

Recipes include, delicious Chicken with Wholegrain and Quinoa, a veggie Mixed Bean and Five Whole Grain Salad and a protein packed Grilled Salmon with Wholegrain Quinoa Tomato and Basil.

All simple to prepare and all Healthy Meals Made Easy.

Get yours now! https://unclebens.co.uk/where-to-buy",https://www.youtube.com/watch?v=8_LisWFdaKc,Positive,7,4,7,18
oK_7ENg4V1o,Uncle Ben's Rice and Grains - Fitness,"Joe Wicks and Uncle Ben’s believe we should all live well and eat well. So they take the Rice & Grains Roadshow to an outdoor gym. There they show fitness fans how eating healthily needn’t eat into your day.

The trusty mini kitchen gets right to the center of the action, and in minutes it’s set up and ready to roll. 

Recipes include, delicious Chicken with Wholegrain and Quinoa, a veggie Mixed Bean and Five Whole Grain Salad and a protein packed Grilled Salmon with Wholegrain Quinoa Tomato and Basil.

All simple to prepare and all Healthy Meals Made Easy.

Get yours now! https://unclebens.co.uk/where-to-buy",2015-07-01T12:57:15Z,1393096,35,115.0,Ben's Original UK,"Uncle Ben's Rice and Grains - Fitness Joe Wicks and Uncle Ben’s believe we should all live well and eat well. So they take the Rice & Grains Roadshow to an outdoor gym. There they show fitness fans how eating healthily needn’t eat into your day.

The trusty mini kitchen gets right to the center of the action, and in minutes it’s set up and ready to roll. 

Recipes include, delicious Chicken with Wholegrain and Quinoa, a veggie Mixed Bean and Five Whole Grain Salad and a protein packed Grilled Salmon with Wholegrain Quinoa Tomato and Basil.

All simple to prepare and all Healthy Meals Made Easy.

Get yours now! https://unclebens.co.uk/where-to-buy",https://www.youtube.com/watch?v=oK_7ENg4V1o,Negative,6,9,9,24
3cwyHvNQ7FQ,NESPRESSO - EXPLORE VERTUO WORLD,"Every coffee, a new world. Every sip, exceptional taste. 

Follow Dua Lipa as she explores endless coffee possibilities. 

Your next coffee world awaits. Ready to explore? 

Discover the new Vertuo up on https://nespres.so/a/lEBCH6 

#WhatElse",2026-04-14T11:00:13Z,14916,10,60.0,Nespresso,"NESPRESSO - EXPLORE VERTUO WORLD Every coffee, a new world. Every sip, exceptional taste. 

Follow Dua Lipa as she explores endless coffee possibilities. 

Your next coffee world awaits. Ready to explore? 

Discover the new Vertuo up on https://nespres.so/a/lEBCH6 

#WhatElse",https://www.youtube.com/watch?v=3cwyHvNQ7FQ,Positive,10,0,0,10
PTtOzTCr7AU,NESPRESSO - EXPLORE VERTUO WORLD SPECIAL DIRECTOR'S CUT,"Watch the Director's Cut of Nespresso's new Vertuo World Campaign 
 
Every coffee, a new world. Every sip, exceptional taste.
Follow Dua Lipa as she explores endless coffee possibilities.
Your next coffee world awaits. Ready to explore?

Discover the new Vertuo up on https://nespres.so/a/w0iPdH

#WhatElse",2026-04-14T03:59:00Z,27042,46,80.0,Nespresso,"NESPRESSO - EXPLORE VERTUO WORLD SPECIAL DIRECTOR'S CUT Watch the Director's Cut of Nespresso's new Vertuo World Campaign 
 
Every coffee, a new world. Every sip, exceptional taste.
Follow Dua Lipa as she explores endless coffee possibilities.
Your next coffee world awaits. Ready to explore?

Discover the new Vertuo up on https://nespres.so/a/w0iPdH

#WhatElse",https://www.youtube.com/watch?v=PTtOzTCr7AU,Positive,25,2,11,38
lUMnLXdjUTM,NESPRESSO - VERTUO WORLD - VERSION INTÉGRALE DU RÉALISATEUR,"Regardez la version intégrale du réalisateur de la campagne Vertuo World.  
 
Nouvelle ère. Nouvelle ambassadrice. Nouvelle machine. Et des cafés toujours plus audacieux. 
Suivez Dua Lipa, et laissez-vous transporter dans des mondes où chaque café est une invitation à explorer. 

Prêt(e)s à explorer ?
https://nespres.so/a/kAQf5a
 
#WhatElse?",2026-04-14T03:59:00Z,18214,8,80.0,Nespresso,"NESPRESSO - VERTUO WORLD - VERSION INTÉGRALE DU RÉALISATEUR Regardez la version intégrale du réalisateur de la campagne Vertuo World.  
 
Nouvelle ère. Nouvelle ambassadrice. Nouvelle machine. Et des cafés toujours plus audacieux. 
Suivez Dua Lipa, et laissez-vous transporter dans des mondes où chaque café est une invitation à explorer. 

Prêt(e)s à explorer ?
https://nespres.so/a/kAQf5a
 
#WhatElse?",https://www.youtube.com/watch?v=lUMnLXdjUTM,Positive,3,2,1,6
trAaHChfTgU,the combo we've ALL been waiting for 🥥🐠🌴 #alani #pinacolada #pineapple #coconut,,2026-04-17T21:02:01Z,171957,54,13.0,Alani Nutrition,the combo we've ALL been waiting for 🥥🐠🌴 #alani #pinacolada #pineapple #coconut ,https://www.youtube.com/watch?v=trAaHChfTgU,Positive,24,2,8,34
rJw20uki-MM,8 YEARS OF ALANI 🧁🎉🩷 Let us know what made you fall in love first?!🥹🌟 #alani #birthday #energy,,2026-04-06T20:51:14Z,10874,23,11.0,Alani Nutrition,8 YEARS OF ALANI 🧁🎉🩷 Let us know what made you fall in love first?!🥹🌟 #alani #birthday #energy ,https://www.youtube.com/watch?v=rJw20uki-MM,Positive,19,1,1,21
bYvj8bRIpaQ,spring SIPS have officially SPRUNG 🥕☁️✨ #alani #easter #drinkideas #spring,,2026-04-03T21:00:37Z,22610,14,13.0,Alani Nutrition,spring SIPS have officially SPRUNG 🥕☁️✨ #alani #easter #drinkideas #spring ,https://www.youtube.com/watch?v=bYvj8bRIpaQ,Positive,12,0,1,13
I7M5bP5JLkM,so good we HAD to make them again 😋🧸 #alani #viral #gummybears,,2026-04-01T22:29:17Z,26072,12,11.0,Alani Nutrition,so good we HAD to make them again 😋🧸 #alani #viral #gummybears ,https://www.youtube.com/watch?v=I7M5bP5JLkM,Positive,11,0,1,12
STgxbIHBEKU,Let the Lime Slush search begin 🍋‍🟩👏 #alani #limeslush #energy #springbreak,Which retailer have you spotted this sweet sip at? 🤩,2026-02-26T21:38:50Z,27393,35,14.0,Alani Nutrition,Let the Lime Slush search begin 🍋‍🟩👏 #alani #limeslush #energy #springbreak Which retailer have you spotted this sweet sip at? 🤩,https://www.youtube.com/watch?v=STgxbIHBEKU,Positive,22,1,7,30
bKMt0JTUiHs,mentally i'm already there 🌴✈️🗺️ #springbreak #newalani #limeslush #vacation,,2026-02-25T23:29:32Z,16979,16,10.0,Alani Nutrition,mentally i'm already there 🌴✈️🗺️ #springbreak #newalani #limeslush #vacation ,https://www.youtube.com/watch?v=bKMt0JTUiHs,Positive,15,0,1,16
cVGxIYVxS_I,The Hamilton Morris Caffeine Abuse Hotline,"Suffering from caffeine abuse? Help is available now. Call 1-844-FIXURFIX toll free for confidential guidance through the stages of caffeine withdrawal. Hamilton Morris, pharmacological advisor to Fix Your Fix, will guide you from reckless caffeination to something better. Operators standing by. mudwtr.com/fix",2026-03-03T20:00:06Z,198,10,55.0,MudWtr,"The Hamilton Morris Caffeine Abuse Hotline Suffering from caffeine abuse? Help is available now. Call 1-844-FIXURFIX toll free for confidential guidance through the stages of caffeine withdrawal. Hamilton Morris, pharmacological advisor to Fix Your Fix, will guide you from reckless caffeination to something better. Operators standing by. mudwtr.com/fix",https://www.youtube.com/watch?v=cVGxIYVxS_I,Positive,2,0,2,4
HmJH0zZu0es,siggi’s less sets you free – Bucket List (:30s),"Somewhere along the way 'more' has replaced 'meaningful'.
But when the everyday excess falls away…we find we can go further with less.

Full of protein, less ingredients, less sugar*. 
siggi’s – Less sets you free. 

*On average, siggi’s 5.3oz flavored fat free yogurts have 15g protein, and vs. the leading single-serve traditional yogurts: 1/2 the ingredients (avg. 5.7 vs. avg. 12.4), 39% less sugar per 5.3oz (avg. 10.5g vs avg. 17.3g).",2023-01-30T21:02:56Z,21200526,18,31.0,Siggi's,"siggi’s less sets you free – Bucket List (:30s) Somewhere along the way 'more' has replaced 'meaningful'.
But when the everyday excess falls away…we find we can go further with less.

Full of protein, less ingredients, less sugar*. 
siggi’s – Less sets you free. 

*On average, siggi’s 5.3oz flavored fat free yogurts have 15g protein, and vs. the leading single-serve traditional yogurts: 1/2 the ingredients (avg. 5.7 vs. avg. 12.4), 39% less sugar per 5.3oz (avg. 10.5g vs avg. 17.3g).",https://www.youtube.com/watch?v=HmJH0zZu0es,Neutral,5,5,6,16
W9EUMfUIJV0,siggi’s less sets you free – resignation (:30s),"In a world of artificial complexity, siggi’s is on a mission to show that there’s freedom in simplicity. siggi’s skyr. Full of protein, less ingredients, less sugar*. siggi’s – Less sets you free. 

learn more: https://siggis.com/about where to buy: https://siggis.com/locations 

*On average, siggi's 5.3oz flavored nonfat yogurts have 15g protein, vs. the leading single-serve traditional yogurts: 1/2 the ingredients (avg. 5.7 vs. avg. 11.6), 40% less sugar per 5.3oz (avg. 10.3g vs. avg. 17.3g).",2022-09-01T19:33:18Z,1241141,10,31.0,Siggi's,"siggi’s less sets you free – resignation (:30s) In a world of artificial complexity, siggi’s is on a mission to show that there’s freedom in simplicity. siggi’s skyr. Full of protein, less ingredients, less sugar*. siggi’s – Less sets you free. 

learn more: https://siggis.com/about where to buy: https://siggis.com/locations 

*On average, siggi's 5.3oz flavored nonfat yogurts have 15g protein, vs. the leading single-serve traditional yogurts: 1/2 the ingredients (avg. 5.7 vs. avg. 11.6), 40% less sugar per 5.3oz (avg. 10.3g vs. avg. 17.3g).",https://www.youtube.com/watch?v=W9EUMfUIJV0,Neutral,0,1,7,8
pRvFySCeHMI,⚠️WE READ CORIANDER FEEDBACK ⚠️,"Some of you REALLY hate the world’s best herb. So we rounded up the person responsible for the new Pineapple Coriander Twist Smoothie and asked her to read some of your feedback.

Look at what you’ve done… 👀",2020-10-08T04:07:49Z,2642,12,125.0,Boost Juice,"⚠️WE READ CORIANDER FEEDBACK ⚠️ Some of you REALLY hate the world’s best herb. So we rounded up the person responsible for the new Pineapple Coriander Twist Smoothie and asked her to read some of your feedback.

Look at what you’ve done… 👀",https://www.youtube.com/watch?v=pRvFySCeHMI,Positive,3,1,3,7
uY4_raMMXO4,Making A Smoothie - Boost Juice,"Wrongfully compared? You decide.

Can a Smoothie really be compared to a Big Mac?
We don't think so, so we made this Parody of Making a Murderer to show at Boost we don't take everything so seriously and hope our customers stick to common sense.",2016-02-20T04:44:39Z,15392,8,78.0,Boost Juice,"Making A Smoothie - Boost Juice Wrongfully compared? You decide.

Can a Smoothie really be compared to a Big Mac?
We don't think so, so we made this Parody of Making a Murderer to show at Boost we don't take everything so seriously and hope our customers stick to common sense.",https://www.youtube.com/watch?v=uY4_raMMXO4,Neutral,3,0,5,8
h7y6iE0aB5s,Dick Smith Foods Australia Day Ad - UNCENSORED,"This is the uncensored version of the Dick Smith Foods' Australia Day Ad that can't be shown on Australian TV.

According to Free TV's Commercial Advice division, this ad is unsuitable for broadcast during normal television viewing hours due to the high levels of ""innuendo"".",2013-01-23T00:13:50Z,665254,933,61.0,Dick Smith Foods,"Dick Smith Foods Australia Day Ad - UNCENSORED This is the uncensored version of the Dick Smith Foods' Australia Day Ad that can't be shown on Australian TV.

According to Free TV's Commercial Advice division, this ad is unsuitable for broadcast during normal television viewing hours due to the high levels of ""innuendo"".",https://www.youtube.com/watch?v=h7y6iE0aB5s,Positive,53,16,31,100
