video_id,title,description,published_at,view_count,comment_count,duration_sec,brand,full_text,url
V8eRPKquURg,this might be the recipe of the summer 🤤,"save this for your next bbq! recipe below⬇️

📹: @theveganpigeon

Grilled Onion Beyond Smash Burgers

SERVINGS: 4 burgers
PREP TIME: 5 minutes
COOK TIME: 10 minutes

INGREDIENTS:
2 packages Beyond Burgers
4 burger buns
4 slices of plant-based cheese
2 onions, sliced
1 tomato, sliced
Shredded romaine lettuce
Dill pickle chips

Burger Sauce:
⅓ cup plant-based mayo
1 tbsp mustard
1 tbsp ketchup
½ tsp garlic powder
½ tsp onion powder
½ tsp smoked paprika
1 tsp apple cider vinegar
2 tbsp chopped dill pickles

PREPARATION:
1. Preheat the flat top griddle to medium-high heat. Lightly coat with oil. Add onion slices and let onions grill for 2-3 minutes.
2. Add Beyond Burgers on top of sauteed onion slices. Use a burger press and ‘smash’ each patty into the onion slices.
3. Prepare plant-based burger sauce by mixing all ingredients together. Set aside.
4. Cook each burger for about four minutes before gently flipping, making sure to keep onions with the burger. Cook for about 4 minutes on the other side and gently flip again.
5. Add a slice of plant-based cheese, adding a bit of water (no more than 1 tsp) around the burger and covering to let steam until cheese is melted. If desired, toast each bun on the griddle for a few minutes. Lower heat on the griddle to keep all ingredients warm.
6. Assemble the smash burger, starting with coating the toasted buns with the burger sauce. Add 3-4 dill pickle chips to the bottom bun, along with sliced tomato and shredded lettuce. Top with the Beyond onion smash burger and cover with the top bun.",2025-07-03T20:09:41Z,6301,8,31.0,Beyond Meat,"this might be the recipe of the summer 🤤 save this for your next bbq! recipe below⬇️

📹: @theveganpigeon

Grilled Onion Beyond Smash Burgers

SERVINGS: 4 burgers
PREP TIME: 5 minutes
COOK TIME: 10 minutes

INGREDIENTS:
2 packages Beyond Burgers
4 burger buns
4 slices of plant-based cheese
2 onions, sliced
1 tomato, sliced
Shredded romaine lettuce
Dill pickle chips

Burger Sauce:
⅓ cup plant-based mayo
1 tbsp mustard
1 tbsp ketchup
½ tsp garlic powder
½ tsp onion powder
½ tsp smoked paprika
1 tsp apple cider vinegar
2 tbsp chopped dill pickles

PREPARATION:
1. Preheat the flat top griddle to medium-high heat. Lightly coat with oil. Add onion slices and let onions grill for 2-3 minutes.
2. Add Beyond Burgers on top of sauteed onion slices. Use a burger press and ‘smash’ each patty into the onion slices.
3. Prepare plant-based burger sauce by mixing all ingredients together. Set aside.
4. Cook each burger for about four minutes before gently flipping, making sure to keep onions with the burger. Cook for about 4 minutes on the other side and gently flip again.
5. Add a slice of plant-based cheese, adding a bit of water (no more than 1 tsp) around the burger and covering to let steam until cheese is melted. If desired, toast each bun on the griddle for a few minutes. Lower heat on the griddle to keep all ingredients warm.
6. Assemble the smash burger, starting with coating the toasted buns with the burger sauce. Add 3-4 dill pickle chips to the bottom bun, along with sliced tomato and shredded lettuce. Top with the Beyond onion smash burger and cover with the top bun.",https://www.youtube.com/watch?v=V8eRPKquURg
xjDJZSt-r2o,Declan Rice x Müller Rice | Rice Fever,"Do you have Rice Fever? Symptoms include:
Not being able to get Rice Rice Baby out of your head, an insatiable hunger for Müller Rice, and feelings of overwhelming love towards Declan Rice 🍚🍚👶",2024-06-17T12:04:08Z,75909,38,45.0,Müller,"Declan Rice x Müller Rice | Rice Fever Do you have Rice Fever? Symptoms include:
Not being able to get Rice Rice Baby out of your head, an insatiable hunger for Müller Rice, and feelings of overwhelming love towards Declan Rice 🍚🍚👶",https://www.youtube.com/watch?v=xjDJZSt-r2o
oP8B1-8VLP8,Müller | Love Every Bit | Family Tradition,,2023-07-17T11:51:24Z,18822,34,30.0,Müller,Müller | Love Every Bit | Family Tradition ,https://www.youtube.com/watch?v=oP8B1-8VLP8
U6ISqMbJ7HI,Müller Love Every Bit | Family Tradition | Director's Cut,,2023-07-17T11:47:12Z,41043,176,51.0,Müller,Müller Love Every Bit | Family Tradition | Director's Cut ,https://www.youtube.com/watch?v=U6ISqMbJ7HI
4EcYnZY6awU,Production Operative roles at Müller,"At Müller we process and pack billions of litres of liquid and cream products a year. The pace is fast but the opportunities are many for those who want an exciting career in manufacturing. You'll be working alongside and learning from some of the best in the business. There will be challenging and satisfying work and you'll thrive in a great culture with a genuine family atmosphere where your views are always valued and you can make a real difference.

Make today better
We pride ourselves on creating industry leading products and providing exceptional service to thousands of customers: from corner stores to some of the biggest retailers across the country.
You'll enjoy a career within a function and company that has a real desire to be the best. Our expertise, innovation and track record of delivering is combined with a clear plan on how to achieve this and transform the dairy industry. For those wanting to excel, develop and progress within our organisation, training and career opportunities are always available because we always look to develop our own people.
To find out more and apply now, please visit: 
https://www.mullercareers.co.uk/",2018-08-10T10:57:47Z,21580,13,73.0,Müller,"Production Operative roles at Müller At Müller we process and pack billions of litres of liquid and cream products a year. The pace is fast but the opportunities are many for those who want an exciting career in manufacturing. You'll be working alongside and learning from some of the best in the business. There will be challenging and satisfying work and you'll thrive in a great culture with a genuine family atmosphere where your views are always valued and you can make a real difference.

Make today better
We pride ourselves on creating industry leading products and providing exceptional service to thousands of customers: from corner stores to some of the biggest retailers across the country.
You'll enjoy a career within a function and company that has a real desire to be the best. Our expertise, innovation and track record of delivering is combined with a clear plan on how to achieve this and transform the dairy industry. For those wanting to excel, develop and progress within our organisation, training and career opportunities are always available because we always look to develop our own people.
To find out more and apply now, please visit: 
https://www.mullercareers.co.uk/",https://www.youtube.com/watch?v=4EcYnZY6awU
HJpaoyetNak,The Impossible Hot Dog Takeover at Slutty Vegan,"We brought our Impossible Hot Dogs to Slutty Vegan for a day, and this time, we got a little…corny. Keep an eye out for our Impossible Hot Dog on restaurant menus this year.

More on the Impossible Hot Dog:
Kind of obsessed with meat? We’re right there with you. That’s why we took so much time and care to make you this beefy, meaty treat that tastes like a delicious hot dog, because it is a delicious hot dog…made from plants! Only this one’s got 12g of protein and half the saturated fat of the animal version.* Plus it generates 84% less greenhouse gas emissions, uses 77% less water and 83% less land than an animal beef hot dog.** But don’t worry, it still tastes like an awesomely bad decision.

*Saturated fat per serving: A leading animal  beef hot dog 6g, Impossible Hot Dog 3g.
**Impossible Beef Hot Dogs US LCA (2023).",2024-02-05T21:50:48Z,4301,20,34.0,Impossible Foods,"The Impossible Hot Dog Takeover at Slutty Vegan We brought our Impossible Hot Dogs to Slutty Vegan for a day, and this time, we got a little…corny. Keep an eye out for our Impossible Hot Dog on restaurant menus this year.

More on the Impossible Hot Dog:
Kind of obsessed with meat? We’re right there with you. That’s why we took so much time and care to make you this beefy, meaty treat that tastes like a delicious hot dog, because it is a delicious hot dog…made from plants! Only this one’s got 12g of protein and half the saturated fat of the animal version.* Plus it generates 84% less greenhouse gas emissions, uses 77% less water and 83% less land than an animal beef hot dog.** But don’t worry, it still tastes like an awesomely bad decision.

*Saturated fat per serving: A leading animal  beef hot dog 6g, Impossible Hot Dog 3g.
**Impossible Beef Hot Dogs US LCA (2023).",https://www.youtube.com/watch?v=HJpaoyetNak
DhGY8ePtzpE,Live From New York: The Impossible Hot Dog,"Our hot dogs from plants are kind of a big deal. Don't take it from us, take it from the people who were the first to taste our new hot dog. 🤝

More on the Impossible Hot Dog:
Kind of obsessed with meat? We’re right there with you. That’s why we took so much time and care to make you this beefy, meaty treat that tastes like a delicious hot dog, because it is a delicious hot dog…made from plants! Only this one’s got 12g of protein and half the saturated fat of the animal version.* Plus it generates 84% less greenhouse gas emissions, uses 77% less water and 83% less land than an animal beef hot dog.** But don’t worry, it still tastes like an awesomely bad decision.

*Saturated fat per serving: A leading animal  beef hot dog 6g, Impossible Hot Dog 3g.
**Impossible Beef Hot Dogs US LCA (2023).",2024-02-02T23:03:13Z,2544,8,31.0,Impossible Foods,"Live From New York: The Impossible Hot Dog Our hot dogs from plants are kind of a big deal. Don't take it from us, take it from the people who were the first to taste our new hot dog. 🤝

More on the Impossible Hot Dog:
Kind of obsessed with meat? We’re right there with you. That’s why we took so much time and care to make you this beefy, meaty treat that tastes like a delicious hot dog, because it is a delicious hot dog…made from plants! Only this one’s got 12g of protein and half the saturated fat of the animal version.* Plus it generates 84% less greenhouse gas emissions, uses 77% less water and 83% less land than an animal beef hot dog.** But don’t worry, it still tastes like an awesomely bad decision.

*Saturated fat per serving: A leading animal  beef hot dog 6g, Impossible Hot Dog 3g.
**Impossible Beef Hot Dogs US LCA (2023).",https://www.youtube.com/watch?v=DhGY8ePtzpE
oGaSotGvJ6I,Impossible Hot Dog - Holiday Movie - Preview,"Presenting a new Impossible holiday original, with no commercial interruptions, but pretty much nonstop product placement. Happy holidays from Impossible! 🌭🫶🌱

More on the Impossible Hot Dog:
Kind of obsessed with meat? We’re right there with you. That’s why we took so much time and care to make you this beefy, meaty treat that tastes like a delicious hot dog, because it is a delicious hot dog…made from plants! Only this one’s got 12g of protein and half the saturated fat of the animal version.* Plus it generates 84% less greenhouse gas emissions, uses 77% less water and 83% less land than an animal beef hot dog.** But don’t worry, it still tastes like an awesomely bad decision.

*Saturated fat per serving: A leading animal  beef hot dog 6g, Impossible Hot Dog 3g.
**Impossible Beef Hot Dogs US LCA (2023).",2023-12-15T13:20:16Z,3935,13,109.0,Impossible Foods,"Impossible Hot Dog - Holiday Movie - Preview Presenting a new Impossible holiday original, with no commercial interruptions, but pretty much nonstop product placement. Happy holidays from Impossible! 🌭🫶🌱

More on the Impossible Hot Dog:
Kind of obsessed with meat? We’re right there with you. That’s why we took so much time and care to make you this beefy, meaty treat that tastes like a delicious hot dog, because it is a delicious hot dog…made from plants! Only this one’s got 12g of protein and half the saturated fat of the animal version.* Plus it generates 84% less greenhouse gas emissions, uses 77% less water and 83% less land than an animal beef hot dog.** But don’t worry, it still tastes like an awesomely bad decision.

*Saturated fat per serving: A leading animal  beef hot dog 6g, Impossible Hot Dog 3g.
**Impossible Beef Hot Dogs US LCA (2023).",https://www.youtube.com/watch?v=oGaSotGvJ6I
-foLP_UABpc,The Adventures of the Phillyboy: Origin Story,"Whenever food calls, the Phillyboy answers.",2026-02-25T13:24:22Z,794642,33,31.0,Philadelphia,"The Adventures of the Phillyboy: Origin Story Whenever food calls, the Phillyboy answers.",https://www.youtube.com/watch?v=-foLP_UABpc
lTFGlaigieA,This Is Not an Ad for Cream Cheese. It's An Ad for Philadelphia Plant-Based,"For the first time in 150 years, we’re not making cream cheese. Try New Philadelphia Plant-Based Spread. Available now.",2023-09-15T19:39:38Z,5330782,8,16.0,Philadelphia,"This Is Not an Ad for Cream Cheese. It's An Ad for Philadelphia Plant-Based For the first time in 150 years, we’re not making cream cheese. Try New Philadelphia Plant-Based Spread. Available now.",https://www.youtube.com/watch?v=lTFGlaigieA
zo4TShNiPTw,"If you can’t spread Philly, spread the feeling","A shelf without cream cheese is a holiday without cheesecake. So if you can’t make your favorite dessert this year, buy any other one. And we’ll pay for it. 
For your chance to reserve a free dessert up to $20 with a valid receipt, visit spreadthefeeling.com 
On 12/17 and 12/18 starting at 12pm EST, go to SpreadTheFeeling.com to be one of the first to reserve a limited spot to receive a $20 digital reward with a valid receipt to cover the cost of your holiday dessert.",2021-12-17T00:31:07Z,1040594,14,26.0,Philadelphia,"If you can’t spread Philly, spread the feeling A shelf without cream cheese is a holiday without cheesecake. So if you can’t make your favorite dessert this year, buy any other one. And we’ll pay for it. 
For your chance to reserve a free dessert up to $20 with a valid receipt, visit spreadthefeeling.com 
On 12/17 and 12/18 starting at 12pm EST, go to SpreadTheFeeling.com to be one of the first to reserve a limited spot to receive a $20 digital reward with a valid receipt to cover the cost of your holiday dessert.",https://www.youtube.com/watch?v=zo4TShNiPTw
AoC_a0bVurU,Spread The Feeling,"A shelf without cream cheese is a holiday without cheesecake. So if you can’t make your favorite dessert this year, buy any other one. And we’ll pay for it. 

For your chance to reserve a free dessert up to $20 with a valid receipt, visit spreadthefeeling.com

On 12/17 and 12/18 starting at 12pm EST, go to SpreadTheFeeling.com to be one of the first to reserve a limited spot to receive a $20 digital reward with a valid receipt to cover the cost of your holiday dessert.",2021-12-15T18:05:02Z,57680,90,46.0,Philadelphia,"Spread The Feeling A shelf without cream cheese is a holiday without cheesecake. So if you can’t make your favorite dessert this year, buy any other one. And we’ll pay for it. 

For your chance to reserve a free dessert up to $20 with a valid receipt, visit spreadthefeeling.com

On 12/17 and 12/18 starting at 12pm EST, go to SpreadTheFeeling.com to be one of the first to reserve a limited spot to receive a $20 digital reward with a valid receipt to cover the cost of your holiday dessert.",https://www.youtube.com/watch?v=AoC_a0bVurU
EqKP0yj4O_8,My First Cheesecake: Featuring Phoenix,"Baking a cheesecake is easy. So easy you can do it while training. Watch Phoenix try it for the first time, then see for yourself how easy it is. Follow the recipe, it’s a piece of (cheese)cake. https://www.myfoodandfamily.com/recipe/055102/3-step-philadelphia-mini-cheesecakes",2020-08-31T04:00:01Z,9317828,27,30.0,Philadelphia,"My First Cheesecake: Featuring Phoenix Baking a cheesecake is easy. So easy you can do it while training. Watch Phoenix try it for the first time, then see for yourself how easy it is. Follow the recipe, it’s a piece of (cheese)cake. https://www.myfoodandfamily.com/recipe/055102/3-step-philadelphia-mini-cheesecakes",https://www.youtube.com/watch?v=EqKP0yj4O_8
5buoqLmkEbk,My First Cheesecake: Featuring Becky,"Meet Becky. And her two sock puppets. Together, they set out to bake their very first cheesecake. If they can do it, so can you. See for yourself. www.myfoodandfamily.com/recipe/051208/philadelphia-3-step-cheesecake",2020-08-31T04:00:00Z,7531069,14,30.0,Philadelphia,"My First Cheesecake: Featuring Becky Meet Becky. And her two sock puppets. Together, they set out to bake their very first cheesecake. If they can do it, so can you. See for yourself. www.myfoodandfamily.com/recipe/051208/philadelphia-3-step-cheesecake",https://www.youtube.com/watch?v=5buoqLmkEbk
8Ny4A7aFlvw,My First Cheesecake: Featuring Hillary,Baking a cheesecake while doing yoga is impressive. Until you realize how ridiculously easy the cheesecake part is. See for yourself with this simple recipe. https://www.myfoodandfamily.com/recipe/143464/philadelphia-mini-cheesecakes,2020-07-30T22:03:45Z,2643,9,31.0,Philadelphia,My First Cheesecake: Featuring Hillary Baking a cheesecake while doing yoga is impressive. Until you realize how ridiculously easy the cheesecake part is. See for yourself with this simple recipe. https://www.myfoodandfamily.com/recipe/143464/philadelphia-mini-cheesecakes,https://www.youtube.com/watch?v=8Ny4A7aFlvw
OifMMwY7he8,My First Cheesecake: Featuring Mike,"Mike’s a pro wrestler but an amateur baker. Watch him discover how to turn on an oven as he makes his first cheesecake. Luckily, it’s easy to make, see for yourself with this recipe. https://www.myfoodandfamily.com/recipe/052544/philadelphia-classic-cheesecake",2020-06-30T01:35:04Z,5523158,16,15.0,Philadelphia,"My First Cheesecake: Featuring Mike Mike’s a pro wrestler but an amateur baker. Watch him discover how to turn on an oven as he makes his first cheesecake. Luckily, it’s easy to make, see for yourself with this recipe. https://www.myfoodandfamily.com/recipe/052544/philadelphia-classic-cheesecake",https://www.youtube.com/watch?v=OifMMwY7he8
ROmgV_fNcV8,My First Cheesecake: Featuring Mike,"Mike’s a pro wrestler but an amateur baker. Watch him discover how to turn on an oven as he makes his first cheesecake. Luckily, it’s easy to make, see for yourself with this recipe. https://www.myfoodandfamily.com/recipe/052544/philadelphia-classic-cheesecake",2020-06-30T01:34:51Z,4195225,31,30.0,Philadelphia,"My First Cheesecake: Featuring Mike Mike’s a pro wrestler but an amateur baker. Watch him discover how to turn on an oven as he makes his first cheesecake. Luckily, it’s easy to make, see for yourself with this recipe. https://www.myfoodandfamily.com/recipe/052544/philadelphia-classic-cheesecake",https://www.youtube.com/watch?v=ROmgV_fNcV8
qYKBW71KanA,8 People. 8 First Time Cheesecakes.,Never made a cheesecake? These 8 first timers set out to show you how easy it is. Keep up with our channel to see the results. Spoiler alert: It’s a Piece of (Cheese)cake.,2020-06-23T19:48:18Z,5528854,39,30.0,Philadelphia,8 People. 8 First Time Cheesecakes. Never made a cheesecake? These 8 first timers set out to show you how easy it is. Keep up with our channel to see the results. Spoiler alert: It’s a Piece of (Cheese)cake.,https://www.youtube.com/watch?v=qYKBW71KanA
d8v-Z58EVpU,My First Cheesecake: Featuring Hillary,Baking a cheesecake while doing yoga is impressive. Until you realize how ridiculously easy the cheesecake part is. See for yourself with this simple recipe: https://www.myfoodandfamily.com/recipe/143464/philadelphia-mini-cheesecakes,2020-06-23T19:48:13Z,6452577,29,30.0,Philadelphia,My First Cheesecake: Featuring Hillary Baking a cheesecake while doing yoga is impressive. Until you realize how ridiculously easy the cheesecake part is. See for yourself with this simple recipe: https://www.myfoodandfamily.com/recipe/143464/philadelphia-mini-cheesecakes,https://www.youtube.com/watch?v=d8v-Z58EVpU
wENVCQcThWk,My First Cheesecake: Featuring Antonio,"If a 9-year-old can do it, so can you. Watch Antonio bake his very first cheesecake, then see for yourself how easy it is. Follow this recipe, it’s a piece of (cheese)cake: https://www.myfoodandfamily.com/recipe/053007/philadelphia-3-step-cheesecake-bars",2020-06-23T19:48:08Z,4931730,41,30.0,Philadelphia,"My First Cheesecake: Featuring Antonio If a 9-year-old can do it, so can you. Watch Antonio bake his very first cheesecake, then see for yourself how easy it is. Follow this recipe, it’s a piece of (cheese)cake: https://www.myfoodandfamily.com/recipe/053007/philadelphia-3-step-cheesecake-bars",https://www.youtube.com/watch?v=wENVCQcThWk
Fj2QoURz-1Q,My First Cheesecake: Featuring Dave,"Dad jokes are Dave’s forte. Baking isn’t. Watch him prove that baking a cheesecake is “the easiest thing ever” (his words, not ours), then find out for yourself. https://www.myfoodandfamily.com/recipe/221686/cast-iron-cheesecake",2020-06-23T19:48:04Z,4768835,12,30.0,Philadelphia,"My First Cheesecake: Featuring Dave Dad jokes are Dave’s forte. Baking isn’t. Watch him prove that baking a cheesecake is “the easiest thing ever” (his words, not ours), then find out for yourself. https://www.myfoodandfamily.com/recipe/221686/cast-iron-cheesecake",https://www.youtube.com/watch?v=Fj2QoURz-1Q
TKWnZNx9cdw,Activia No Added Sugar,,2018-03-28T10:29:50Z,271859,8,21.0,Activia,Activia No Added Sugar ,https://www.youtube.com/watch?v=TKWnZNx9cdw
DJw-cVoHy0Y,Taste the real Mediterranean flavours with this Fusilli pasta Recipe!,"Transport your taste buds to the shores of the Mediterranean with this pasta dish full of vibrant flavours! 😎

Ingredients (serves 4):
320g Barilla Fusilli
4 tbsp extra virgin olive oil
1 medium onion, sliced
2 garlic cloves, roughly chopped
¼ tsp dried chilli flakes
100ml white wine
1 pinch saffron (optional)
4 tbsp tomato puree
400g chopped tomatoes, canned
sea salt and freshly ground black pepper
400g hake or cod, skinned and cubed (2 cm)
1 lemon, zest grated
1 tbsp fennel top, roughly chopped

Method:
1. Bring a pot of salted water to a boil and cook the fusilli according to package instructions. 
2. Drain and reserve 150ml of the cooking water.
3. Meanwhile, heat a skillet until hot, add the extra virgin olive oil, onion and garlic and sauté for 5 minutes until soft.
4. Add the chilli flakes and stir to combine.
5. Stir in the tomato purée, then add the white wine, bring to the boil and cook until reduced by half.
6. Add the chopped tomatoes, salt and black pepper and cook for 5 minutes.
7. Stir in the hake cubes, cover with a lid and simmer for 3-4 minutes until the fish is cooked through.
8. Add the fusilli and toss until coated, adjusting little by little with the cooking water and cooking for 1 minute to get a creamy sauce.
9. Serve topped with the grated lemon zest and fennel tops.

#ASignOfLove #Barilla #Pasta",2024-04-09T13:00:16Z,176515,8,25.0,Barilla,"Taste the real Mediterranean flavours with this Fusilli pasta Recipe! Transport your taste buds to the shores of the Mediterranean with this pasta dish full of vibrant flavours! 😎

Ingredients (serves 4):
320g Barilla Fusilli
4 tbsp extra virgin olive oil
1 medium onion, sliced
2 garlic cloves, roughly chopped
¼ tsp dried chilli flakes
100ml white wine
1 pinch saffron (optional)
4 tbsp tomato puree
400g chopped tomatoes, canned
sea salt and freshly ground black pepper
400g hake or cod, skinned and cubed (2 cm)
1 lemon, zest grated
1 tbsp fennel top, roughly chopped

Method:
1. Bring a pot of salted water to a boil and cook the fusilli according to package instructions. 
2. Drain and reserve 150ml of the cooking water.
3. Meanwhile, heat a skillet until hot, add the extra virgin olive oil, onion and garlic and sauté for 5 minutes until soft.
4. Add the chilli flakes and stir to combine.
5. Stir in the tomato purée, then add the white wine, bring to the boil and cook until reduced by half.
6. Add the chopped tomatoes, salt and black pepper and cook for 5 minutes.
7. Stir in the hake cubes, cover with a lid and simmer for 3-4 minutes until the fish is cooked through.
8. Add the fusilli and toss until coated, adjusting little by little with the cooking water and cooking for 1 minute to get a creamy sauce.
9. Serve topped with the grated lemon zest and fennel tops.

#ASignOfLove #Barilla #Pasta",https://www.youtube.com/watch?v=DJw-cVoHy0Y
kcmLZmzvRes,Nestle Crunch  1572 #shorts | Nestle Crunch,"#shorts #funny #comedy #memes #nostalgia #retro #chocolate 
Support Ukraine: https://bank.gov.ua/en/news/all/natsionalniy-bank-vidkriv-spetsrahunok-dlya-zboru-koshtiv-na-potrebi-armiyi
Slava Ukraini! 🫡
Again, several days late. Sorry for streak of late uploads...
Watch my videos on:
1. Odysee: https://odysee.com/@NestleCrunch:8",2026-03-14T16:08:14Z,74658,19,8.0,Nestle-Crunch,"Nestle Crunch  1572 #shorts | Nestle Crunch #shorts #funny #comedy #memes #nostalgia #retro #chocolate 
Support Ukraine: https://bank.gov.ua/en/news/all/natsionalniy-bank-vidkriv-spetsrahunok-dlya-zboru-koshtiv-na-potrebi-armiyi
Slava Ukraini! 🫡
Again, several days late. Sorry for streak of late uploads...
Watch my videos on:
1. Odysee: https://odysee.com/@NestleCrunch:8",https://www.youtube.com/watch?v=kcmLZmzvRes
LVU5zkzv3ME,Nestle Crunch 1562 #shorts | Nestle Crunch,"#shorts #funny #comedy #memes #nostalgia #retro #chocolate 
Support Ukraine: https://bank.gov.ua/en/news/all/natsionalniy-bank-vidkriv-spetsrahunok-dlya-zboru-koshtiv-na-potrebi-armiyi
Slava Ukraini! 🫡
2 days late! Sorry, am very busy nowadays!
Watch my videos on:
1. Odysee: https://odysee.com/@NestleCrunch:8",2026-02-22T15:45:14Z,54289,25,7.0,Nestle-Crunch,"Nestle Crunch 1562 #shorts | Nestle Crunch #shorts #funny #comedy #memes #nostalgia #retro #chocolate 
Support Ukraine: https://bank.gov.ua/en/news/all/natsionalniy-bank-vidkriv-spetsrahunok-dlya-zboru-koshtiv-na-potrebi-armiyi
Slava Ukraini! 🫡
2 days late! Sorry, am very busy nowadays!
Watch my videos on:
1. Odysee: https://odysee.com/@NestleCrunch:8",https://www.youtube.com/watch?v=LVU5zkzv3ME
5yEajxbmucQ,Nestle Crunch 1538 #shorts | Nestle Crunch,"#shorts #funny #comedy #memes #nostalgia #retro #chocolate 
Support Ukraine: https://bank.gov.ua/en/news/all/natsionalniy-bank-vidkriv-spetsrahunok-dlya-zboru-koshtiv-na-potrebi-armiyi
Slava Ukraini! 🫡
Several days late.... sorry for uploading less nowadays, am quite busy....
Watch my videos on:
1. Odysee: https://odysee.com/@NestleCrunch:8",2026-01-17T18:17:51Z,67084,49,13.0,Nestle-Crunch,"Nestle Crunch 1538 #shorts | Nestle Crunch #shorts #funny #comedy #memes #nostalgia #retro #chocolate 
Support Ukraine: https://bank.gov.ua/en/news/all/natsionalniy-bank-vidkriv-spetsrahunok-dlya-zboru-koshtiv-na-potrebi-armiyi
Slava Ukraini! 🫡
Several days late.... sorry for uploading less nowadays, am quite busy....
Watch my videos on:
1. Odysee: https://odysee.com/@NestleCrunch:8",https://www.youtube.com/watch?v=5yEajxbmucQ
mEjuLMkETlA,Heinz Chip Dip,"If it's a potato, it has to be Heinz. Yeah, that means chips too. Because a chip is basically a fry, it’s just flat and round. So we made Heinz Chip Dip. It’s ketchup for chips. 

Get a limited-edition jar at HeinzChipDip.com",2025-03-12T13:34:18Z,24859,15,16.0,Heinz,"Heinz Chip Dip If it's a potato, it has to be Heinz. Yeah, that means chips too. Because a chip is basically a fry, it’s just flat and round. So we made Heinz Chip Dip. It’s ketchup for chips. 

Get a limited-edition jar at HeinzChipDip.com",https://www.youtube.com/watch?v=mEjuLMkETlA
icmZ3z-ULGM,Heinz Unfakeable,We anonymously asked food stylists to share their tricks for making food look perfect. But there’s one thing they had no tricks for – Heinz Ketchup.,2024-04-11T15:22:37Z,569797,25,16.0,Heinz,Heinz Unfakeable We anonymously asked food stylists to share their tricks for making food look perfect. But there’s one thing they had no tricks for – Heinz Ketchup.,https://www.youtube.com/watch?v=icmZ3z-ULGM
K-TUTZwsH7M,Heinz Unfakeable,We anonymously asked food stylists to share their tricks for making food look perfect. But there’s one thing they had no tricks for – Heinz Ketchup.,2024-04-11T15:22:34Z,746194,10,31.0,Heinz,Heinz Unfakeable We anonymously asked food stylists to share their tricks for making food look perfect. But there’s one thing they had no tricks for – Heinz Ketchup.,https://www.youtube.com/watch?v=K-TUTZwsH7M
3ACPpAliqEU,Fanta Anthem (Nepal),"It’s here! 🎶

The Fanta Anthem is officially out bursting with fun, flavor, and dance that won’t let you
stop.

Turn it up. Feel it. Live the fun.",2026-03-06T11:44:29Z,4682142,21,94.0,Fanta,"Fanta Anthem (Nepal) It’s here! 🎶

The Fanta Anthem is officially out bursting with fun, flavor, and dance that won’t let you
stop.

Turn it up. Feel it. Live the fun.",https://www.youtube.com/watch?v=3ACPpAliqEU
zWrmZaPIEzI,Fanta Halloween 2025,"They are back and they WANTA FANTA!
#FantaHalloween​ 

#Fanta #Halloween 

©2025 The Coca-Cola Company. FANTA is a registered trademark of The Coca-Cola Company.
© Universal City Studios LLC. All Rights Reserved.
Chucky Franchise © Universal City Studios LLC. All Rights Reserved.
© 2025 S. Cawthon; Scott Cawthon Productions and Universal City Studios LLC. All Rights Reserved.",2025-09-02T16:22:04Z,317920,255,30.0,Fanta,"Fanta Halloween 2025 They are back and they WANTA FANTA!
#FantaHalloween​ 

#Fanta #Halloween 

©2025 The Coca-Cola Company. FANTA is a registered trademark of The Coca-Cola Company.
© Universal City Studios LLC. All Rights Reserved.
Chucky Franchise © Universal City Studios LLC. All Rights Reserved.
© 2025 S. Cawthon; Scott Cawthon Productions and Universal City Studios LLC. All Rights Reserved.",https://www.youtube.com/watch?v=zWrmZaPIEzI
QzjAHci8ppc,Twas' the Night Before Spritemas - :15,"Twas the night before Spritemas but feelin' mad lame, cause Santa was out with a high ankle sprain. We needed a sub that was down for the cause, and into the game came our man Anta Claus. Skip the egg nog this holiday season. It’s time for Sprite Winter Spiced Cranberry.",2025-10-21T17:40:21Z,58478170,16,16.0,Sprite,"Twas' the Night Before Spritemas - :15 Twas the night before Spritemas but feelin' mad lame, cause Santa was out with a high ankle sprain. We needed a sub that was down for the cause, and into the game came our man Anta Claus. Skip the egg nog this holiday season. It’s time for Sprite Winter Spiced Cranberry.",https://www.youtube.com/watch?v=QzjAHci8ppc
asvysjG4wWE,Sprite x Spicy,"Spicy కి ఇవ్వు Sprite యొక్క తడకా!

(SPICY KI IVVU SPRITE YOKKA TADAKAA!)

#Sprite #SpriteKaTadka",2025-09-03T07:26:25Z,6270637,14,30.0,Sprite,"Sprite x Spicy Spicy కి ఇవ్వు Sprite యొక్క తడకా!

(SPICY KI IVVU SPRITE YOKKA TADAKAA!)

#Sprite #SpriteKaTadka",https://www.youtube.com/watch?v=asvysjG4wWE
sU5DMTWxJV0,Success Hurts,"We decided to make it official. Welcome to Sprite, Jalen Hurts.",2025-07-28T13:01:26Z,381721,20,7.0,Sprite,"Success Hurts We decided to make it official. Welcome to Sprite, Jalen Hurts.",https://www.youtube.com/watch?v=sU5DMTWxJV0
pPHI2zNf_ww,The Choice | Pepsi | Super Bowl,"Pepsi’s Super Bowl LX spot, “The Choice,” directed by Academy Award®–winning filmmaker Taika Waititi, puts taste to the test as a cola‑loving polar bear takes the iconic Pepsi Challenge—and chooses Pepsi Zero Sugar. The spot brings the Pepsi Paradox to life, proving once again that when labels disappear, Pepsi wins on taste. Watch the journey of bold discovery and join America in rethinking its favorite cola.",2026-01-29T15:00:07Z,2469348,5184,46.0,Pepsi,"The Choice | Pepsi | Super Bowl Pepsi’s Super Bowl LX spot, “The Choice,” directed by Academy Award®–winning filmmaker Taika Waititi, puts taste to the test as a cola‑loving polar bear takes the iconic Pepsi Challenge—and chooses Pepsi Zero Sugar. The spot brings the Pepsi Paradox to life, proving once again that when labels disappear, Pepsi wins on taste. Watch the journey of bold discovery and join America in rethinking its favorite cola.",https://www.youtube.com/watch?v=pPHI2zNf_ww
46cyh7ARQAc,Just leaving a trail of breadcrumbs. Are you following?,,2026-01-27T17:12:15Z,51369,402,21.0,Pepsi,Just leaving a trail of breadcrumbs. Are you following? ,https://www.youtube.com/watch?v=46cyh7ARQAc
ZyXfia8l_aM,Tune in only if you’re ready to embrace the truth.,,2026-01-25T17:00:53Z,177943,502,16.0,Pepsi,Tune in only if you’re ready to embrace the truth. ,https://www.youtube.com/watch?v=ZyXfia8l_aM
NNzXcRS4l_E,You know we had to make an entrance.,,2025-12-05T21:20:07Z,23233,36,10.0,Pepsi,You know we had to make an entrance. ,https://www.youtube.com/watch?v=NNzXcRS4l_E
Qb0Qtk7sRDE,"Bro is busy drinking Pepsi, def not reading.",,2025-09-14T18:05:38Z,7292,17,12.0,Pepsi,"Bro is busy drinking Pepsi, def not reading. ",https://www.youtube.com/watch?v=Qb0Qtk7sRDE
EKv6uCWToY4,Raise your hand if you’ve made friends with the crusts 🖐️,,2025-09-08T21:24:28Z,8823,20,20.0,Pepsi,Raise your hand if you’ve made friends with the crusts 🖐️ ,https://www.youtube.com/watch?v=EKv6uCWToY4
cuBvxGb5PHc,Parents had it wrong. We should ALWAYS play with our food.,,2025-09-05T21:12:18Z,7745,12,10.0,Pepsi,Parents had it wrong. We should ALWAYS play with our food. ,https://www.youtube.com/watch?v=cuBvxGb5PHc
mJTvnlWWvj4,"We don’t care if it’s still 90 degrees outside, it’s officially time to prep for sweater weather.",,2025-09-02T16:04:47Z,6900,26,11.0,Pepsi,"We don’t care if it’s still 90 degrees outside, it’s officially time to prep for sweater weather. ",https://www.youtube.com/watch?v=mJTvnlWWvj4
RWg1s7DQqxw,How To Make Iced Tea – Quick Chill Recipe,"How To Make Iced Tea – Quick Chill Recipe
Enjoy your Iced Tea in 5mins with this easy hack!
Step 1 - Fill half a 2QT pitcher with boiling water
Step 2 -  Add 5 tea bags/2 Family tea bags for 3-5 mins
Step 3 - Fill the rest of the pitcher with ice and enjoy!",2021-04-22T20:24:49Z,721402,114,12.0,Lipton,"How To Make Iced Tea – Quick Chill Recipe How To Make Iced Tea – Quick Chill Recipe
Enjoy your Iced Tea in 5mins with this easy hack!
Step 1 - Fill half a 2QT pitcher with boiling water
Step 2 -  Add 5 tea bags/2 Family tea bags for 3-5 mins
Step 3 - Fill the rest of the pitcher with ice and enjoy!",https://www.youtube.com/watch?v=RWg1s7DQqxw
eOGtC8Nnt74,How To Make Lipton Long Brew Cold Brew,"Lipton Long Brew Cold Brew Recipe
Step 1: Add 2 Lipton Cold Brew Tea Bags to pitcher
Step 2:  Pour 8 cups cold water in pitcher (No boiling needed!)
Step 3: Refrigerate overnight for 8 hours
Step 4: Pour over ice
Step 5: Garnish & enjoy!

LEARN MORE ABOUT LIPTON
Subscribe to Lipton’s Tea Club for latest offers and news: https://www.lipton.com/us/en/tea-club...​
Subscribe to Youtube: https://www.youtube.com/user/liptontea​​
Follow us on Facebook: https://www.facebook.com/LiptonUS/​​
Follow us on Instagram: https://www.instagram.com/liptonUSA/​​
Follow us on Twitter: https://twitter.com/Lipton​",2021-03-29T15:01:58Z,38650,12,16.0,Lipton,"How To Make Lipton Long Brew Cold Brew Lipton Long Brew Cold Brew Recipe
Step 1: Add 2 Lipton Cold Brew Tea Bags to pitcher
Step 2:  Pour 8 cups cold water in pitcher (No boiling needed!)
Step 3: Refrigerate overnight for 8 hours
Step 4: Pour over ice
Step 5: Garnish & enjoy!

LEARN MORE ABOUT LIPTON
Subscribe to Lipton’s Tea Club for latest offers and news: https://www.lipton.com/us/en/tea-club...​
Subscribe to Youtube: https://www.youtube.com/user/liptontea​​
Follow us on Facebook: https://www.facebook.com/LiptonUS/​​
Follow us on Instagram: https://www.instagram.com/liptonUSA/​​
Follow us on Twitter: https://twitter.com/Lipton​",https://www.youtube.com/watch?v=eOGtC8Nnt74
IabhqGI1q1M,Lipton Thai Iced Tea Recipe,"How To Make Lipton Thai Iced Tea
Step 1: Boil water & brew Lipton Extra Bold tea for 4 minutes
Step 2: Add in 1/8 tsp vanilla extract and 1 tbsp sugar
Step 3: Pour tea over ice
Step 4: Add 1 tbsp condensed milk
Step 5: Enjoy!

LEARN MORE ABOUT LIPTON
Subscribe to Lipton’s Tea Club for latest offers and news: https://www.lipton.com/us/en/tea-club...​
Subscribe to Youtube: https://www.youtube.com/user/liptontea​
Follow us on Facebook: https://www.facebook.com/LiptonUS/​
Follow us on Instagram: https://www.instagram.com/liptonUSA/​
Follow us on Twitter: https://twitter.com/Lipton​",2021-03-29T14:52:40Z,55788,18,16.0,Lipton,"Lipton Thai Iced Tea Recipe How To Make Lipton Thai Iced Tea
Step 1: Boil water & brew Lipton Extra Bold tea for 4 minutes
Step 2: Add in 1/8 tsp vanilla extract and 1 tbsp sugar
Step 3: Pour tea over ice
Step 4: Add 1 tbsp condensed milk
Step 5: Enjoy!

LEARN MORE ABOUT LIPTON
Subscribe to Lipton’s Tea Club for latest offers and news: https://www.lipton.com/us/en/tea-club...​
Subscribe to Youtube: https://www.youtube.com/user/liptontea​
Follow us on Facebook: https://www.facebook.com/LiptonUS/​
Follow us on Instagram: https://www.instagram.com/liptonUSA/​
Follow us on Twitter: https://twitter.com/Lipton​",https://www.youtube.com/watch?v=IabhqGI1q1M
tw2-8GmJ3xE,Lipton Can Help Support A Healthy Heart,"One simple, delicious way to take care of your heart is to drink unsweetened Lipton Green or Black Tea, either hot or iced. Lipton Green and Black Teas have no added sugar, are hydrating, and contain about 150mg and 170mg of flavonoids per serving, respectively. Flavonoids are natural dietary compounds, which have long been associated with heart health benefits. 

Lipton is a proud sponsor of the American Heart Association's Life is Why campaign. The American Heart Association’s relationship is limited to Unsweetened Lipton Black Tea and Green Tea.",2021-01-28T17:18:45Z,35447,12,16.0,Lipton,"Lipton Can Help Support A Healthy Heart One simple, delicious way to take care of your heart is to drink unsweetened Lipton Green or Black Tea, either hot or iced. Lipton Green and Black Teas have no added sugar, are hydrating, and contain about 150mg and 170mg of flavonoids per serving, respectively. Flavonoids are natural dietary compounds, which have long been associated with heart health benefits. 

Lipton is a proud sponsor of the American Heart Association's Life is Why campaign. The American Heart Association’s relationship is limited to Unsweetened Lipton Black Tea and Green Tea.",https://www.youtube.com/watch?v=tw2-8GmJ3xE
eotYX8V4DC0,How to Make Milk Tea with Lipton,"Make a cup of milk tea fit for a queen! Follow this British method for how to brew the perfect cup of homemade milk tea every time. 

Visit the site for the full guide:
https://www.lipton.com/us/en/world-of-tea/how-to-make-milk-tea.html",2019-09-03T09:39:19Z,208546,75,19.0,Lipton,"How to Make Milk Tea with Lipton Make a cup of milk tea fit for a queen! Follow this British method for how to brew the perfect cup of homemade milk tea every time. 

Visit the site for the full guide:
https://www.lipton.com/us/en/world-of-tea/how-to-make-milk-tea.html",https://www.youtube.com/watch?v=eotYX8V4DC0
iT-JNGaUoBE,Recipe for Lipton DIY Iced Tea,"Try your hand at this homemade iced tea recipe using Lipton Green Tea with Mint teabags! 

Ingredients:
2 tsp. ground cinnamon
1/4 tsp. vanilla extract
2 cups water
2 Lipton® Mint Green Tea Bags
Juice of 1 orange
Ice cubes or crushed ice

Visit the site for the full recipe: https://www.lipton.com/us/en/world-of-tea/recipes/lipton-green-tea-with-mint-homemade-iced-tea.html",2019-08-23T13:16:13Z,133046,25,40.0,Lipton,"Recipe for Lipton DIY Iced Tea Try your hand at this homemade iced tea recipe using Lipton Green Tea with Mint teabags! 

Ingredients:
2 tsp. ground cinnamon
1/4 tsp. vanilla extract
2 cups water
2 Lipton® Mint Green Tea Bags
Juice of 1 orange
Ice cubes or crushed ice

Visit the site for the full recipe: https://www.lipton.com/us/en/world-of-tea/recipes/lipton-green-tea-with-mint-homemade-iced-tea.html",https://www.youtube.com/watch?v=iT-JNGaUoBE
s8irxltl2Xc,Empowering Women in Tea Farming Communities,"Lipton and WE are working together to empower 80,000 women and their families in Kenyan tea-farming communities. When you choose Lipton, you show your support for the programs that provide female tea farmers with access to empowerment tools (including financial and business skills training), helping them grow the money they earn and become leaders in their communities.",2018-04-18T22:46:41Z,15428,11,196.0,Lipton,"Empowering Women in Tea Farming Communities Lipton and WE are working together to empower 80,000 women and their families in Kenyan tea-farming communities. When you choose Lipton, you show your support for the programs that provide female tea farmers with access to empowerment tools (including financial and business skills training), helping them grow the money they earn and become leaders in their communities.",https://www.youtube.com/watch?v=s8irxltl2Xc
rwLjDQPgQ4s,Perfection | Lipton Sparkling Iced Tea | #BeMoreTea,"Imagine the lightness of bubbles with the great taste of tea… combined into one delicious new product! The tea experts at Lipton are bringing you a delicious, lightly carbonated iced tea infused with smooth, crisp bubbles for a refreshingly uplifting feeling.  Made with natural flavors, the light taste of new Lipton Sparkling Iced Tea is a great way to refresh yourself throughout the day.

#BeMoreTea",2015-12-26T15:30:10Z,15772,11,27.0,Lipton,"Perfection | Lipton Sparkling Iced Tea | #BeMoreTea Imagine the lightness of bubbles with the great taste of tea… combined into one delicious new product! The tea experts at Lipton are bringing you a delicious, lightly carbonated iced tea infused with smooth, crisp bubbles for a refreshingly uplifting feeling.  Made with natural flavors, the light taste of new Lipton Sparkling Iced Tea is a great way to refresh yourself throughout the day.

#BeMoreTea",https://www.youtube.com/watch?v=rwLjDQPgQ4s
u0RmjuupzgA,REIGNITION | Alan Ampudia Unveils His Wildest Off-Road Truck Yet,"2X Baja World Champion Alan Ampudia is back behind the wheel, revealing his 2026 trophy truck livery. From the shop to full-speed runs, the film captures the truck in action - big jumps, deep whoops, and long desert lines. This is the first look at the new truck doing what it was built for.

Follow us:
http://www.instagram.com/MonsterEnergy
http://www.facebook.com/MonsterEnergy
http://www.twitter.com/MonsterEnergy
https://www.tiktok.com/@monsterenergy
http://www.youtube.com/MonsterEnergy
http://www.twitch.tv/monsterenergy

#MonsterEnergy #OffRoad #Motorsport",2026-03-22T16:01:20Z,9432,19,176.0,Monster Energy,"REIGNITION | Alan Ampudia Unveils His Wildest Off-Road Truck Yet 2X Baja World Champion Alan Ampudia is back behind the wheel, revealing his 2026 trophy truck livery. From the shop to full-speed runs, the film captures the truck in action - big jumps, deep whoops, and long desert lines. This is the first look at the new truck doing what it was built for.

Follow us:
http://www.instagram.com/MonsterEnergy
http://www.facebook.com/MonsterEnergy
http://www.twitter.com/MonsterEnergy
https://www.tiktok.com/@monsterenergy
http://www.youtube.com/MonsterEnergy
http://www.twitch.tv/monsterenergy

#MonsterEnergy #OffRoad #Motorsport",https://www.youtube.com/watch?v=u0RmjuupzgA
E6NAUt21rcw,Tory Snyder sending it on St. Paddy's Day 😤,,2026-03-17T16:00:31Z,31902,11,11.0,Monster Energy,Tory Snyder sending it on St. Paddy's Day 😤 ,https://www.youtube.com/watch?v=E6NAUt21rcw
Hb3nbDbfpUY,SwampFest madness 😮‍💨,,2026-03-16T15:00:26Z,40294,11,21.0,Monster Energy,SwampFest madness 😮‍💨 ,https://www.youtube.com/watch?v=Hb3nbDbfpUY
1KU9nFyKoWc,130 m² of chocolate heaven: The opening of the Lindt boutique at Zurich airport,"https://www.lindt-spruengli.com

https://www.chocolate.lindt.com/travel-retail/

LINDT brand ambassador Roger Federer and Maître Chocolatier Stefan Bruderer ceremoniously opened the newly designed LINDT Chocolate Boutique at Zurich Airport. At Level 2 in the Airside Center at Zurich Airport, passengers at Zurich Airport can expect a world full of exclusive crea-tions, only available in the creations available there, which leave nothing to be desired by real chocolate lovers. 

Following the official opening, the world-famous tennis star visibly enjoyed the unique chocolate tour by Lindt Maître chocolatier Stefan Bruderer, who personally guided the star guest through the Chocolate Boutique and presented him with all the highlights that chocolate fans from all over the world can expect on 130 m² of sales space. 

A special highlight of the boutique is the new Maître Chocolatier counter, where LINDT Maîtres Chocolatiers demonstrate their craftsmanship with great attention to detail and passengers can experience chocolate up close. In the Chocolate Boutique, the large selection of exquisite master-pieces, chocolate figures, chocolate lollipops, fresh bars and the very exclusive LINDT Piemonte are freshly prepared every day. 

For true LINDOR fans, the true chocolate paradise is located at the impressive colourful Pick & Mix world where they can put together their own personal mix from around 18 different LINDOR balls. Roger Federer immediately took the opportunity and, with the expert advice of Maître Chocolatier Stefan Bruderer, also enjoyed previously unknown lindor creations. He was visibly pleased to be present at the grand opening ceremony and confessed: ""The new Chocolate Boutique is my perfect Lindt Stopover at Zurich Airport and makes my departure from Switzerland easier"". 

At the renowned gift specialist Lindt & Sprüngli, personalization is a top priority. For this purpose, the gift station in the boutique offers numerous opportunities to turn gifts for loved ones into an individual eye-catcher with personalized ribbons, stickers and fine packaging. In addition, the new Magical Selfie Mirror enriches the interactive shopping experience. Passengers can make a Selfie in the boutique, design it with different frames, send it digitally or print it out on site and perfectly complement the gift. 

To sweeten the farewell from Switzerland for the passengers, the exclusive Travel Retail range was supplemented with a selection of products dedicated to the Swiss home of Lindt & Sprüngli. Start-ing with a Zurich edition of the new LINDT Swiss Masterpieces gift box, through a Swiss Tourist Board, to a Swiss edition of the LINDT Napolitain World Traveller Collection cans. 

https://www.lindt-spruengli.com

https://www.chocolate.lindt.com/travel-retail/",2019-06-20T15:09:10Z,12051,9,96.0,Lindt,"130 m² of chocolate heaven: The opening of the Lindt boutique at Zurich airport https://www.lindt-spruengli.com

https://www.chocolate.lindt.com/travel-retail/

LINDT brand ambassador Roger Federer and Maître Chocolatier Stefan Bruderer ceremoniously opened the newly designed LINDT Chocolate Boutique at Zurich Airport. At Level 2 in the Airside Center at Zurich Airport, passengers at Zurich Airport can expect a world full of exclusive crea-tions, only available in the creations available there, which leave nothing to be desired by real chocolate lovers. 

Following the official opening, the world-famous tennis star visibly enjoyed the unique chocolate tour by Lindt Maître chocolatier Stefan Bruderer, who personally guided the star guest through the Chocolate Boutique and presented him with all the highlights that chocolate fans from all over the world can expect on 130 m² of sales space. 

A special highlight of the boutique is the new Maître Chocolatier counter, where LINDT Maîtres Chocolatiers demonstrate their craftsmanship with great attention to detail and passengers can experience chocolate up close. In the Chocolate Boutique, the large selection of exquisite master-pieces, chocolate figures, chocolate lollipops, fresh bars and the very exclusive LINDT Piemonte are freshly prepared every day. 

For true LINDOR fans, the true chocolate paradise is located at the impressive colourful Pick & Mix world where they can put together their own personal mix from around 18 different LINDOR balls. Roger Federer immediately took the opportunity and, with the expert advice of Maître Chocolatier Stefan Bruderer, also enjoyed previously unknown lindor creations. He was visibly pleased to be present at the grand opening ceremony and confessed: ""The new Chocolate Boutique is my perfect Lindt Stopover at Zurich Airport and makes my departure from Switzerland easier"". 

At the renowned gift specialist Lindt & Sprüngli, personalization is a top priority. For this purpose, the gift station in the boutique offers numerous opportunities to turn gifts for loved ones into an individual eye-catcher with personalized ribbons, stickers and fine packaging. In addition, the new Magical Selfie Mirror enriches the interactive shopping experience. Passengers can make a Selfie in the boutique, design it with different frames, send it digitally or print it out on site and perfectly complement the gift. 

To sweeten the farewell from Switzerland for the passengers, the exclusive Travel Retail range was supplemented with a selection of products dedicated to the Swiss home of Lindt & Sprüngli. Start-ing with a Zurich edition of the new LINDT Swiss Masterpieces gift box, through a Swiss Tourist Board, to a Swiss edition of the LINDT Napolitain World Traveller Collection cans. 

https://www.lindt-spruengli.com

https://www.chocolate.lindt.com/travel-retail/",https://www.youtube.com/watch?v=1KU9nFyKoWc
4JM4WHIijCc,"Roger Federer & LINDT: ""My hands are shaking""","Roger Federer joins chocolate fans from around the world at the LINDT headquarters in Kilchberg (CH). Get to know how Roger Federer feels about meeting his fans from all around the world - and how they feel about meeting the Swiss tennis star at Lindt. 

Find out more about events with Roger Federer & Lindt: http://www.chocolate.lindt.com/world-of-lindt/roger-federer/",2017-02-02T16:01:32Z,62017,11,166.0,Lindt,"Roger Federer & LINDT: ""My hands are shaking"" Roger Federer joins chocolate fans from around the world at the LINDT headquarters in Kilchberg (CH). Get to know how Roger Federer feels about meeting his fans from all around the world - and how they feel about meeting the Swiss tennis star at Lindt. 

Find out more about events with Roger Federer & Lindt: http://www.chocolate.lindt.com/world-of-lindt/roger-federer/",https://www.youtube.com/watch?v=4JM4WHIijCc
xNklFAknpoo,Roger Federer & Lindt #MannequinChallenge 2016,"See what happened when @RogerFederer couldn’t resist our smooth melting LINDOR Chocolate.

Our brand ambassador Roger Federer loves challenges as much as we do. So, call us the perfect team! Together we‘ve decided to accept this year‘s #MannequinChallenge. Get ready now: We proudly present our video, filmed in the world famous LINDT Chocolateria in Kilchberg (Switzerland). 

Love it? Then please feel free to like us on Facebook: https://www.facebook.com/lindtchocolateworld/",2016-11-23T13:54:06Z,69789,32,65.0,Lindt,"Roger Federer & Lindt #MannequinChallenge 2016 See what happened when @RogerFederer couldn’t resist our smooth melting LINDOR Chocolate.

Our brand ambassador Roger Federer loves challenges as much as we do. So, call us the perfect team! Together we‘ve decided to accept this year‘s #MannequinChallenge. Get ready now: We proudly present our video, filmed in the world famous LINDT Chocolateria in Kilchberg (Switzerland). 

Love it? Then please feel free to like us on Facebook: https://www.facebook.com/lindtchocolateworld/",https://www.youtube.com/watch?v=xNklFAknpoo
TVoHWQOyUp8,Die LINDT Difference - Was macht die LINDT Schokolade so besonders gut?,,2016-09-07T09:37:11Z,26260,14,126.0,Lindt,Die LINDT Difference - Was macht die LINDT Schokolade so besonders gut? ,https://www.youtube.com/watch?v=TVoHWQOyUp8
NFoKeOWQ2xU,"Willkommen bei Lindt & Sprüngli, dem weltweit führenden Hersteller von Premiumschokolade","Lindt & Sprüngli ist der führende Schweizer Hersteller von Premiumschokolade. Das grosse Produktangebot ist in mehr als 120 Ländern weltweit erhältlich. Seit 170 Jahren bestätigt Lindt & Sprüngli seinen Ruf als eine der innovativsten und kreativsten Firmen im Premium-Schokoladesegment mit der globalen Marke Lindt, sowie den weiteren Marken Ghirardelli, Hofbauer, Küfferle, Caffarel und seit 2014 auch Russel Stover/Whitman’s.",2016-09-07T09:09:25Z,22711,9,103.0,Lindt,"Willkommen bei Lindt & Sprüngli, dem weltweit führenden Hersteller von Premiumschokolade Lindt & Sprüngli ist der führende Schweizer Hersteller von Premiumschokolade. Das grosse Produktangebot ist in mehr als 120 Ländern weltweit erhältlich. Seit 170 Jahren bestätigt Lindt & Sprüngli seinen Ruf als eine der innovativsten und kreativsten Firmen im Premium-Schokoladesegment mit der globalen Marke Lindt, sowie den weiteren Marken Ghirardelli, Hofbauer, Küfferle, Caffarel und seit 2014 auch Russel Stover/Whitman’s.",https://www.youtube.com/watch?v=NFoKeOWQ2xU
ef1-BThPWU4,Roger Federer discovers the LINDT Difference - Part 2: Unique roasting,Roger Federer visits the headquarters of Lindt & Sprüngli in Switzerland to find out what makes Lindt chocolate so exceptional.,2016-08-25T13:15:13Z,7929,16,39.0,Lindt,Roger Federer discovers the LINDT Difference - Part 2: Unique roasting Roger Federer visits the headquarters of Lindt & Sprüngli in Switzerland to find out what makes Lindt chocolate so exceptional.,https://www.youtube.com/watch?v=ef1-BThPWU4
Q0JZUAGkIcs,Roger Federer discovers the LINDT Difference - Part 3: The LINDT invention,Roger Federer visits the headquarters of Lindt & Sprüngli in Switzerland to find out what makes Lindt chocolate so exceptional.,2016-08-25T13:14:50Z,5795,25,41.0,Lindt,Roger Federer discovers the LINDT Difference - Part 3: The LINDT invention Roger Federer visits the headquarters of Lindt & Sprüngli in Switzerland to find out what makes Lindt chocolate so exceptional.,https://www.youtube.com/watch?v=Q0JZUAGkIcs
f6Xyqris8i0,Roger Federer discovers the LINDT Difference - Part 4: Best ingredients,Roger Federer visits the headquarters of Lindt & Sprüngli in Switzerland to find out what makes Lindt chocolate so exceptional.,2016-08-25T13:14:26Z,5326,21,41.0,Lindt,Roger Federer discovers the LINDT Difference - Part 4: Best ingredients Roger Federer visits the headquarters of Lindt & Sprüngli in Switzerland to find out what makes Lindt chocolate so exceptional.,https://www.youtube.com/watch?v=f6Xyqris8i0
7DM2jPwMw74,Roger Federer discovers the LINDT Difference - Part 5: Finishing with perfection,Roger Federer visits the headquarters of Lindt & Sprüngli in Switzerland to find out what makes Lindt chocolate so exceptional.,2016-08-23T09:25:49Z,7646,27,40.0,Lindt,Roger Federer discovers the LINDT Difference - Part 5: Finishing with perfection Roger Federer visits the headquarters of Lindt & Sprüngli in Switzerland to find out what makes Lindt chocolate so exceptional.,https://www.youtube.com/watch?v=7DM2jPwMw74
9uuVuQKPdeU,How is the LINDT GoldBunny actually being made_English version,"See behind the curtains of the LINDT Goldbunny production. Discover the world of the sweet Goldbunny, how he's being created and dressed in his golden coat. No matter if it's a 100g or 1kg Goldbunny - all are being treated nicely and with a lot of passion.",2016-04-07T09:01:13Z,353980,185,182.0,Lindt,"How is the LINDT GoldBunny actually being made_English version See behind the curtains of the LINDT Goldbunny production. Discover the world of the sweet Goldbunny, how he's being created and dressed in his golden coat. No matter if it's a 100g or 1kg Goldbunny - all are being treated nicely and with a lot of passion.",https://www.youtube.com/watch?v=9uuVuQKPdeU
23ygTFuWT0I,Roger Federer discovers the LINDT Difference - Part 4: Best ingredients,Roger Federer visits the headquarters of Lindt & Sprüngli in Switzerland to find out what makes Lindt chocolate so exceptional.,2016-01-28T15:33:45Z,7361,9,59.0,Lindt,Roger Federer discovers the LINDT Difference - Part 4: Best ingredients Roger Federer visits the headquarters of Lindt & Sprüngli in Switzerland to find out what makes Lindt chocolate so exceptional.,https://www.youtube.com/watch?v=23ygTFuWT0I
tioQsj9znEU,Roger Federer discovers the LINDT Difference - Part 2: Unique roasting,Roger Federer visits the headquarters of Lindt & Sprüngli in Switzerland to find out what makes Lindt chocolate so exceptional.,2016-01-28T15:19:22Z,9673,10,63.0,Lindt,Roger Federer discovers the LINDT Difference - Part 2: Unique roasting Roger Federer visits the headquarters of Lindt & Sprüngli in Switzerland to find out what makes Lindt chocolate so exceptional.,https://www.youtube.com/watch?v=tioQsj9znEU
uP3hjc5_SMQ,Roger Federer - Fun times at Lindt & Sprüngli,"Tennis player Roger Federer joins chocolate fans from around the world at the LINDT headquarters in Kilchberg (CH). Discover together with Roger what makes LINDT chocolate so exceptional and watch him creating his own special LINDT praline.

Find out more about events with Roger Federer & Lindt: http://www.chocolate.lindt.com/world-of-lindt/roger-federer/",2015-12-04T08:38:53Z,51330,23,137.0,Lindt,"Roger Federer - Fun times at Lindt & Sprüngli Tennis player Roger Federer joins chocolate fans from around the world at the LINDT headquarters in Kilchberg (CH). Discover together with Roger what makes LINDT chocolate so exceptional and watch him creating his own special LINDT praline.

Find out more about events with Roger Federer & Lindt: http://www.chocolate.lindt.com/world-of-lindt/roger-federer/",https://www.youtube.com/watch?v=uP3hjc5_SMQ
al-7KfqbFs8,"Welcome at Lindt & Sprüngli, leader in the market for premium chocolate","Lindt & Sprüngli is a Swiss chocolate manufacturer and recognized as leader in the market for premium chocolate, offering a large selection of products in more than 120 countries around the world. During the 170 years of Lindt & Sprüngli's existence, it has become known as one of the most innovative and creative companies making premium chocolate under the key brand LINDT, but as well under Ghirardelli, Hofbauer, Küfferle, Caffarel and since 2014 Russel Stover/Whitman’s brands.",2015-02-02T10:38:59Z,70167,18,103.0,Lindt,"Welcome at Lindt & Sprüngli, leader in the market for premium chocolate Lindt & Sprüngli is a Swiss chocolate manufacturer and recognized as leader in the market for premium chocolate, offering a large selection of products in more than 120 countries around the world. During the 170 years of Lindt & Sprüngli's existence, it has become known as one of the most innovative and creative companies making premium chocolate under the key brand LINDT, but as well under Ghirardelli, Hofbauer, Küfferle, Caffarel and since 2014 Russel Stover/Whitman’s brands.",https://www.youtube.com/watch?v=al-7KfqbFs8
67o-nU3fE8k,EXCLUSIVE Roger Federer vs. Lindsey Vonn alone on the glacier,"WATCH what really happened when Roger Federer and Lindsey Vonn played a secret challenge just by themselves on the glacier.

See the official event video: http://youtu.be/18lN6JKK71I
See the full Skype call: http://youtu.be/NYjnmLjnTko

To learn more go to http://chocolateheaven.lindt.com",2014-07-17T12:23:56Z,1286717,97,101.0,Lindt,"EXCLUSIVE Roger Federer vs. Lindsey Vonn alone on the glacier WATCH what really happened when Roger Federer and Lindsey Vonn played a secret challenge just by themselves on the glacier.

See the official event video: http://youtu.be/18lN6JKK71I
See the full Skype call: http://youtu.be/NYjnmLjnTko

To learn more go to http://chocolateheaven.lindt.com",https://www.youtube.com/watch?v=67o-nU3fE8k
18lN6JKK71I,Roger Federer vs. Lindsey Vonn - OFFICIAL #ChocolateHeaven Event,"For the opening of the Lindt Swiss #ChocolateHeaven - the highest Lindt Shop on the Jungfraujoch (3454 m a.s.l.) - Roger Federer challenged Lindsey Vonn on a court in the middle of snow and ice.
EXCLUSIVE - See the two alone on the glacier: http://youtu.be/67o-nU3fE8k

See the full Skype Call: http://youtu.be/NYjnmLjnTko

To learn more go to http://chocolateheaven.lindt.com",2014-07-17T09:40:41Z,236305,29,125.0,Lindt,"Roger Federer vs. Lindsey Vonn - OFFICIAL #ChocolateHeaven Event For the opening of the Lindt Swiss #ChocolateHeaven - the highest Lindt Shop on the Jungfraujoch (3454 m a.s.l.) - Roger Federer challenged Lindsey Vonn on a court in the middle of snow and ice.
EXCLUSIVE - See the two alone on the glacier: http://youtu.be/67o-nU3fE8k

See the full Skype Call: http://youtu.be/NYjnmLjnTko

To learn more go to http://chocolateheaven.lindt.com",https://www.youtube.com/watch?v=18lN6JKK71I
NYjnmLjnTko,Roger Federer skypes with Lindsey Vonn,"Roger Federer - just returned from the Wimbledon finals 2014 - skypes with American ski racer Lindsey Vonn. WATCH the challenge here: http://youtu.be/67o-nU3fE8k

See the official event video: http://youtu.be/18lN6JKK71I
To learn more go to http://chocolateheaven.lindt.com

It all started on Twitter: http://olympictalk.nbcsports.com/2013/10/29/lindsey-vonn-roger-federer-tennis-golf-skiing/",2014-07-11T10:54:33Z,709710,176,179.0,Lindt,"Roger Federer skypes with Lindsey Vonn Roger Federer - just returned from the Wimbledon finals 2014 - skypes with American ski racer Lindsey Vonn. WATCH the challenge here: http://youtu.be/67o-nU3fE8k

See the official event video: http://youtu.be/18lN6JKK71I
To learn more go to http://chocolateheaven.lindt.com

It all started on Twitter: http://olympictalk.nbcsports.com/2013/10/29/lindsey-vonn-roger-federer-tennis-golf-skiing/",https://www.youtube.com/watch?v=NYjnmLjnTko
zdpmSlii_AY,Why LINDT chocolate is special,"Chocolate, back then
The year was 1879. Rodolphe Lindt, the son of a Bernese pharmacist, wanted to produce chocolate. Now you should know that chocolate at the time was hard: hard to process and hard to eat.  You really had to chew it. It wasn't really sweet either; it was still pretty bitter. It was hardly what you would now call a pleasurable experience.

The adventure begins
Rodolphe Lindt was a confectioner and an epicurean1 and made it his goal to create a chocolate that was mild and would melt in the mouth. Something you could enjoy. How he would get there he did not yet know back then. He bought an old factory hall with antiquated machines and began to experiment with the help of his brother, Auguste, a pharmacist like their father. 

A long journey
First the white coating on the chocolate had to be removed - crystallised fat which, although it was harmless, was not particularly appealing. When that was done, they went about refining the chocolate. More cocoa beans? Cocoa butter even? Nobody had tried so many variations up until then! He worked on the recipe, ran some ideas through his head, tinkered around, but no matter what he did, he did not get any closer to his goal. 

Chocolate, melt-in-the-mouth at last
But then came that Friday evening that was to revolutionise the world of chocolate. Lindt, close to giving up, left his factory without having finished his work -- and in particular, without switching off the machine. Did he forget because he was in a hurry? Or was it intentional? Perhaps he had some sort of hunch. We do not know. But the machine kept on working all weekend. When Lindt entered his factory the following Monday morning, his initial reaction was one of shock. But what he found in the stirrer tank was anything but a disaster.

The full aroma
Instead, it gleamed, and had a seductive aroma. When he tasted it, he was the very first person to experience how chocolate could develop its full aroma. And how it melts in the mouth! He called his achievement ""chocolat fondant"", melt-in-the-mouth chocolate. 

The secret
Well what exactly is the secret behind LINDT chocolate? One thing is for sure: Conching, the stirring for hours, is part of it. That was probably Rodolphe Lindt's finest discovery. What else was needed? Cocoa butter of course, and the right cocoa beans in the right proportion to one another. We won't reveal any more. After all, a bit of secrecy is allowed.",2014-04-07T15:31:38Z,37571,10,105.0,Lindt,"Why LINDT chocolate is special Chocolate, back then
The year was 1879. Rodolphe Lindt, the son of a Bernese pharmacist, wanted to produce chocolate. Now you should know that chocolate at the time was hard: hard to process and hard to eat.  You really had to chew it. It wasn't really sweet either; it was still pretty bitter. It was hardly what you would now call a pleasurable experience.

The adventure begins
Rodolphe Lindt was a confectioner and an epicurean1 and made it his goal to create a chocolate that was mild and would melt in the mouth. Something you could enjoy. How he would get there he did not yet know back then. He bought an old factory hall with antiquated machines and began to experiment with the help of his brother, Auguste, a pharmacist like their father. 

A long journey
First the white coating on the chocolate had to be removed - crystallised fat which, although it was harmless, was not particularly appealing. When that was done, they went about refining the chocolate. More cocoa beans? Cocoa butter even? Nobody had tried so many variations up until then! He worked on the recipe, ran some ideas through his head, tinkered around, but no matter what he did, he did not get any closer to his goal. 

Chocolate, melt-in-the-mouth at last
But then came that Friday evening that was to revolutionise the world of chocolate. Lindt, close to giving up, left his factory without having finished his work -- and in particular, without switching off the machine. Did he forget because he was in a hurry? Or was it intentional? Perhaps he had some sort of hunch. We do not know. But the machine kept on working all weekend. When Lindt entered his factory the following Monday morning, his initial reaction was one of shock. But what he found in the stirrer tank was anything but a disaster.

The full aroma
Instead, it gleamed, and had a seductive aroma. When he tasted it, he was the very first person to experience how chocolate could develop its full aroma. And how it melts in the mouth! He called his achievement ""chocolat fondant"", melt-in-the-mouth chocolate. 

The secret
Well what exactly is the secret behind LINDT chocolate? One thing is for sure: Conching, the stirring for hours, is part of it. That was probably Rodolphe Lindt's finest discovery. What else was needed? Cocoa butter of course, and the right cocoa beans in the right proportion to one another. We won't reveal any more. After all, a bit of secrecy is allowed.",https://www.youtube.com/watch?v=zdpmSlii_AY
O9EyyhuOT1s,SNICKERS Rookie Mistake Theater Featuring Stefon Diggs,Hear NFL Wide Receiver Stefon Diggs read some fan-submitted SNICKERS Rookie Mistakes. You can still enter yours at snickersrookiemistakes.com for a chance to win tickets to Super Bowl LVI. #SNICKERSRookieMistake,2021-11-09T22:16:59Z,3898,13,48.0,Snickers,SNICKERS Rookie Mistake Theater Featuring Stefon Diggs Hear NFL Wide Receiver Stefon Diggs read some fan-submitted SNICKERS Rookie Mistakes. You can still enter yours at snickersrookiemistakes.com for a chance to win tickets to Super Bowl LVI. #SNICKERSRookieMistake,https://www.youtube.com/watch?v=O9EyyhuOT1s
AJspRW2JMLQ,SNICKERS Peanut Butter Reindeer Blondies,"Prepared in a round pan, these Snickers blondies are cut into wedges, then simply decorated for an impressive fun holiday reindeer treat.  

 

Prep Time: 15 minutes 

Cook Time: 20 minutes  

Total Time: 35 minutes  

Makes: 16 servings 

 

Ingredients:  

 

3/4 cup all-purpose flour 

1 tsp baking powder 

1/4 tsp salt 

1/3 cup butter 

1/4 cup peanut butter 

1 cup brown sugar 

1 egg 

2 tsp vanilla extract 

10 SNICKERS® Minis, chopped 

3 tbsp chopped peanuts 

1 tube brown or black gel icing 

16 mini chocolate-covered pretzels, cut in half  

32 small candy eyes 

2 tbsp Christmas sprinkles 

 

Instructions:  

 

Preheat oven to 350°F. Grease 8-inch round baking pan. Line bottom with parchment paper; set aside. Whisk together flour, baking powder and salt; set aside.  

Melt butter and peanut butter in saucepan set over medium heat. While still hot, stir in brown sugar; remove from heat. Transfer to large bowl; let cool slightly. 

Beat in egg and vanilla until incorporated. Stir in flour mixture until just combined. Fold in chopped Snickers and peanuts. Scrape batter into prepared pan, smoothing top.  

Bake on middle rack for 20 to 25 minutes or until tester inserted in center comes out with just a few moist crumbs clinging to it. Let cool completely on rack. Carefully remove from pan; cut into 16 wedges. 

Pipe dots on tip of each blondie with icing to resemble reindeer’s nose. Using icing as glue, add pretzel antlers and candy eyes. Decorate between antlers with candy sprinkles.  

 

Tips:  

• Wrap these treats individually in festive holiday cellophane for easy gift-giving. 

• For speedy preparation, use a store-bought blondie mix.  

 

 

Nutrition Facts  

Per 1 reindeer  

Calories 220 

Fat 10g 

Saturated Fat 4g 

Cholesterol 20mg 

Sodium 180mg 

Carbohydrate 30g 

Fiber 1g 

Sugars 15g 

Protein 4g",2020-12-02T16:18:08Z,2246,15,55.0,Snickers,"SNICKERS Peanut Butter Reindeer Blondies Prepared in a round pan, these Snickers blondies are cut into wedges, then simply decorated for an impressive fun holiday reindeer treat.  

 

Prep Time: 15 minutes 

Cook Time: 20 minutes  

Total Time: 35 minutes  

Makes: 16 servings 

 

Ingredients:  

 

3/4 cup all-purpose flour 

1 tsp baking powder 

1/4 tsp salt 

1/3 cup butter 

1/4 cup peanut butter 

1 cup brown sugar 

1 egg 

2 tsp vanilla extract 

10 SNICKERS® Minis, chopped 

3 tbsp chopped peanuts 

1 tube brown or black gel icing 

16 mini chocolate-covered pretzels, cut in half  

32 small candy eyes 

2 tbsp Christmas sprinkles 

 

Instructions:  

 

Preheat oven to 350°F. Grease 8-inch round baking pan. Line bottom with parchment paper; set aside. Whisk together flour, baking powder and salt; set aside.  

Melt butter and peanut butter in saucepan set over medium heat. While still hot, stir in brown sugar; remove from heat. Transfer to large bowl; let cool slightly. 

Beat in egg and vanilla until incorporated. Stir in flour mixture until just combined. Fold in chopped Snickers and peanuts. Scrape batter into prepared pan, smoothing top.  

Bake on middle rack for 20 to 25 minutes or until tester inserted in center comes out with just a few moist crumbs clinging to it. Let cool completely on rack. Carefully remove from pan; cut into 16 wedges. 

Pipe dots on tip of each blondie with icing to resemble reindeer’s nose. Using icing as glue, add pretzel antlers and candy eyes. Decorate between antlers with candy sprinkles.  

 

Tips:  

• Wrap these treats individually in festive holiday cellophane for easy gift-giving. 

• For speedy preparation, use a store-bought blondie mix.  

 

 

Nutrition Facts  

Per 1 reindeer  

Calories 220 

Fat 10g 

Saturated Fat 4g 

Cholesterol 20mg 

Sodium 180mg 

Carbohydrate 30g 

Fiber 1g 

Sugars 15g 

Protein 4g",https://www.youtube.com/watch?v=AJspRW2JMLQ
8L2U8CExM0o,SNICKERS Ice Cream Funnel Cake,"Made with pancake mix, these Snickers funnel cakes are a carnival treat that’s fun to share. 

Prep Time: 15 minutes  

Cook Time: 15 minutes  

Total Time: 30 minutes  

Makes: 12  

Ingredients:  

1 1/2 cups pancake mix 

1 tbsp granulated sugar 

1 tsp vanilla extract 

Vegetable oil, for frying  

3/4 cup 35% heavy cream 

1/4 cup icing sugar, divided  

4 (2 oz each) Snickers Ice Cream Bars 

3 tbsp caramel sauce 


Instructions:  
Whisk together dry pancake mix with 3/4 to 1 cup water, granulated sugar and vanilla until smooth. (Batter should be thick but still slightly runny.) Transfer to resealable bag with corner snipped or plastic squeeze bottle. 

Pour enough vegetable oil into medium saucepan to come 1 inch up side; heat over medium heat until instant-read thermometer reads 375°F.  

Working in batches, carefully and quickly pipe about 2 tbsp batter into saucepan, in swirling, loopy pattern to form 3-inch round. Fry for 30 seconds to 1 minute per side or until golden brown all over. Transfer to paper towel–lined tray.  

Meanwhile, using electric mixer, beat cream and 2 tbsp icing sugar until stiff peaks form. Cut each Snickers Ice Cream Bar into 3 squares.   

Dust funnel cakes with remaining icing sugar. Top each with piece of Snickers Ice Cream Bar and dollop of whipped cream. Garnish with drizzle of caramel.

Tips:  

• Alternatively, drizzle with fudge sauce instead of caramel sauce.  

• Garnish with 1/2 cup of chopped peanuts.  

 

Nutrition Facts 

Per 1 topped funnel cake 

Calories 250 

Fat 15g 

Saturated Fat 6g 

Cholesterol 25mg 

Sodium 220mg 

Carbohydrate 27g 

Fiber 1g 

Sugars 15g 

Protein 3g",2020-07-24T14:37:32Z,1692,10,61.0,Snickers,"SNICKERS Ice Cream Funnel Cake Made with pancake mix, these Snickers funnel cakes are a carnival treat that’s fun to share. 

Prep Time: 15 minutes  

Cook Time: 15 minutes  

Total Time: 30 minutes  

Makes: 12  

Ingredients:  

1 1/2 cups pancake mix 

1 tbsp granulated sugar 

1 tsp vanilla extract 

Vegetable oil, for frying  

3/4 cup 35% heavy cream 

1/4 cup icing sugar, divided  

4 (2 oz each) Snickers Ice Cream Bars 

3 tbsp caramel sauce 


Instructions:  
Whisk together dry pancake mix with 3/4 to 1 cup water, granulated sugar and vanilla until smooth. (Batter should be thick but still slightly runny.) Transfer to resealable bag with corner snipped or plastic squeeze bottle. 

Pour enough vegetable oil into medium saucepan to come 1 inch up side; heat over medium heat until instant-read thermometer reads 375°F.  

Working in batches, carefully and quickly pipe about 2 tbsp batter into saucepan, in swirling, loopy pattern to form 3-inch round. Fry for 30 seconds to 1 minute per side or until golden brown all over. Transfer to paper towel–lined tray.  

Meanwhile, using electric mixer, beat cream and 2 tbsp icing sugar until stiff peaks form. Cut each Snickers Ice Cream Bar into 3 squares.   

Dust funnel cakes with remaining icing sugar. Top each with piece of Snickers Ice Cream Bar and dollop of whipped cream. Garnish with drizzle of caramel.

Tips:  

• Alternatively, drizzle with fudge sauce instead of caramel sauce.  

• Garnish with 1/2 cup of chopped peanuts.  

 

Nutrition Facts 

Per 1 topped funnel cake 

Calories 250 

Fat 15g 

Saturated Fat 6g 

Cholesterol 25mg 

Sodium 220mg 

Carbohydrate 27g 

Fiber 1g 

Sugars 15g 

Protein 3g",https://www.youtube.com/watch?v=8L2U8CExM0o
TcdF2TY2qPI,Get a free 10 pc. Chicken McNuggets® when you download the app,Download the McD’s app to get your free 10 pc. Chicken McNuggets with $1 minimum purchase.,2026-02-28T14:03:22Z,451378,9,8.0,McDonald's,Get a free 10 pc. Chicken McNuggets® when you download the app Download the McD’s app to get your free 10 pc. Chicken McNuggets with $1 minimum purchase.,https://www.youtube.com/watch?v=TcdF2TY2qPI
5swJ2IOhotU,Made with Mischief | McDonald's,Chaos is served. The Grinch Meal drops 12.2 only at McDonald’s.,2025-12-02T15:00:12Z,4507492,22,7.0,McDonald's,Made with Mischief | McDonald's Chaos is served. The Grinch Meal drops 12.2 only at McDonald’s.,https://www.youtube.com/watch?v=5swJ2IOhotU
qP5VRiRVun8,Lost in McDonaldland Season 1,"6 episodes 
25 Grimace family members
1 wacky adventure 

watch the full series now on YouTube",2025-10-16T18:43:41Z,22921,62,49.0,McDonald's,"Lost in McDonaldland Season 1 6 episodes 
25 Grimace family members
1 wacky adventure 

watch the full series now on YouTube",https://www.youtube.com/watch?v=qP5VRiRVun8
gb6sm9713-w,ts so freaky I had to look twice,,2026-03-20T17:01:07Z,8350,12,22.0,KFC,ts so freaky I had to look twice ,https://www.youtube.com/watch?v=gb6sm9713-w
k5LnykZEm_E,What's your perfect dip spread?,,2025-09-19T19:02:40Z,57874,54,10.0,Burger King,What's your perfect dip spread? ,https://www.youtube.com/watch?v=k5LnykZEm_E
GuBCAxtBNx0,This is adulthood.,,2025-04-26T16:00:32Z,49092,18,16.0,Burger King,This is adulthood. ,https://www.youtube.com/watch?v=GuBCAxtBNx0
Q5Qe9Wm43lI,Welcome Home Tricolor,"Bienvenidos al Home of el Tricolor. Aquí your passion rules y ese saborcito a parrilla ignites the fire de todos los fans de México 🍔🔥.
Burger King, Patrocinador oficial de la selección nacional de México 🇲🇽.",2025-03-24T14:36:37Z,37437,44,31.0,Burger King,"Welcome Home Tricolor Bienvenidos al Home of el Tricolor. Aquí your passion rules y ese saborcito a parrilla ignites the fire de todos los fans de México 🍔🔥.
Burger King, Patrocinador oficial de la selección nacional de México 🇲🇽.",https://www.youtube.com/watch?v=Q5Qe9Wm43lI
UZ5C-2I-5qc,Space Jam x Triple Treat Box | :15,Feed your whole squad with the Space Jam x Triple Treat Box!,2026-03-14T15:21:49Z,2560,8,16.0,Pizza Hut,Space Jam x Triple Treat Box | :15 Feed your whole squad with the Space Jam x Triple Treat Box!,https://www.youtube.com/watch?v=UZ5C-2I-5qc
VyHvVXimfP0,The Big New Yorker | That Feeling :15,"The GOAT is back to remind you to Pizza before the Hut! Get the Big New Yorker for $10, only at Pizza Hut. 

No QBs were injured in the making of this commercial.",2026-01-20T22:13:28Z,60226036,27,16.0,Pizza Hut,"The Big New Yorker | That Feeling :15 The GOAT is back to remind you to Pizza before the Hut! Get the Big New Yorker for $10, only at Pizza Hut. 

No QBs were injured in the making of this commercial.",https://www.youtube.com/watch?v=VyHvVXimfP0
QPjTLzWB44E,The Big New Yorker | That Feeling :30,"The GOAT (Tom Brady) is back to remind you to Pizza before the Hut! Get the Big New Yorker for $10, only at Pizza Hut. 
No QBs were injured in the making of this commercial.",2026-01-04T21:36:43Z,21020159,146,31.0,Pizza Hut,"The Big New Yorker | That Feeling :30 The GOAT (Tom Brady) is back to remind you to Pizza before the Hut! Get the Big New Yorker for $10, only at Pizza Hut. 
No QBs were injured in the making of this commercial.",https://www.youtube.com/watch?v=QPjTLzWB44E
oTN4cD5qHPM,The Triple Treat Box just keeps on giving,"2 pizzas, breadsticks, cinnamon sticks AND a full tree of ornaments??? The Triple Treat Box just keeps on giving",2025-11-30T23:01:35Z,3907,8,64.0,Pizza Hut,"The Triple Treat Box just keeps on giving 2 pizzas, breadsticks, cinnamon sticks AND a full tree of ornaments??? The Triple Treat Box just keeps on giving",https://www.youtube.com/watch?v=oTN4cD5qHPM
jLddkXRw2us,Triple Treat Box with Josh Allen,"Get the Triple Treat Box starting at 19.99 and add a 2-liter of Pepsi for $2 when you use code: PEPSISETHUT in all caps at checkout.​

Just try not to yell HUT when you order. ​

Click here to order: PizzaHut.com",2025-11-18T21:58:30Z,7126,15,16.0,Pizza Hut,"Triple Treat Box with Josh Allen Get the Triple Treat Box starting at 19.99 and add a 2-liter of Pepsi for $2 when you use code: PEPSISETHUT in all caps at checkout.​

Just try not to yell HUT when you order. ​

Click here to order: PizzaHut.com",https://www.youtube.com/watch?v=jLddkXRw2us
hh9ckxtXcDg,Lil' Wings Touchdown,"20 Lil' Wings for $10 is a touchdown only The Hut can deliver. 

Offer valid only on Wednesdays at participating locations. Prices, participation, and availability may vary. Additional charge for dipping sauce.",2025-10-15T17:45:31Z,4233,10,15.0,Pizza Hut,"Lil' Wings Touchdown 20 Lil' Wings for $10 is a touchdown only The Hut can deliver. 

Offer valid only on Wednesdays at participating locations. Prices, participation, and availability may vary. Additional charge for dipping sauce.",https://www.youtube.com/watch?v=hh9ckxtXcDg
26nSPiPZGo8,PEPSISETHUT with Josh Allen,"Get the Big Dinner Box starting at 19.99 and add a 2-liter of Pepsi for $2 when you use code: PEPSISETHUT in all caps at checkout.​

Just try not to yell HUT when you order. ​

Click here to order: PizzaHut.com",2025-10-13T17:00:03Z,18197,18,16.0,Pizza Hut,"PEPSISETHUT with Josh Allen Get the Big Dinner Box starting at 19.99 and add a 2-liter of Pepsi for $2 when you use code: PEPSISETHUT in all caps at checkout.​

Just try not to yell HUT when you order. ​

Click here to order: PizzaHut.com",https://www.youtube.com/watch?v=26nSPiPZGo8
B5ZKw5j9oqM,"This festive season, find the Golden KitKat!","@gukesh.official has his eyes on gold, even when he's on a break 👀

This festive season, #FindTheGoldenKitKat to win a gold voucher worth ₹1,00,000

#HaveABreak #HaveAKitKat",2025-10-07T05:39:17Z,121786155,34,43.0,KitKat,"This festive season, find the Golden KitKat! @gukesh.official has his eyes on gold, even when he's on a break 👀

This festive season, #FindTheGoldenKitKat to win a gold voucher worth ₹1,00,000

#HaveABreak #HaveAKitKat",https://www.youtube.com/watch?v=B5ZKw5j9oqM
dSTIw36srX0,KitKat Delights Salted Caramel,"Delight in every Break!

Buy Now- https://www.swiggy.com/stores/instamart/collection-listing?collectionId=251633&custom_back=true&utm_campaign=IM_Brandverse_KitKat_Meta_Redirect&utm_medium=cpc&utm_source=facebook_ads",2025-09-12T08:14:35Z,332452676,19,20.0,KitKat,"KitKat Delights Salted Caramel Delight in every Break!

Buy Now- https://www.swiggy.com/stores/instamart/collection-listing?collectionId=251633&custom_back=true&utm_campaign=IM_Brandverse_KitKat_Meta_Redirect&utm_medium=cpc&utm_source=facebook_ads",https://www.youtube.com/watch?v=dSTIw36srX0
vMyV_0_w9IQ,KitKat Delights Hazelnut,"Delight in every Break!

Buy Now- https://www.swiggy.com/stores/instamart/collection-listing?collectionId=251633&custom_back=true&utm_campaign=IM_Brandverse_KitKat_Meta_Redirect&utm_medium=cpc&utm_source=facebook_ads",2025-09-11T13:39:51Z,333613782,20,20.0,KitKat,"KitKat Delights Hazelnut Delight in every Break!

Buy Now- https://www.swiggy.com/stores/instamart/collection-listing?collectionId=251633&custom_back=true&utm_campaign=IM_Brandverse_KitKat_Meta_Redirect&utm_medium=cpc&utm_source=facebook_ads",https://www.youtube.com/watch?v=vMyV_0_w9IQ
JdD_HADxk_o,KITKAT Break The Loop with Spotify,"Same songs, same groove, everywhere on a loop? Grab a KitKat #BreakTheLoop pack, and discover new songs on Spotify, made just for you!
#KitKat #Spotify #BreakTheLoop #HaveABreak",2025-07-23T14:54:12Z,43120358,42,90.0,KitKat,"KITKAT Break The Loop with Spotify Same songs, same groove, everywhere on a loop? Grab a KitKat #BreakTheLoop pack, and discover new songs on Spotify, made just for you!
#KitKat #Spotify #BreakTheLoop #HaveABreak",https://www.youtube.com/watch?v=JdD_HADxk_o
I7QPwPtW5SE,Break nalli only KitKat break! (Kannada),"#breakfree #KitKat #haveabreak
Does your break not feel like a break too? Well, time to claim your break back. And take ‘Break nalli only KitKat break’.

#KitKat #breakpesirfkitkatbreak #haveabreak #breakfree",2024-08-16T03:30:19Z,3996536,83,35.0,KitKat,"Break nalli only KitKat break! (Kannada) #breakfree #KitKat #haveabreak
Does your break not feel like a break too? Well, time to claim your break back. And take ‘Break nalli only KitKat break’.

#KitKat #breakpesirfkitkatbreak #haveabreak #breakfree",https://www.youtube.com/watch?v=I7QPwPtW5SE
QUTgtyaTIg0,Kitkat | Anushka goes dark & delicious,"Even Anushka can’t resist tapping into her dark side, with the new KitKat Dark Chocolate. 
#HaveADarkDeliciousBreak #KitKat",2024-06-13T11:43:38Z,1032292,8,11.0,KitKat,"Kitkat | Anushka goes dark & delicious Even Anushka can’t resist tapping into her dark side, with the new KitKat Dark Chocolate. 
#HaveADarkDeliciousBreak #KitKat",https://www.youtube.com/watch?v=QUTgtyaTIg0
8Zl1JTwkGsU,KITKAT Ultimate Break with Netflix,"Warning: This post might trigger you to want an ultimate break too.
Watch @AyushmannKhurrana experience his KitKat break in the world of @NetflixIndiaOfficial 
 
#kitkat #netflix #ultimatebreak
#haveabreak #haveaKitkat #parody
 
Content Credit - Netflix",2024-06-12T11:42:39Z,46802424,58,77.0,KitKat,"KITKAT Ultimate Break with Netflix Warning: This post might trigger you to want an ultimate break too.
Watch @AyushmannKhurrana experience his KitKat break in the world of @NetflixIndiaOfficial 
 
#kitkat #netflix #ultimatebreak
#haveabreak #haveaKitkat #parody
 
Content Credit - Netflix",https://www.youtube.com/watch?v=8Zl1JTwkGsU
PGgvTdoJ7B0,you heard @MrBeast. the new cannon ball drink is here.,"Created for fans of the biggest competition show in the world, Beast Games. The Cannon Ball Drink is a bold, tart lemonade with our Strawberry Açaí and Mango Dragonfruit Refreshers, topped with cascading fruit inclusions and served ice cold. Inspired by the Cannon Ball Challenge from Beast Games Season 2. Available for a limited time, get it while you can.",2026-01-14T15:01:13Z,47130,59,18.0,Starbucks,"you heard @MrBeast. the new cannon ball drink is here. Created for fans of the biggest competition show in the world, Beast Games. The Cannon Ball Drink is a bold, tart lemonade with our Strawberry Açaí and Mango Dragonfruit Refreshers, topped with cascading fruit inclusions and served ice cold. Inspired by the Cannon Ball Challenge from Beast Games Season 2. Available for a limited time, get it while you can.",https://www.youtube.com/watch?v=PGgvTdoJ7B0
6d5_ieWqP-c,proof that pistachio is back,our pistachio lattes and pistachio cream cold brew are back. there’s even a NEW pistachio cortado now.,2026-01-06T14:10:01Z,13533,20,8.0,Starbucks,proof that pistachio is back our pistachio lattes and pistachio cream cold brew are back. there’s even a NEW pistachio cortado now.,https://www.youtube.com/watch?v=6d5_ieWqP-c
vJZZEv7gRZU,Starbucks For Life Merrython is here!,"Play in the app all season for your chance to win prizes like the Bearista and Starbucks for Life. No Purchase Necessary, U.S. 18+, See Official Rules for alternate method, Enter by 1/4/26. 

https://www.starbucksforlife.com/",2025-12-09T19:05:08Z,23110,24,6.0,Starbucks,"Starbucks For Life Merrython is here! Play in the app all season for your chance to win prizes like the Bearista and Starbucks for Life. No Purchase Necessary, U.S. 18+, See Official Rules for alternate method, Enter by 1/4/26. 

https://www.starbucksforlife.com/",https://www.youtube.com/watch?v=vJZZEv7gRZU
Q1JZvS-qDWs,they’re baaaaaaaaaaaack,"🎙️: straythoughtsdept (TT)
featured here:
Peppermint Mocha
Iced Sugar Cookie Latte
Iced Gingerbread Chai
Caramel Brulée Latte",2025-11-06T19:05:11Z,39364,38,9.0,Starbucks,"they’re baaaaaaaaaaaack 🎙️: straythoughtsdept (TT)
featured here:
Peppermint Mocha
Iced Sugar Cookie Latte
Iced Gingerbread Chai
Caramel Brulée Latte",https://www.youtube.com/watch?v=Q1JZvS-qDWs
DCuWKDe7ILQ,"'tis almost the season, see you 11/6","“it’s not even halloween yet”

Iced Gingerbread Chai
Peppermint Mocha
Iced Sugar Cookie Latte
Caramel Brûlée Latte
Chestnut Praline Latte (later in the season)
Eggnog Latte (later in the season)",2025-10-06T23:37:01Z,19995,18,9.0,Starbucks,"'tis almost the season, see you 11/6 “it’s not even halloween yet”

Iced Gingerbread Chai
Peppermint Mocha
Iced Sugar Cookie Latte
Caramel Brûlée Latte
Chestnut Praline Latte (later in the season)
Eggnog Latte (later in the season)",https://www.youtube.com/watch?v=DCuWKDe7ILQ
g-FRiCKDLVc,Cada sabor de Oreo es delicioso… ¿cuál probarás primero?,Cada sabor de Oreo es perfecto para calmar tu antojo al instante.,2026-03-12T05:00:40Z,4771,8,7.0,Oreo,Cada sabor de Oreo es delicioso… ¿cuál probarás primero? Cada sabor de Oreo es perfecto para calmar tu antojo al instante.,https://www.youtube.com/watch?v=g-FRiCKDLVc
-CQ7fxsjy8c,"Scopri il gusto unico di Oreo: Original, Double Cream, Bañadas e Mini. Provali tutti!",,2026-01-30T09:36:35Z,2649656,9,20.0,Oreo,"Scopri il gusto unico di Oreo: Original, Double Cream, Bañadas e Mini. Provali tutti! ",https://www.youtube.com/watch?v=-CQ7fxsjy8c
W9KFoX81Bu8,Make OREO star pops a tradition this Ramadan,,2026-01-26T13:50:20Z,108409,23,10.0,Oreo,Make OREO star pops a tradition this Ramadan ,https://www.youtube.com/watch?v=W9KFoX81Bu8
9X8yzy7eiXk,OREO Would Like To Celebrate This Ramadan With You,,2026-01-22T11:35:45Z,142656,8,10.0,Oreo,OREO Would Like To Celebrate This Ramadan With You ,https://www.youtube.com/watch?v=9X8yzy7eiXk
uRdp_XcfLVc,Marathon Finish Line Moments with Dylan Efron | KIND Snacks,"You cross the line and everything hits at once.

The miles. The training. The early mornings. The doubt you had to outrun. And then someone meets you with a hug and says what you’ve been waiting to hear.
Dylan Efron was there at the finish - not with hype, but with recognition. With pride. With that simple, powerful reminder: you did it.
Sometimes the loudest moment of a marathon is the quiet relief after.

#KINDSnacks #MarathonFinish #MiamiFinishLine #DylanEfron #RunToTheEnd #FinishLine #KindSupport #FuelWithKind #EnergyForMiles #KindEnergy RaceAccomplished #EnduranceJourney",2026-03-12T14:03:11Z,409987,10,14.0,KIND Snacks,"Marathon Finish Line Moments with Dylan Efron | KIND Snacks You cross the line and everything hits at once.

The miles. The training. The early mornings. The doubt you had to outrun. And then someone meets you with a hug and says what you’ve been waiting to hear.
Dylan Efron was there at the finish - not with hype, but with recognition. With pride. With that simple, powerful reminder: you did it.
Sometimes the loudest moment of a marathon is the quiet relief after.

#KINDSnacks #MarathonFinish #MiamiFinishLine #DylanEfron #RunToTheEnd #FinishLine #KindSupport #FuelWithKind #EnergyForMiles #KindEnergy RaceAccomplished #EnduranceJourney",https://www.youtube.com/watch?v=uRdp_XcfLVc
IEiFM5XPD4k,Small Actions That Change the Day | KIND Snacks,"Every day hands us chances to brighten someone's world. 

A helping hand here, a genuine smile there, or backing someone who's struggling - these moments count for something real. KIND spotlights these moments big and small, showing that choosing KIND goes beyond just grabbing a snack. It's about those connections and experiences that stick with you long after.

A kinder world starts by being kinder to yourself. CHOOSE KIND. 


Stay connected with KIND Snacks:
Instagram: https://www.instagram.com/kindsnacks/  
Pinterest: https://www.pinterest.com/kindsnacks/  
Tiktok: https://www.tiktok.com/@kindsnacks 

Explore our snacks: https://www.kindsnacks.com

#KindSnacks #EverydayActsOfKindness #WorldKindnessDay2025 #FuelGoodnessWithKIND #KindMoments #HelpingHands #MentorWithKIND #SmallActsBigImpact",2025-12-05T15:38:22Z,9404848,30,16.0,KIND Snacks,"Small Actions That Change the Day | KIND Snacks Every day hands us chances to brighten someone's world. 

A helping hand here, a genuine smile there, or backing someone who's struggling - these moments count for something real. KIND spotlights these moments big and small, showing that choosing KIND goes beyond just grabbing a snack. It's about those connections and experiences that stick with you long after.

A kinder world starts by being kinder to yourself. CHOOSE KIND. 


Stay connected with KIND Snacks:
Instagram: https://www.instagram.com/kindsnacks/  
Pinterest: https://www.pinterest.com/kindsnacks/  
Tiktok: https://www.tiktok.com/@kindsnacks 

Explore our snacks: https://www.kindsnacks.com

#KindSnacks #EverydayActsOfKindness #WorldKindnessDay2025 #FuelGoodnessWithKIND #KindMoments #HelpingHands #MentorWithKIND #SmallActsBigImpact",https://www.youtube.com/watch?v=IEiFM5XPD4k
BkFr4o5A3Js,Una pizza aún más rica :15,La nueva pizza Stuffed Crust con Parmesano de Domino’s tiene masa rellena de rico queso derretido y cubierta con sabroso condimento de ajo y parmesano. Si no la has probado… ¿qué esperas?,2025-03-24T19:13:03Z,32167,18,16.0,Dominos Pizza,Una pizza aún más rica :15 La nueva pizza Stuffed Crust con Parmesano de Domino’s tiene masa rellena de rico queso derretido y cubierta con sabroso condimento de ajo y parmesano. Si no la has probado… ¿qué esperas?,https://www.youtube.com/watch?v=BkFr4o5A3Js
u_SxaH68_m8,introducing Doritos and Cheetos SIMPLY NKD,"hear ye, hear ye! introducing Doritos and Cheetos SIMPLY NKD, now made with no dyes or artificial flavors. available for pre-order now.",2025-11-13T17:05:36Z,24474,40,16.0,Doritos,"introducing Doritos and Cheetos SIMPLY NKD hear ye, hear ye! introducing Doritos and Cheetos SIMPLY NKD, now made with no dyes or artificial flavors. available for pre-order now.",https://www.youtube.com/watch?v=u_SxaH68_m8
tFpmRu15R1o,BTS from our recent commercial Jack Link's® Doritos® Sweet & Tangy BBQ Flavored Meat Snacks,"hello Hollywood enjoy this BTS from our recent commercial
for Jack Link's® Doritos® Sweet & Tangy BBQ Flavored Meat Snacks!",2025-06-13T16:29:35Z,6722,10,30.0,Doritos,"BTS from our recent commercial Jack Link's® Doritos® Sweet & Tangy BBQ Flavored Meat Snacks hello Hollywood enjoy this BTS from our recent commercial
for Jack Link's® Doritos® Sweet & Tangy BBQ Flavored Meat Snacks!",https://www.youtube.com/watch?v=tFpmRu15R1o
8Z7i0duMa3M,World’s First Music-Streaming Urn from Liquid Death x Spotify,World’s first ever music-streaming urn has a built-in speaker for the dead,2026-02-24T16:59:17Z,6304,21,44.0,Liquid Death,World’s First Music-Streaming Urn from Liquid Death x Spotify World’s first ever music-streaming urn has a built-in speaker for the dead,https://www.youtube.com/watch?v=8Z7i0duMa3M
2QXRyGBDFME,World’s First Music-Streaming Urn from Liquid Death x Spotify,"Introducing the first ever music-streaming urn from Liquid Death x Spotify.

Finally death is a lot less boring. With the Eternal Playlist Urn, now the dead can listen to their favorite jams for all of eternity. There are only 150 in existence. Get your own before they are gone forever: https://bit.ly/3OyTIt8",2026-02-24T16:59:07Z,28268,49,44.0,Liquid Death,"World’s First Music-Streaming Urn from Liquid Death x Spotify Introducing the first ever music-streaming urn from Liquid Death x Spotify.

Finally death is a lot less boring. With the Eternal Playlist Urn, now the dead can listen to their favorite jams for all of eternity. There are only 150 in existence. Get your own before they are gone forever: https://bit.ly/3OyTIt8",https://www.youtube.com/watch?v=2QXRyGBDFME
dOvpTGwyk0g,Liquid Death Energy Drink: Exploding Heads Big Game Commercial,Liquid Death is guaranteed to not explode your head,2026-02-09T00:10:17Z,6309,9,31.0,Liquid Death,Liquid Death Energy Drink: Exploding Heads Big Game Commercial Liquid Death is guaranteed to not explode your head,https://www.youtube.com/watch?v=dOvpTGwyk0g
tEh050NGnVM,Liquid Death Energy Drink: Exploding Heads Big Game Commercial,"Try new Liquid Death Sparkling Energy: https://amzn.to/3ZSdz93

We ran a Big Game commercial to help solve a Big Problem: exploding heads from extreme energy drinks. Liquid Death Sparkling Energy is the easy-drinking energy drink. With just 5 calories, unextreme caffeine (100mg), zero sugar, and a clean refreshing taste, it’s an energy drink for days when you want more than one energy drink.

Watch our commercial and share it with a friend who you think might be at risk for an exploded head. Then head over to Amazon, Walmart, Target, Kroger, Albertsons, 7-Eleven, or any fine retailer near you to pick up as many cans of Liquid Death Sparkling Energy as your cart can hold.

Shop on Amazon: https://amzn.to/3ZSdz93
Find in store: https://bit.ly/3LXamlr",2026-02-09T00:02:36Z,106943,53,31.0,Liquid Death,"Liquid Death Energy Drink: Exploding Heads Big Game Commercial Try new Liquid Death Sparkling Energy: https://amzn.to/3ZSdz93

We ran a Big Game commercial to help solve a Big Problem: exploding heads from extreme energy drinks. Liquid Death Sparkling Energy is the easy-drinking energy drink. With just 5 calories, unextreme caffeine (100mg), zero sugar, and a clean refreshing taste, it’s an energy drink for days when you want more than one energy drink.

Watch our commercial and share it with a friend who you think might be at risk for an exploded head. Then head over to Amazon, Walmart, Target, Kroger, Albertsons, 7-Eleven, or any fine retailer near you to pick up as many cans of Liquid Death Sparkling Energy as your cart can hold.

Shop on Amazon: https://amzn.to/3ZSdz93
Find in store: https://bit.ly/3LXamlr",https://www.youtube.com/watch?v=tEh050NGnVM
fgVZm0ysjaU,Liquid Death Big Game Commercial Teaser,💥,2026-01-22T16:57:18Z,13087,12,13.0,Liquid Death,Liquid Death Big Game Commercial Teaser 💥,https://www.youtube.com/watch?v=fgVZm0ysjaU
T3bgoouudCA,The Running Man | Liquid Death Official Thirst-Murdering Beverage,"Liquid Death is proud to be the official beverage of The Running Man, America’s favorite game show that everyone is DYING to play! Each week contestants run for their lives with the entire country hunting them down. If they survive, they win $1 billion. If they lose, they die.

Go see The Running Man, directed by Edgar Wright, only in theatres November 14. You might even see your favorite beverage in it.",2025-11-03T17:00:39Z,11089,26,47.0,Liquid Death,"The Running Man | Liquid Death Official Thirst-Murdering Beverage Liquid Death is proud to be the official beverage of The Running Man, America’s favorite game show that everyone is DYING to play! Each week contestants run for their lives with the entire country hunting them down. If they survive, they win $1 billion. If they lose, they die.

Go see The Running Man, directed by Edgar Wright, only in theatres November 14. You might even see your favorite beverage in it.",https://www.youtube.com/watch?v=T3bgoouudCA
V3Y8--ZNs5M,Liquid Death Will Help You Legally Cheat Through College,"Cheat your way through college with Liquid Death Certified Smarter Water, exclusively on Amazon.

People on the internet are saying water has memory and can retain words and thoughts. That's why we decided to take advantage of this discovery and use it to help college students cheat their way to success. We took an army of Amazon Alexa devices and had them read stacks of college textbooks aloud directly into hundreds of cases of our water. If the water retains the words, that means when you drink the water it will carry those words directly into your brain. Reading books takes months, but now you can drink books in seconds.

Purchase a very limited edition pack of Liquid Death Certified Smarter Water for yourself while supplies last: http://amazon.com/drinkbooks",2025-09-24T15:58:26Z,11043,37,95.0,Liquid Death,"Liquid Death Will Help You Legally Cheat Through College Cheat your way through college with Liquid Death Certified Smarter Water, exclusively on Amazon.

People on the internet are saying water has memory and can retain words and thoughts. That's why we decided to take advantage of this discovery and use it to help college students cheat their way to success. We took an army of Amazon Alexa devices and had them read stacks of college textbooks aloud directly into hundreds of cases of our water. If the water retains the words, that means when you drink the water it will carry those words directly into your brain. Reading books takes months, but now you can drink books in seconds.

Purchase a very limited edition pack of Liquid Death Certified Smarter Water for yourself while supplies last: http://amazon.com/drinkbooks",https://www.youtube.com/watch?v=V3Y8--ZNs5M
zUAvOywcPus,Liquid Death “Small Ones” Commercial,"Size matters. Bigger is not always better for everyone. 

Into small ones? Find our 12oz cans of water and iced tea nationwide in grocery stores and Amazon. Shop here: http://bit.ly/3JKKKXh

Into big ones? Find our single serve 19.2oz tallboys in convenience stores nationwide. Cases of 19.2oz cans coming back to Amazon and select retailers in 2026.",2025-09-04T16:00:20Z,127852,115,48.0,Liquid Death,"Liquid Death “Small Ones” Commercial Size matters. Bigger is not always better for everyone. 

Into small ones? Find our 12oz cans of water and iced tea nationwide in grocery stores and Amazon. Shop here: http://bit.ly/3JKKKXh

Into big ones? Find our single serve 19.2oz tallboys in convenience stores nationwide. Cases of 19.2oz cans coming back to Amazon and select retailers in 2026.",https://www.youtube.com/watch?v=zUAvOywcPus
HHNIVozXNwE,Liquid Death x Yahoo Fantasy Guillotine Leagues,"Sign up to start building your league and chopping off heads here: http://yahoo.com/fantasy

We figured out the only way to make Yahoo Fantasy Football better: guillotines. Introducing new Yahoo Fantasy Guillotine Leagues, presented by Liquid Death. Each week, the lowest scoring team loses their head (and all of their players) until one team is left standing.",2025-08-04T15:04:45Z,10574,34,45.0,Liquid Death,"Liquid Death x Yahoo Fantasy Guillotine Leagues Sign up to start building your league and chopping off heads here: http://yahoo.com/fantasy

We figured out the only way to make Yahoo Fantasy Football better: guillotines. Introducing new Yahoo Fantasy Guillotine Leagues, presented by Liquid Death. Each week, the lowest scoring team loses their head (and all of their players) until one team is left standing.",https://www.youtube.com/watch?v=HHNIVozXNwE
CmeyKAaGQBI,Chainsaw-Sliced Sandwiches from Liquid Death x Sheetz,"Real chainsaws will slice real sandwiches at a real Sheetz store for one day only. And chainsaw slicing is free when you buy any can of Liquid Death with your Made-To-Order sandwich. 

Yes, this is 100% real. If you’re near Pittsburgh, visit the Sheetz location at 1664 PA-228, Seven Fields, PA, this Friday between 2pm and 5pm to get your sub, sandwich, or burger sliced by a real chainsaw.

More info here:  http://liquiddeath.com/sheetz",2025-07-22T13:59:42Z,7114,20,47.0,Liquid Death,"Chainsaw-Sliced Sandwiches from Liquid Death x Sheetz Real chainsaws will slice real sandwiches at a real Sheetz store for one day only. And chainsaw slicing is free when you buy any can of Liquid Death with your Made-To-Order sandwich. 

Yes, this is 100% real. If you’re near Pittsburgh, visit the Sheetz location at 1664 PA-228, Seven Fields, PA, this Friday between 2pm and 5pm to get your sub, sandwich, or burger sliced by a real chainsaw.

More info here:  http://liquiddeath.com/sheetz",https://www.youtube.com/watch?v=CmeyKAaGQBI
up5rK8ptYAY,Liquid Death and Fruity Pebbles™ made a water that tastes exactly like a bowl of cereal,,2025-07-18T16:09:39Z,15087,21,24.0,Liquid Death,Liquid Death and Fruity Pebbles™ made a water that tastes exactly like a bowl of cereal ,https://www.youtube.com/watch?v=up5rK8ptYAY
__Rgaa9ZwZQ,Liquid Death is now the Official Iced Tea of Arizona (Nebraska),"Yes, this is real. 

If you don't happen to live in Arizona, Nebraska you can still buy Liquid Death Iced Tea near you by clicking here:  https://bit.ly/45U4IYV

Not affiliated, sponsored by or associated with Beverage Marketing USA or Arizona Iced Tea.",2025-07-01T16:01:52Z,11901,34,119.0,Liquid Death,"Liquid Death is now the Official Iced Tea of Arizona (Nebraska) Yes, this is real. 

If you don't happen to live in Arizona, Nebraska you can still buy Liquid Death Iced Tea near you by clicking here:  https://bit.ly/45U4IYV

Not affiliated, sponsored by or associated with Beverage Marketing USA or Arizona Iced Tea.",https://www.youtube.com/watch?v=__Rgaa9ZwZQ
ZltHlKtCZBI,Liquid Death Hires 1/10th of Tony Hawk,"Liquid Death has 1/10th the sugar of top sodas and 1/10th of Tony Hawk is here to tell you about it. But don't take our word for it. Tony's detached head doesn't lie.

What are you waiting for? Grab some Doctor Death, Killer Cola, or Severed Lime for yourself. Every purchase with a qualifying entry is a chance to win an autographed headshot of 1/10th of Tony Hawk (only 1 of 1 in existence)! Learn more here: https://liquiddeath.com/pages/tonyhawk NO PURCHASE NECESSARY. Ends MAY 27, 2025 PST.",2025-05-13T15:55:38Z,16225,49,31.0,Liquid Death,"Liquid Death Hires 1/10th of Tony Hawk Liquid Death has 1/10th the sugar of top sodas and 1/10th of Tony Hawk is here to tell you about it. But don't take our word for it. Tony's detached head doesn't lie.

What are you waiting for? Grab some Doctor Death, Killer Cola, or Severed Lime for yourself. Every purchase with a qualifying entry is a chance to win an autographed headshot of 1/10th of Tony Hawk (only 1 of 1 in existence)! Learn more here: https://liquiddeath.com/pages/tonyhawk NO PURCHASE NECESSARY. Ends MAY 27, 2025 PST.",https://www.youtube.com/watch?v=ZltHlKtCZBI
8IEmcmMuKrc,Kill clowns in your dreams thanks to MaryRuth’s Liquid Nighttime Multimineral made with Liquid Death,,2025-04-08T16:14:56Z,6009,9,61.0,Liquid Death,Kill clowns in your dreams thanks to MaryRuth’s Liquid Nighttime Multimineral made with Liquid Death ,https://www.youtube.com/watch?v=8IEmcmMuKrc
AomsROaQmcE,Kill Clowns In Your Dreams with MaryRuth’s Liquid Nighttime Now with Liquid Death,"Did you know that 9 out of 10 fake doctors recommend killing clowns in dreams to relieve stress? And it’s totally legal since no real clowns are harmed. Now MaryRuth’s has added a little bit of Liquid Death Mountain Water to its classic Liquid Nighttime Coconut Dream to turn it into Coconut Scream. It’s a nighttime supplement that promotes a sense of calm, supports sleep, and includes nutrients like magnesium, calcium, vitamin D3, and more.

Try it for yourself for a limited time. 
Walmart: https://www.walmart.com/ip/seort/14980563427
Amazon: https://www.amazon.com/dp/B0DXH66X6Q
MaryRuthOrganics.com: https://www.maryruthorganics.com/pages/lp-liquid-death-DFLtWE8K-1-1",2025-04-08T15:59:45Z,20847,108,61.0,Liquid Death,"Kill Clowns In Your Dreams with MaryRuth’s Liquid Nighttime Now with Liquid Death Did you know that 9 out of 10 fake doctors recommend killing clowns in dreams to relieve stress? And it’s totally legal since no real clowns are harmed. Now MaryRuth’s has added a little bit of Liquid Death Mountain Water to its classic Liquid Nighttime Coconut Dream to turn it into Coconut Scream. It’s a nighttime supplement that promotes a sense of calm, supports sleep, and includes nutrients like magnesium, calcium, vitamin D3, and more.

Try it for yourself for a limited time. 
Walmart: https://www.walmart.com/ip/seort/14980563427
Amazon: https://www.amazon.com/dp/B0DXH66X6Q
MaryRuthOrganics.com: https://www.maryruthorganics.com/pages/lp-liquid-death-DFLtWE8K-1-1",https://www.youtube.com/watch?v=AomsROaQmcE
R1CmVaB1Zvo,Liquid Death Turned Internet Hate Comments Into A Country Song,"“I’d Never Drink Some Shit Called Liquid Death”
Music by Carter Faith
Lyrics by Real Internet Haters

It's not possible to have a lot of people truly love something and not have a few people who truly hate it. We've celebrated these haters with 3 full-length Greatest Hates albums. And now for the first-time ever we're doing a Greatest Hates Live performance with the insanely talented country star, Carter Faith.
 
Enjoy all our Greatest Hates:
Greatest Hates Vol. 1: https://www.youtube.com/watch?v=Jgqi5J4reTE
Greatest Hates Vol. 2: https://www.youtube.com/watch?v=xzwjYmYF9mg
Greatest Hates Vol. 3: https://www.youtube.com/watch?v=PMbpARpdgz4
“Fuck Whoever Started This” Music Video: https://www.youtube.com/watch?v=pSXJkWlpQT8
Listen on Spotify: https://open.spotify.com/artist/3ZCxYehnyytae1kn46fLB9?si=JIiW5oR-T8Kr4nP5WbLEQg",2025-03-26T15:57:06Z,8477,33,146.0,Liquid Death,"Liquid Death Turned Internet Hate Comments Into A Country Song “I’d Never Drink Some Shit Called Liquid Death”
Music by Carter Faith
Lyrics by Real Internet Haters

It's not possible to have a lot of people truly love something and not have a few people who truly hate it. We've celebrated these haters with 3 full-length Greatest Hates albums. And now for the first-time ever we're doing a Greatest Hates Live performance with the insanely talented country star, Carter Faith.
 
Enjoy all our Greatest Hates:
Greatest Hates Vol. 1: https://www.youtube.com/watch?v=Jgqi5J4reTE
Greatest Hates Vol. 2: https://www.youtube.com/watch?v=xzwjYmYF9mg
Greatest Hates Vol. 3: https://www.youtube.com/watch?v=PMbpARpdgz4
“Fuck Whoever Started This” Music Video: https://www.youtube.com/watch?v=pSXJkWlpQT8
Listen on Spotify: https://open.spotify.com/artist/3ZCxYehnyytae1kn46fLB9?si=JIiW5oR-T8Kr4nP5WbLEQg",https://www.youtube.com/watch?v=R1CmVaB1Zvo
6GvG8DmidI8,Liquid Death x NASCAR: LD Pro Driver Team Announcement,"Thousands of NASCAR fans chugged cans of our low-calorie iced tea to be considered for a spot on the Liquid Death Pro Driver Team. But only three proved they had the speed and style to drive around with Liquid Death logos plastered all over their cars.

Meet the team driving for the Official Iced Tea of NASCAR:
☠️Bridger Webb from Davenport, Florida
☠️Tatum Henderson from Keene, Texas
☠️Tyler Villanueva from Reno, Nevada

Want the official driver merch featuring their faces and cars? Get them here: http://liquiddeath.com/nascar",2025-02-27T16:58:27Z,3298,8,53.0,Liquid Death,"Liquid Death x NASCAR: LD Pro Driver Team Announcement Thousands of NASCAR fans chugged cans of our low-calorie iced tea to be considered for a spot on the Liquid Death Pro Driver Team. But only three proved they had the speed and style to drive around with Liquid Death logos plastered all over their cars.

Meet the team driving for the Official Iced Tea of NASCAR:
☠️Bridger Webb from Davenport, Florida
☠️Tatum Henderson from Keene, Texas
☠️Tyler Villanueva from Reno, Nevada

Want the official driver merch featuring their faces and cars? Get them here: http://liquiddeath.com/nascar",https://www.youtube.com/watch?v=6GvG8DmidI8
AZ7fHpfeRDY,Liquid Death x NASCAR: LD Pro Driver Team Announcement,"Thousands of NASCAR fans chugged cans of our low-calorie iced tea to be considered for a spot on the Liquid Death Pro Driver Team. But only three proved they had the speed and style to drive around with Liquid Death logos plastered all over their cars.

Meet the team driving for the Official Iced Tea of NASCAR:
☠️Bridger Webb from Davenport, Florida
☠️Tatum Henderson from Keene, Texas
☠️Tyler Villanueva from Reno, Nevada

Want the official driver merch featuring their faces and cars? Get them here: http://liquiddeath.com/nascar",2025-02-27T16:58:20Z,3623,17,53.0,Liquid Death,"Liquid Death x NASCAR: LD Pro Driver Team Announcement Thousands of NASCAR fans chugged cans of our low-calorie iced tea to be considered for a spot on the Liquid Death Pro Driver Team. But only three proved they had the speed and style to drive around with Liquid Death logos plastered all over their cars.

Meet the team driving for the Official Iced Tea of NASCAR:
☠️Bridger Webb from Davenport, Florida
☠️Tatum Henderson from Keene, Texas
☠️Tyler Villanueva from Reno, Nevada

Want the official driver merch featuring their faces and cars? Get them here: http://liquiddeath.com/nascar",https://www.youtube.com/watch?v=AZ7fHpfeRDY
h1W7Azrqdck,🏈 BIG GAME COMMERCIAL ☠️ #liquiddeath #safeforwork,"We spent millions of dollars running this commercial just to make you smile. The least you can do is give it a watch and pretend to love it.

Look like a degenerate while actually making great life choices with low-calorie Liquid Death Mountain Water, Soda-Flavored Sparkling, and Iced Tea.",2025-02-10T00:47:27Z,3939,10,31.0,Liquid Death,"🏈 BIG GAME COMMERCIAL ☠️ #liquiddeath #safeforwork We spent millions of dollars running this commercial just to make you smile. The least you can do is give it a watch and pretend to love it.

Look like a degenerate while actually making great life choices with low-calorie Liquid Death Mountain Water, Soda-Flavored Sparkling, and Iced Tea.",https://www.youtube.com/watch?v=h1W7Azrqdck
jqtWWWhIMas,Liquid Death ‘Safe For Work’ Big Game Commercial,"We spent millions of dollars running this commercial just to make you smile. The least you can do is give it a watch and pretend to love it.

Look like a degenerate while actually making great life choices with low-calorie Liquid Death Mountain Water, Soda-Flavored Sparkling, and Iced Tea. Learn more: https://bit.ly/4jLAyvh",2025-02-09T23:54:49Z,1022361,116,31.0,Liquid Death,"Liquid Death ‘Safe For Work’ Big Game Commercial We spent millions of dollars running this commercial just to make you smile. The least you can do is give it a watch and pretend to love it.

Look like a degenerate while actually making great life choices with low-calorie Liquid Death Mountain Water, Soda-Flavored Sparkling, and Iced Tea. Learn more: https://bit.ly/4jLAyvh",https://www.youtube.com/watch?v=jqtWWWhIMas
tubgk9IYFHs,Liquid Death x Gopuff Are Giving Away Hot Tubs,"Order $20 or more of Liquid Death on Gopuff now through January 3rd and you’ll be entered to win an actual Liquid Death x Gopuff Hot Tub.* Even if you don’t win a hot tub, everyone who spends $20 will unlock a limited edition Liquid Death x Gopuff bathing suit while supplies last.

With seating for 6, 20 jets, and 11 cupholders, this ultra limited hot tub is a high-performance winter machine for high-performance partiers.

Learn more: https://gopuff.onelink.me/6XXe/1fhhvt4w

*No purchase necessary. Ends 11:59 PM ET 1/3/25. See Official Rules: https://www.mdmgames.com/GopuffHotTub",2024-12-17T16:57:54Z,6280,14,45.0,Liquid Death,"Liquid Death x Gopuff Are Giving Away Hot Tubs Order $20 or more of Liquid Death on Gopuff now through January 3rd and you’ll be entered to win an actual Liquid Death x Gopuff Hot Tub.* Even if you don’t win a hot tub, everyone who spends $20 will unlock a limited edition Liquid Death x Gopuff bathing suit while supplies last.

With seating for 6, 20 jets, and 11 cupholders, this ultra limited hot tub is a high-performance winter machine for high-performance partiers.

Learn more: https://gopuff.onelink.me/6XXe/1fhhvt4w

*No purchase necessary. Ends 11:59 PM ET 1/3/25. See Official Rules: https://www.mdmgames.com/GopuffHotTub",https://www.youtube.com/watch?v=tubgk9IYFHs
6tquFy9fgL8,Skatelife Crisis :30 | It’s A Pepper Thing™,"In this irreverent, heartwarming indie commercial, a 45 year old IT technician and e-scooter enthusiast is welcomed into a crew of edgy gen z skaters. Their one shared interest and catalyst for friendship: Dr Pepper. It’s a Pepper Thing.",2026-03-09T22:30:28Z,631657,12,31.0,Dr Pepper,"Skatelife Crisis :30 | It’s A Pepper Thing™ In this irreverent, heartwarming indie commercial, a 45 year old IT technician and e-scooter enthusiast is welcomed into a crew of edgy gen z skaters. Their one shared interest and catalyst for friendship: Dr Pepper. It’s a Pepper Thing.",https://www.youtube.com/watch?v=6tquFy9fgL8
rMD52hrOheg,Skatelife Crisis :15 | It’s A Pepper Thing™,"In this irreverent, heartwarming indie commercial, a 45 year old IT technician and e-scooter enthusiast is welcomed into a crew of edgy Gen Z skaters. Their one shared interest and catalyst for friendship: Dr Pepper. It’s a Pepper Thing.",2026-03-09T22:30:24Z,1117163,17,16.0,Dr Pepper,"Skatelife Crisis :15 | It’s A Pepper Thing™ In this irreverent, heartwarming indie commercial, a 45 year old IT technician and e-scooter enthusiast is welcomed into a crew of edgy Gen Z skaters. Their one shared interest and catalyst for friendship: Dr Pepper. It’s a Pepper Thing.",https://www.youtube.com/watch?v=rMD52hrOheg
N0Byo3WLtKs,Eek Means Cherry :30 | Flavor Season,"Beach bums, aristocrats, cowboys, and metalheads... Oh my!
No matter what your style is, every flavor of Dr Pepper is as deliciously unique as you are. Find your flavor!",2026-02-23T22:01:27Z,11831,35,31.0,Dr Pepper,"Eek Means Cherry :30 | Flavor Season Beach bums, aristocrats, cowboys, and metalheads... Oh my!
No matter what your style is, every flavor of Dr Pepper is as deliciously unique as you are. Find your flavor!",https://www.youtube.com/watch?v=N0Byo3WLtKs
xAj5uM8Gd0A,Find Your Flavor (Zero Sugar) :15 | Flavor Season,"Beach bums, aristocrats, cowboys, and metalheads... Oh my!
No matter what your style is, every flavor of Dr Pepper is as deliciously unique as you are. Find your flavor!",2026-02-23T22:01:09Z,12248,28,16.0,Dr Pepper,"Find Your Flavor (Zero Sugar) :15 | Flavor Season Beach bums, aristocrats, cowboys, and metalheads... Oh my!
No matter what your style is, every flavor of Dr Pepper is as deliciously unique as you are. Find your flavor!",https://www.youtube.com/watch?v=xAj5uM8Gd0A
OXegnhDp2P0,Find Your Flavor :15 | Flavor Season,"Beach bums, aristocrats, cowboys, and metalheads... Oh my!
No matter what your style is, every flavor of Dr Pepper is as deliciously unique as you are. Find your flavor!",2026-02-23T21:52:19Z,2714,43,16.0,Dr Pepper,"Find Your Flavor :15 | Flavor Season Beach bums, aristocrats, cowboys, and metalheads... Oh my!
No matter what your style is, every flavor of Dr Pepper is as deliciously unique as you are. Find your flavor!",https://www.youtube.com/watch?v=OXegnhDp2P0
y5H_1UK5uas,Chipotle | Carne Asada Is Back,,2025-09-08T16:14:05Z,8417,16,16.0,Chipotle Mexican Grill,Chipotle | Carne Asada Is Back ,https://www.youtube.com/watch?v=y5H_1UK5uas
_Udj4cMD7L0,Chipotle | Behind the Foil | Handmade,,2025-05-27T17:28:15Z,47093,15,16.0,Chipotle Mexican Grill,Chipotle | Behind the Foil | Handmade ,https://www.youtube.com/watch?v=_Udj4cMD7L0
yfPFbsmeObI,Subtly Foreshadowing My Chipotle Bowl #food #hungry #funny #fail #subtleforeshadowing,srsly how did that happen 😳,2024-11-01T17:55:11Z,6538,9,12.0,Chipotle Mexican Grill,Subtly Foreshadowing My Chipotle Bowl #food #hungry #funny #fail #subtleforeshadowing srsly how did that happen 😳,https://www.youtube.com/watch?v=yfPFbsmeObI
QCLHlMZsZD4,Be our CTO,"Head to www.WendysChiefTastingOfficer.com to see how to apply. WHAT ARE YOU WAITING FOR?!?!?!?! IT’S $100,000 !!!!!

No purch nec. 50 US/DC, 18+. Ends 3/30. Rules: www.wendyschieftastingofficer.com

#WendysCTOContest",2026-03-13T21:34:27Z,7791,31,77.0,Wendy's,"Be our CTO Head to www.WendysChiefTastingOfficer.com to see how to apply. WHAT ARE YOU WAITING FOR?!?!?!?! IT’S $100,000 !!!!!

No purch nec. 50 US/DC, 18+. Ends 3/30. Rules: www.wendyschieftastingofficer.com

#WendysCTOContest",https://www.youtube.com/watch?v=QCLHlMZsZD4
n20-INHDHog,this song is gonna be stuck in ur head now im sry,,2026-03-10T17:50:41Z,2822,14,41.0,Wendy's,this song is gonna be stuck in ur head now im sry ,https://www.youtube.com/watch?v=n20-INHDHog
ovAedduvUBI,"Need a partner for Pairs, Quad God?",,2026-02-13T17:49:31Z,4780,10,7.0,Wendy's,"Need a partner for Pairs, Quad God? ",https://www.youtube.com/watch?v=ovAedduvUBI
h4Rd2dFaBTg,happy early frosty day 2 all that celebrate (you better) get ready 2 be frosty on nov 15th,,2025-11-14T21:52:38Z,3446,8,21.0,Wendy's,happy early frosty day 2 all that celebrate (you better) get ready 2 be frosty on nov 15th ,https://www.youtube.com/watch?v=h4Rd2dFaBTg
WmV2IvpppxY,Snickerdoodle Cookie Frosty Fusion is ready!! *rings sweet treat bell*,,2025-11-03T17:39:04Z,4527,12,12.0,Wendy's,Snickerdoodle Cookie Frosty Fusion is ready!! *rings sweet treat bell* ,https://www.youtube.com/watch?v=WmV2IvpppxY
LJ2wH52sGZk,Shake Shack Korean Style Menu - K-Shack Fried Chicken Sandwich :10,"Order the K-Shack Fried Chicken Sandwich
Limited Time Only

Yes, that’s actually our recipe. 
Go ahead, take a screenshot.",2026-02-02T14:59:27Z,29335713,10,11.0,Shake Shack,"Shake Shack Korean Style Menu - K-Shack Fried Chicken Sandwich :10 Order the K-Shack Fried Chicken Sandwich
Limited Time Only

Yes, that’s actually our recipe. 
Go ahead, take a screenshot.",https://www.youtube.com/watch?v=LJ2wH52sGZk
dAi7nmwjU4Q,Highways,Deal Deer gives great advice! Try $3.99 Cheesesteak Crazy Puffs and Pepsi!,2025-09-15T10:53:45Z,5972352,45,31.0,Little Caesars Pizza,Highways Deal Deer gives great advice! Try $3.99 Cheesesteak Crazy Puffs and Pepsi!,https://www.youtube.com/watch?v=dAi7nmwjU4Q
AK9fE-X0Ar0,Arby’s Loaded Italian with Jersey Shore,,2025-09-03T12:36:07Z,9301,37,35.0,Arbys,Arby’s Loaded Italian with Jersey Shore ,https://www.youtube.com/watch?v=AK9fE-X0Ar0
wSw0_cRDQ0Y,Hardee's | Free Hand-Breaded Chicken Tenders | Now - June 30,,2024-06-20T18:23:58Z,5644600,13,16.0,Hardee's,Hardee's | Free Hand-Breaded Chicken Tenders | Now - June 30 ,https://www.youtube.com/watch?v=wSw0_cRDQ0Y
Q9VZtzr25s8,Hardee's | Hand-Breaded Chicken Platters | Best,,2024-05-08T14:08:14Z,84371,9,16.0,Hardee's,Hardee's | Hand-Breaded Chicken Platters | Best ,https://www.youtube.com/watch?v=Q9VZtzr25s8
XiO4vhzgTow,"Panera's ""Soup Song"" ft. actor's Jared Padalecki and Matt Czuchry","Much like a warm bowl of soup, nostalgic TV marathons are a cherished hallmark of fall. In Panera’s new digital campaign, actors Jared Padalecki and Matt Czuchry reunite to highlight the personalities of Panera’s iconic soup lineup - each variety reflecting the traits of a different kind of “favorite.” Fireside Chili is the dependable classic, Autumn Squash Soup the sophisticated choice, and Black Bean Soup the brooding favorite making a long-awaited comeback after seven years. Together, these flavors anchor the Fall for Your Favorites Meal, proving that nothing pairs better with cozy traditions than the return of a true fan favorite.",2025-09-25T21:05:28Z,13244,10,16.0,Panera Bread,"Panera's ""Soup Song"" ft. actor's Jared Padalecki and Matt Czuchry Much like a warm bowl of soup, nostalgic TV marathons are a cherished hallmark of fall. In Panera’s new digital campaign, actors Jared Padalecki and Matt Czuchry reunite to highlight the personalities of Panera’s iconic soup lineup - each variety reflecting the traits of a different kind of “favorite.” Fireside Chili is the dependable classic, Autumn Squash Soup the sophisticated choice, and Black Bean Soup the brooding favorite making a long-awaited comeback after seven years. Together, these flavors anchor the Fall for Your Favorites Meal, proving that nothing pairs better with cozy traditions than the return of a true fan favorite.",https://www.youtube.com/watch?v=XiO4vhzgTow
vBr0BMnknek,"Panera's ""Back Bean Soup is BACK"" ft. actors Jared Padalecki and Matt Czuchry","Much like a warm bowl of soup, nostalgic TV marathons are a cherished hallmark of fall. In Panera’s new digital campaign, actors Jared Padalecki and Matt Czuchry reunite to highlight the personalities of Panera’s iconic soup lineup - each variety reflecting the traits of a different kind of “favorite.” Fireside Chili is the dependable classic, Autumn Squash Soup the sophisticated choice, and Black Bean Soup the brooding favorite making a long-awaited comeback after seven years. Together, these flavors anchor the Fall for Your Favorites Meal, proving that nothing pairs better with cozy traditions than the return of a true fan favorite.",2025-09-25T21:00:12Z,944775,10,19.0,Panera Bread,"Panera's ""Back Bean Soup is BACK"" ft. actors Jared Padalecki and Matt Czuchry Much like a warm bowl of soup, nostalgic TV marathons are a cherished hallmark of fall. In Panera’s new digital campaign, actors Jared Padalecki and Matt Czuchry reunite to highlight the personalities of Panera’s iconic soup lineup - each variety reflecting the traits of a different kind of “favorite.” Fireside Chili is the dependable classic, Autumn Squash Soup the sophisticated choice, and Black Bean Soup the brooding favorite making a long-awaited comeback after seven years. Together, these flavors anchor the Fall for Your Favorites Meal, proving that nothing pairs better with cozy traditions than the return of a true fan favorite.",https://www.youtube.com/watch?v=vBr0BMnknek
_1BkTMSQClU,"Panera's Hearty Fireside Chili ""Fan Edit"" ft. actor Jared Padalecki","Much like a warm bowl of soup, nostalgic TV marathons are a cherished hallmark of fall. In Panera’s new digital campaign, actors Jared Padalecki and Matt Czuchry reunite to highlight the personalities of Panera’s iconic soup lineup - each variety reflecting the traits of a different kind of “favorite.” Fireside Chili is the dependable classic, Autumn Squash Soup the sophisticated choice, and Black Bean Soup the brooding favorite making a long-awaited comeback after seven years. Together, these flavors anchor the Fall for Your Favorites Meal, proving that nothing pairs better with cozy traditions than the return of a true fan favorite.",2025-09-25T20:56:17Z,1062394,17,21.0,Panera Bread,"Panera's Hearty Fireside Chili ""Fan Edit"" ft. actor Jared Padalecki Much like a warm bowl of soup, nostalgic TV marathons are a cherished hallmark of fall. In Panera’s new digital campaign, actors Jared Padalecki and Matt Czuchry reunite to highlight the personalities of Panera’s iconic soup lineup - each variety reflecting the traits of a different kind of “favorite.” Fireside Chili is the dependable classic, Autumn Squash Soup the sophisticated choice, and Black Bean Soup the brooding favorite making a long-awaited comeback after seven years. Together, these flavors anchor the Fall for Your Favorites Meal, proving that nothing pairs better with cozy traditions than the return of a true fan favorite.",https://www.youtube.com/watch?v=_1BkTMSQClU
kDAtIQrkEBM,The 'Fall For Your Favorites' Meal ft. actors Jared Padalecki and Matt Czuchry,"Much like a warm bowl of soup, nostalgic TV marathons are a cherished hallmark of fall. In Panera’s new digital campaign, actors Jared Padalecki and Matt Czuchry reunite to highlight the personalities of Panera’s iconic soup lineup - each variety reflecting the traits of a different kind of “favorite.” Fireside Chili is the dependable classic, Autumn Squash Soup the sophisticated choice, and Black Bean Soup the brooding favorite making a long-awaited comeback after seven years. Together, these flavors anchor the Fall for Your Favorites Meal, proving that nothing pairs better with cozy traditions than the return of a true fan favorite.",2025-09-24T13:26:51Z,975053,20,66.0,Panera Bread,"The 'Fall For Your Favorites' Meal ft. actors Jared Padalecki and Matt Czuchry Much like a warm bowl of soup, nostalgic TV marathons are a cherished hallmark of fall. In Panera’s new digital campaign, actors Jared Padalecki and Matt Czuchry reunite to highlight the personalities of Panera’s iconic soup lineup - each variety reflecting the traits of a different kind of “favorite.” Fireside Chili is the dependable classic, Autumn Squash Soup the sophisticated choice, and Black Bean Soup the brooding favorite making a long-awaited comeback after seven years. Together, these flavors anchor the Fall for Your Favorites Meal, proving that nothing pairs better with cozy traditions than the return of a true fan favorite.",https://www.youtube.com/watch?v=kDAtIQrkEBM
EP4cF5IBuFM,The 'Fall For Your Favorites' Meal ft. actors Jared Padalecki and Matt Czuchry,"Much like a warm bowl of soup, nostalgic TV marathons are a cherished hallmark of fall. In Panera’s new digital campaign, actors Jared Padalecki and Matt Czuchry reunite to highlight the personalities of Panera’s iconic soup lineup - each variety reflecting the traits of a different kind of “favorite.” Fireside Chili is the dependable classic, Autumn Squash Soup the sophisticated choice, and Black Bean Soup the brooding favorite making a long-awaited comeback after seven years. Together, these flavors anchor the Fall for Your Favorites Meal, proving that nothing pairs better with cozy traditions than the return of a true fan favorite.",2025-09-24T13:26:41Z,162955,164,66.0,Panera Bread,"The 'Fall For Your Favorites' Meal ft. actors Jared Padalecki and Matt Czuchry Much like a warm bowl of soup, nostalgic TV marathons are a cherished hallmark of fall. In Panera’s new digital campaign, actors Jared Padalecki and Matt Czuchry reunite to highlight the personalities of Panera’s iconic soup lineup - each variety reflecting the traits of a different kind of “favorite.” Fireside Chili is the dependable classic, Autumn Squash Soup the sophisticated choice, and Black Bean Soup the brooding favorite making a long-awaited comeback after seven years. Together, these flavors anchor the Fall for Your Favorites Meal, proving that nothing pairs better with cozy traditions than the return of a true fan favorite.",https://www.youtube.com/watch?v=EP4cF5IBuFM
DcBmEiEaO4M,"""Chris Picks Two” with Panera’s You Pick Two® ft Chris Briney",Sometimes you don’t have to choose between two things you really care about. Chris Briney enjoys the Green Goddess Chicken Cobb Salad and Chipotle Chicken Avo Melt named “The Never Have to Make An Agonizing Decision Again” Meal. You Pick Two® at Panera.,2025-08-07T16:00:21Z,33262,38,61.0,Panera Bread,"""Chris Picks Two” with Panera’s You Pick Two® ft Chris Briney Sometimes you don’t have to choose between two things you really care about. Chris Briney enjoys the Green Goddess Chicken Cobb Salad and Chipotle Chicken Avo Melt named “The Never Have to Make An Agonizing Decision Again” Meal. You Pick Two® at Panera.",https://www.youtube.com/watch?v=DcBmEiEaO4M
0Segko57vJQ,It Just Meals Good™ | Launch,You have so many good meals ahead of you.,2025-04-10T13:18:40Z,1596122,13,61.0,Panera Bread,It Just Meals Good™ | Launch You have so many good meals ahead of you.,https://www.youtube.com/watch?v=0Segko57vJQ
VQ9rhwH6Lak,quarter zip dude spotted in the wild 👀,,2026-03-11T16:00:01Z,5682,10,8.0,Jack in the Box,quarter zip dude spotted in the wild 👀 ,https://www.youtube.com/watch?v=VQ9rhwH6Lak
uU1WzwzG6Ww,"they say when you love someone, you love to the point of invention. so I made the Hot Mess Burger.",,2026-02-16T17:00:01Z,6256,30,30.0,Jack in the Box,"they say when you love someone, you love to the point of invention. so I made the Hot Mess Burger. ",https://www.youtube.com/watch?v=uU1WzwzG6Ww
ohK6GCDPvgk,Hot Mess Munchie Meal | Love Hurts | Jack in the Box,"Is the band getting back together? No…but the HOT MESS BURGER IS BACK for my 75th anniversary. Let the Hot Mess Munchie Meal spice up your life and the limited edition Meat Riot antenna ball spice up your ride.

Find your nearest location: https://www.jackinthebox.com/locations/ 

Join the Jack Pack and get 20% off your first order: https://www.jackinthebox.com/account/signup
Order for Pick-Up: https://www.jackinthebox.com/location?type=carryout
Order Delivery near you: https://www.jackinthebox.com/location?type=delivery
Download the Jack in the Box Mobile App: https://jackinthebox.onelink.me/z88y/mphd6tvn
Get Jack in the Box Offers: https://www.jackinthebox.com/rewards
Follow Jack in the Box on TikTok: https://www.tiktok.com/@jackinthebox
Follow Jack in the Box on Instagram: https://www.instagram.com/jackinthebox/
Follow Jack in the Box on X: https://twitter.com/jackbox
Follow Jack in the Box on Threads: https://www.threads.net/@jackinthebox
Like Jack in the Box on Facebook: https://www.facebook.com/jackinthebox/
Visit the Jack in the Box Website: https://www.jackinthebox.com/ 
Visit the Jack in the Box Website: https://www.jackinthebox.com/",2026-02-16T12:07:46Z,466089,38,61.0,Jack in the Box,"Hot Mess Munchie Meal | Love Hurts | Jack in the Box Is the band getting back together? No…but the HOT MESS BURGER IS BACK for my 75th anniversary. Let the Hot Mess Munchie Meal spice up your life and the limited edition Meat Riot antenna ball spice up your ride.

Find your nearest location: https://www.jackinthebox.com/locations/ 

Join the Jack Pack and get 20% off your first order: https://www.jackinthebox.com/account/signup
Order for Pick-Up: https://www.jackinthebox.com/location?type=carryout
Order Delivery near you: https://www.jackinthebox.com/location?type=delivery
Download the Jack in the Box Mobile App: https://jackinthebox.onelink.me/z88y/mphd6tvn
Get Jack in the Box Offers: https://www.jackinthebox.com/rewards
Follow Jack in the Box on TikTok: https://www.tiktok.com/@jackinthebox
Follow Jack in the Box on Instagram: https://www.instagram.com/jackinthebox/
Follow Jack in the Box on X: https://twitter.com/jackbox
Follow Jack in the Box on Threads: https://www.threads.net/@jackinthebox
Like Jack in the Box on Facebook: https://www.facebook.com/jackinthebox/
Visit the Jack in the Box Website: https://www.jackinthebox.com/ 
Visit the Jack in the Box Website: https://www.jackinthebox.com/",https://www.youtube.com/watch?v=ohK6GCDPvgk
xLLqgvFIfBo,ready for un show INoLVIDABLE 🎶 🐰,,2026-02-08T17:01:20Z,5018,36,11.0,Jack in the Box,ready for un show INoLVIDABLE 🎶 🐰 ,https://www.youtube.com/watch?v=xLLqgvFIfBo
P27pyzfhIzM,Pint-Sized Heroes: Brayden,"Meet Brayden, a Pint-Sized Hero from California. When Brayden realized some of his schoolmates may miss meals because of school closures, he started collecting thousands of dollars in donated groceries and gift cards to supplement the missed meals. In honor of his hard work, we’re donating $5,000 to Albert Einstein Academics Covid-19 Relief Efforts.

Know any Pint-Sized Heroes in your community? Visit pintsizedheroes.com to let us know about any young people who are making a big difference, and we might just feature their story.",2020-07-07T15:28:24Z,3946,10,58.0,Baskin-Robbins,"Pint-Sized Heroes: Brayden Meet Brayden, a Pint-Sized Hero from California. When Brayden realized some of his schoolmates may miss meals because of school closures, he started collecting thousands of dollars in donated groceries and gift cards to supplement the missed meals. In honor of his hard work, we’re donating $5,000 to Albert Einstein Academics Covid-19 Relief Efforts.

Know any Pint-Sized Heroes in your community? Visit pintsizedheroes.com to let us know about any young people who are making a big difference, and we might just feature their story.",https://www.youtube.com/watch?v=P27pyzfhIzM
ED0-xqCVjJs,‘Another Failed Heist’ starring Matt Damon & Casey Affleck,"Grab Dunkin’ and watch #TheInstigators #AppleTV

Matt Damon and Casey Affleck star in The Instigators, now streaming on Apple TV+ https://apple.co/_TheInstigators

Rory (Matt Damon) and Cobby (Casey Affleck) are reluctant partners: a desperate father and an ex-con thrown together to rob a corrupt politician's ill-gained earnings. But when the heist goes wrong, the two find themselves engulfed in a whirlwind of chaos, pursued not only by police but also by backward bureaucrats and vengeful crime bosses. Completely out of their depth, they convince Rory’s therapist (Hong Chau) to join their riotous getaway through the city, where they must put aside their differences and work together to evade capture — or worse. Directed by Doug Liman and written by Chuck MacLean and Affleck, “The Instigators” also stars Michael Stuhlbarg, Paul Walter Hauser, Ving Rhames, Alfred Molina and Toby Jones, with Jack Harlow and Ron Perlman.",2024-08-15T16:00:16Z,1176192,347,48.0,Dunkin,"‘Another Failed Heist’ starring Matt Damon & Casey Affleck Grab Dunkin’ and watch #TheInstigators #AppleTV

Matt Damon and Casey Affleck star in The Instigators, now streaming on Apple TV+ https://apple.co/_TheInstigators

Rory (Matt Damon) and Cobby (Casey Affleck) are reluctant partners: a desperate father and an ex-con thrown together to rob a corrupt politician's ill-gained earnings. But when the heist goes wrong, the two find themselves engulfed in a whirlwind of chaos, pursued not only by police but also by backward bureaucrats and vengeful crime bosses. Completely out of their depth, they convince Rory’s therapist (Hong Chau) to join their riotous getaway through the city, where they must put aside their differences and work together to evade capture — or worse. Directed by Doug Liman and written by Chuck MacLean and Affleck, “The Instigators” also stars Michael Stuhlbarg, Paul Walter Hauser, Ving Rhames, Alfred Molina and Toby Jones, with Jack Harlow and Ron Perlman.",https://www.youtube.com/watch?v=ED0-xqCVjJs
lTuEvdrj8_Q,"THE DUNKIN’ ICED COFFEE TABLE, made by kamberlandcreations",,2024-03-08T18:31:58Z,27107,29,23.0,Dunkin,"THE DUNKIN’ ICED COFFEE TABLE, made by kamberlandcreations ",https://www.youtube.com/watch?v=lTuEvdrj8_Q
oHNCuioAA98,ordering ahead on the Dunkin’ app like a pro 💪🫡,,2024-01-11T00:19:44Z,12151,8,6.0,Dunkin,ordering ahead on the Dunkin’ app like a pro 💪🫡 ,https://www.youtube.com/watch?v=oHNCuioAA98
1QcH09kwtGc,Krispy Kreme - making the Original Glazed,"Made Fresh. Delivered Fresh.

Watch our delicious Original glazed doughnuts being made... then order your favourite Krispy Kreme doughnuts and have them delivered straight to your door.",2015-05-26T01:46:18Z,571869,217,15.0,Krispy Kreme,"Krispy Kreme - making the Original Glazed Made Fresh. Delivered Fresh.

Watch our delicious Original glazed doughnuts being made... then order your favourite Krispy Kreme doughnuts and have them delivered straight to your door.",https://www.youtube.com/watch?v=1QcH09kwtGc
yKBa5K-Cbeg,Trading in my white noise for teal noise 🙌 #MountainDew #whitenoise,"Subscribe to Mountain Dew on YouTube for fun clips, news updates, events coverage and more! https://bit.ly/40Q4Zrq 

Connect with MountainDew on social:

✅ http://www.instagram.com/mountaindew​

✅ https://www.twitter.com/MountainDew​

✅ https://www.facebook.com/MountainDew​",2026-02-17T17:45:54Z,101301,116,8.0,Mountain Dew,"Trading in my white noise for teal noise 🙌 #MountainDew #whitenoise Subscribe to Mountain Dew on YouTube for fun clips, news updates, events coverage and more! https://bit.ly/40Q4Zrq 

Connect with MountainDew on social:

✅ http://www.instagram.com/mountaindew​

✅ https://www.twitter.com/MountainDew​

✅ https://www.facebook.com/MountainDew​",https://www.youtube.com/watch?v=yKBa5K-Cbeg
JUUxRLxL9_g,One day everyone will be wearing their head to toe Baja Blast outfit on the daily,"Subscribe to Mountain Dew on YouTube for fun clips, news updates, events coverage and more! https://bit.ly/40Q4Zrq 

Connect with MountainDew on social:

✅ http://www.instagram.com/mountaindew​

✅ https://www.twitter.com/MountainDew​

✅ https://www.facebook.com/MountainDew​",2026-01-26T20:57:59Z,11311,39,17.0,Mountain Dew,"One day everyone will be wearing their head to toe Baja Blast outfit on the daily Subscribe to Mountain Dew on YouTube for fun clips, news updates, events coverage and more! https://bit.ly/40Q4Zrq 

Connect with MountainDew on social:

✅ http://www.instagram.com/mountaindew​

✅ https://www.twitter.com/MountainDew​

✅ https://www.facebook.com/MountainDew​",https://www.youtube.com/watch?v=JUUxRLxL9_g
KmdcdPNj5Jc,SOMEONE had to say it.,"Subscribe to Mountain Dew on YouTube for fun clips, news updates, events coverage and more! https://bit.ly/40Q4Zrq 

Connect with MountainDew on social:

✅ http://www.instagram.com/mountaindew​

✅ https://www.twitter.com/MountainDew​

✅ https://www.facebook.com/MountainDew​",2026-01-17T17:37:00Z,17571,34,9.0,Mountain Dew,"SOMEONE had to say it. Subscribe to Mountain Dew on YouTube for fun clips, news updates, events coverage and more! https://bit.ly/40Q4Zrq 

Connect with MountainDew on social:

✅ http://www.instagram.com/mountaindew​

✅ https://www.twitter.com/MountainDew​

✅ https://www.facebook.com/MountainDew​",https://www.youtube.com/watch?v=KmdcdPNj5Jc
VTKvlsixnL8,Lamine Yamal - Behind The Challenge | POWERADE | #pauseispower,"Each shot has a story. Go behind the challenge with Lamine and witness what it really took to make the #PoweradeCrossbarChallenge epic. 

#PauseIsPower #Powerade",2025-05-22T17:45:01Z,53129,14,26.0,Powerade,"Lamine Yamal - Behind The Challenge | POWERADE | #pauseispower Each shot has a story. Go behind the challenge with Lamine and witness what it really took to make the #PoweradeCrossbarChallenge epic. 

#PauseIsPower #Powerade",https://www.youtube.com/watch?v=VTKvlsixnL8
cmvfaULA-Vw,Lamine Yamal - Crossbar Challenge | POWERADE | #pauseispower,"How many tries do you think this took?! Try to beat Lamine by posting yours on Instagram or TikTok using #PoweradeCrossbarChallenge

#PauseIsPower #Powerade",2025-05-22T16:42:40Z,42047,9,16.0,Powerade,"Lamine Yamal - Crossbar Challenge | POWERADE | #pauseispower How many tries do you think this took?! Try to beat Lamine by posting yours on Instagram or TikTok using #PoweradeCrossbarChallenge

#PauseIsPower #Powerade",https://www.youtube.com/watch?v=cmvfaULA-Vw
VrZalP1eBPQ,The 304 | POWERADE | Lamine Yamal,"Where does Lamine Yamal go to find his power? Back to Rocafonda. To the 304. Home. 

Follow POWERADE to learn more: 
https://www.instagram.com/powerade
https://www.tiktok.com/@powerade 

#PauseIsPower #Powerade",2025-04-23T22:15:32Z,23816,16,30.0,Powerade,"The 304 | POWERADE | Lamine Yamal Where does Lamine Yamal go to find his power? Back to Rocafonda. To the 304. Home. 

Follow POWERADE to learn more: 
https://www.instagram.com/powerade
https://www.tiktok.com/@powerade 

#PauseIsPower #Powerade",https://www.youtube.com/watch?v=VrZalP1eBPQ
7eXdzd5cI7s,"Powerade ION4 Surprise Sweat Session, South Africa","Powerade South Africa launched ION4 in an unforgettable way – by surprising the Wanderers Rugby Clubs u19 team with a sweat session, hosted at an iconic South African venue with international and Super Rugby stars",2015-07-06T09:40:37Z,14797,9,189.0,Powerade,"Powerade ION4 Surprise Sweat Session, South Africa Powerade South Africa launched ION4 in an unforgettable way – by surprising the Wanderers Rugby Clubs u19 team with a sweat session, hosted at an iconic South African venue with international and Super Rugby stars",https://www.youtube.com/watch?v=7eXdzd5cI7s
ICuFZMPuwsc,"Minute Maid Pulpy Mosambi - Grown in India, Made for India","New Minute Maid Pulpy Mosambi! Made from the best quality handpicked Mosambi, to make you feel the pulp in every gulp!",2017-08-23T09:19:52Z,7659095,448,20.0,Minute Maid,"Minute Maid Pulpy Mosambi - Grown in India, Made for India New Minute Maid Pulpy Mosambi! Made from the best quality handpicked Mosambi, to make you feel the pulp in every gulp!",https://www.youtube.com/watch?v=ICuFZMPuwsc
8GF1o_h6PXc,"Band Romance by DJs Gino, Chico and Delamar - Minute Maid Pulpy's Improv Your Day","On their morning show on Monster Radio, they make a great team. Now what if they take turns making up a story, one word at a time? 

And if you want more funny videos to brighten your day, go to the Minute Maid Improv Your Day FB App (http://bit.ly/ImprovYD). And for other things to LOL at, ""Like"" the Minute Maid fan page (http://www.facebook.com/MinuteMaid).",2012-10-11T09:05:47Z,27027,14,120.0,Minute Maid,"Band Romance by DJs Gino, Chico and Delamar - Minute Maid Pulpy's Improv Your Day On their morning show on Monster Radio, they make a great team. Now what if they take turns making up a story, one word at a time? 

And if you want more funny videos to brighten your day, go to the Minute Maid Improv Your Day FB App (http://bit.ly/ImprovYD). And for other things to LOL at, ""Like"" the Minute Maid fan page (http://www.facebook.com/MinuteMaid).",https://www.youtube.com/watch?v=8GF1o_h6PXc
hK5JeqjcqGo,M&M'S - Refill,Trick or treat ready with M&M'S. M&M'S & Halloween. It's More Fun Together.,2025-10-01T18:50:38Z,53721,16,16.0,M&M,M&M'S - Refill Trick or treat ready with M&M'S. M&M'S & Halloween. It's More Fun Together.,https://www.youtube.com/watch?v=hK5JeqjcqGo
GYiQyWat5Wc,M&M’S HALLOWEEN RECIPE CHOCOLATE PUMPKIN MUMMY HAND PIES,These adorable mummy hand pies with Limited Edition Pumpkin Pie M&M’S are prepared with refrigerator rolled pastry for a simple homemade treat with sweet crowd-pleasing flavors.,2024-09-17T14:18:44Z,118796,15,55.0,M&M,M&M’S HALLOWEEN RECIPE CHOCOLATE PUMPKIN MUMMY HAND PIES These adorable mummy hand pies with Limited Edition Pumpkin Pie M&M’S are prepared with refrigerator rolled pastry for a simple homemade treat with sweet crowd-pleasing flavors.,https://www.youtube.com/watch?v=GYiQyWat5Wc
jzkUgIZi4YQ,"M&M'S Peanut Butter | ""Mini Hug – Red Tube Version "" Spanish 6s",Tan ricos como un abrazo apretadito. Claro que hablamos de los M&M’S Peanut Butter Minis.,2024-07-08T19:49:24Z,308529,30,7.0,M&M,"M&M'S Peanut Butter | ""Mini Hug – Red Tube Version "" Spanish 6s Tan ricos como un abrazo apretadito. Claro que hablamos de los M&M’S Peanut Butter Minis.",https://www.youtube.com/watch?v=jzkUgIZi4YQ
XySRTdVnquw,"M&M'S Peanut Butter | ""Confetti – Red Tube Version "" Spanish 6s",¿Peanut Butter y M&M’S? Una explosión de sabores en tu boca... asegurada.,2024-07-08T19:48:49Z,225792,11,7.0,M&M,"M&M'S Peanut Butter | ""Confetti – Red Tube Version "" Spanish 6s ¿Peanut Butter y M&M’S? Una explosión de sabores en tu boca... asegurada.",https://www.youtube.com/watch?v=XySRTdVnquw
_yw6vdLDhIo,"M&M'S Peanut Butter | ""Grande"" Spanish 6s","En el mundo de M&M’S, los Peanut Butter Mega son la definición de grandeza en sabor. Prepárate para quedar asombrado.",2024-07-08T19:42:42Z,415309,34,7.0,M&M,"M&M'S Peanut Butter | ""Grande"" Spanish 6s En el mundo de M&M’S, los Peanut Butter Mega son la definición de grandeza en sabor. Prepárate para quedar asombrado.",https://www.youtube.com/watch?v=_yw6vdLDhIo
mgsZgbjd0AM,"M&M'S Peanut Butter | ""Me Gusta"" Spanish 6s","Acostúmbrate a decir Me Gusta, cada que disfrutes los M&M’S Peanut Butter Mega.",2024-07-08T19:41:58Z,304015,15,7.0,M&M,"M&M'S Peanut Butter | ""Me Gusta"" Spanish 6s Acostúmbrate a decir Me Gusta, cada que disfrutes los M&M’S Peanut Butter Mega.",https://www.youtube.com/watch?v=mgsZgbjd0AM
xWeBpDiGIhk,M&M’S Vanilla Ice Cream Sandwich Tower with Toasted Marshmallow,"Perfect for celebrations big and small, this dessert tower is easy and fast to assemble and will wow any crowd!

Prep Time: 15 minutes
Cook Time: 5 minutes
Total Time: 20 minutes 
Serves: 16

Ingredients

1/4 cup Milk Chocolate M&M’S Minis
10 M&M’S Vanilla Ice Cream Cookie Sandwiches 
3/4 cup marshmallow spread
1 sparkler (optional)

Blowtorch

Instructions

1. Transfer Milk Chocolate M&M’S Minis to shallow bowl. Roll edges of M&M’S Vanilla Ice Cream Cookie Sandwiches in M&M’S Minis. Freeze until ready to use.
2. Transfer marshmallow spread to piping bag fitted with large plain tip.
3. Working quickly, arrange 4 ice cream sandwiches side by side on a long platter. Pipe a layer of marshmallow spread. Using blowtorch, toast marshmallow spread.
4. Create a second layer on top using 3 ice cream sandwiches, followed by a layer of marshmallow spread; toast with blowtorch.
5. Create a third layer on top using 2 ice cream sandwiches, followed by a layer of marshmallow spread; toast with blowtorch.
6. Arrange remaining ice cream sandwich on top. Pipe remaining marshmallow spread on top and toast with blowtorch. 
7. Garnish with sparkler if desired; serve immediately.


Tip: Work quickly and keep the flame moving to avoid burning. 





Nutrition Facts 
Per 1 serving (1/16 of recipe)
Calories 190
Fat 7g
Saturated Fat 3.5g
Cholesterol 10mg
Sodium 100mg
Carbohydrate 29g
Fiber 0g
Sugars 20g
Protein 2g",2024-04-01T19:50:05Z,81449,16,29.0,M&M,"M&M’S Vanilla Ice Cream Sandwich Tower with Toasted Marshmallow Perfect for celebrations big and small, this dessert tower is easy and fast to assemble and will wow any crowd!

Prep Time: 15 minutes
Cook Time: 5 minutes
Total Time: 20 minutes 
Serves: 16

Ingredients

1/4 cup Milk Chocolate M&M’S Minis
10 M&M’S Vanilla Ice Cream Cookie Sandwiches 
3/4 cup marshmallow spread
1 sparkler (optional)

Blowtorch

Instructions

1. Transfer Milk Chocolate M&M’S Minis to shallow bowl. Roll edges of M&M’S Vanilla Ice Cream Cookie Sandwiches in M&M’S Minis. Freeze until ready to use.
2. Transfer marshmallow spread to piping bag fitted with large plain tip.
3. Working quickly, arrange 4 ice cream sandwiches side by side on a long platter. Pipe a layer of marshmallow spread. Using blowtorch, toast marshmallow spread.
4. Create a second layer on top using 3 ice cream sandwiches, followed by a layer of marshmallow spread; toast with blowtorch.
5. Create a third layer on top using 2 ice cream sandwiches, followed by a layer of marshmallow spread; toast with blowtorch.
6. Arrange remaining ice cream sandwich on top. Pipe remaining marshmallow spread on top and toast with blowtorch. 
7. Garnish with sparkler if desired; serve immediately.


Tip: Work quickly and keep the flame moving to avoid burning. 





Nutrition Facts 
Per 1 serving (1/16 of recipe)
Calories 190
Fat 7g
Saturated Fat 3.5g
Cholesterol 10mg
Sodium 100mg
Carbohydrate 29g
Fiber 0g
Sugars 20g
Protein 2g",https://www.youtube.com/watch?v=xWeBpDiGIhk
goWazffo4rg,Deliver The Rainbow,Enter to get our Big Game spot and Elijah Wood delivered to your house.,2026-01-14T19:46:57Z,72084,40,68.0,Skittles,Deliver The Rainbow Enter to get our Big Game spot and Elijah Wood delivered to your house.,https://www.youtube.com/watch?v=goWazffo4rg
OX_ZBoLhG5g,SKITTLES Pride packs have arrived!,"We partnered with six talented artists within the LGBTQ+ community to create pack designs showing how they see the rainbow. Explore the art, and their stories, at pride.skittles.com. For every Pride pack purchased, $1 will go directly to GLAAD (T&C: https://bit.ly/SKITTLESGLAAD)",2022-05-18T17:52:39Z,8304,118,6.0,Skittles,"SKITTLES Pride packs have arrived! We partnered with six talented artists within the LGBTQ+ community to create pack designs showing how they see the rainbow. Explore the art, and their stories, at pride.skittles.com. For every Pride pack purchased, $1 will go directly to GLAAD (T&C: https://bit.ly/SKITTLESGLAAD)",https://www.youtube.com/watch?v=OX_ZBoLhG5g
SvHpUHqSmQc,Meet the artists behind SKITTLES Pride packs!,We partnered with GLAAD and six talented LGBTQ+ artists to create five unique Pride pack designs showing how they see the rainbow. Explore their work and stories at pride.skittles.com.,2022-05-18T17:51:33Z,2707,14,6.0,Skittles,Meet the artists behind SKITTLES Pride packs! We partnered with GLAAD and six talented LGBTQ+ artists to create five unique Pride pack designs showing how they see the rainbow. Explore their work and stories at pride.skittles.com.,https://www.youtube.com/watch?v=SvHpUHqSmQc
zM1y_dwzDSk,Skittles Gummies: Workout 15’,"If you’re ready for a new life, try Skittles Gummies and start your journey today. Available at a retailer near you. #squishtherainbow #tastetherainbow",2021-05-18T19:22:16Z,1102748,304,16.0,Skittles,"Skittles Gummies: Workout 15’ If you’re ready for a new life, try Skittles Gummies and start your journey today. Available at a retailer near you. #squishtherainbow #tastetherainbow",https://www.youtube.com/watch?v=zM1y_dwzDSk
N3FxltJdX_w,#ad Making REESE'S Game Day Nachos w/ @mythicalkitchen,#ad Making REESE'S Game Day Nachos w/@mythicalkitchen,2024-04-05T21:01:44Z,27354,68,30.0,Reese,#ad Making REESE'S Game Day Nachos w/ @mythicalkitchen #ad Making REESE'S Game Day Nachos w/@mythicalkitchen,https://www.youtube.com/watch?v=N3FxltJdX_w
9VkDZMrz5Cs,TWIX CHEETOS FLAMIN' HOT Pumpkin Pies,"Add these sweet and spicy mini pies to any menu to wow the crowd.  

Prep Time: 20 minutes 
Cook Time: 30 minutes  
Total Time: 50 minutes (+ 1 hour standing time) 
Makes: 12  

Ingredients: 
1 rolled refrigerator pie crust  
1/3 cup ground CHEETOS® Crunchy FLAMIN’ HOT® Cheese Flavored Snacks, divided 
1 egg yolk 
1/2 cup pumpkin purée 
2 tbsp packed brown sugar 
2 tbsp evaporated milk 
1/2 tsp pumpkin pie spice 
1/2 tsp vanilla extract 
1/8 tsp salt 
8 Twix® Fun Size® Bars, divided 
1/4 cup heavy or whipping (35%) cream, whipped  
2 tbsp caramel sauce 

Instructions:  
1. Preheat oven to 350°F.  
2. Place pie crust on lightly floured work surface and sprinkle 2 tbsp ground CHEETOS® Crunchy FLAMIN’ HOT® Cheese Flavored Snacks evenly over crust. Using rolling pin, gently press into crust. Flip crust over and sprinkle 2 tbsp ground CHEETOS over crust. Using rolling pin, gently press into crust. 
3. Using 3-inch round cookie cutter, cut out 12 rounds, rerolling scraps as needed. Reserve any remaining scraps for another use.  
4. Fit pastry rounds into 12 mini muffin cups. Chill in refrigerator for 10 minutes to firm up pastry. Using fork, prick bottoms of pastry cups. Line pastry shells with mini muffin liners and fill with pie weights. Bake for 10 to 12 minutes or until lightly golden.   
5. Remove weights and liners. Bake for 4 to 6 minutes or until pastry is golden brown and crisp. Let cool completely.  
6. In medium bowl, whisk together egg yolk, pumpkin purée, brown sugar, evaporated milk, pumpkin pie spice, vanilla and salt until blended.  
7. Chop 2 Twix® Fun Size® Bars and divide among pie shells. Pour in pumpkin purée mixture.  
8. Bake for 15 to 20 minutes or until filling is just set. Let cool completely. 
9. Cut remaining Twix in half diagonally. Just before serving, garnish each mini pie with small dollop of whipped cream, Twix half, remaining ground CHEETOS and drizzle of caramel sauce.  

Tip:  
•  Alternatively, use your favorite whipped topping if preferred.  

 
Nutrition Facts  
Per 1 mini pie 
Calories 160 
Fat 8g 
Saturated Fat 4g 
Cholesterol 25mg 
Sodium 135mg 
Carbohydrate 20g 
Fiber 0g 
Sugars 10g 
Protein 2g",2022-10-31T17:52:12Z,3065,8,44.0,TWIX,"TWIX CHEETOS FLAMIN' HOT Pumpkin Pies Add these sweet and spicy mini pies to any menu to wow the crowd.  

Prep Time: 20 minutes 
Cook Time: 30 minutes  
Total Time: 50 minutes (+ 1 hour standing time) 
Makes: 12  

Ingredients: 
1 rolled refrigerator pie crust  
1/3 cup ground CHEETOS® Crunchy FLAMIN’ HOT® Cheese Flavored Snacks, divided 
1 egg yolk 
1/2 cup pumpkin purée 
2 tbsp packed brown sugar 
2 tbsp evaporated milk 
1/2 tsp pumpkin pie spice 
1/2 tsp vanilla extract 
1/8 tsp salt 
8 Twix® Fun Size® Bars, divided 
1/4 cup heavy or whipping (35%) cream, whipped  
2 tbsp caramel sauce 

Instructions:  
1. Preheat oven to 350°F.  
2. Place pie crust on lightly floured work surface and sprinkle 2 tbsp ground CHEETOS® Crunchy FLAMIN’ HOT® Cheese Flavored Snacks evenly over crust. Using rolling pin, gently press into crust. Flip crust over and sprinkle 2 tbsp ground CHEETOS over crust. Using rolling pin, gently press into crust. 
3. Using 3-inch round cookie cutter, cut out 12 rounds, rerolling scraps as needed. Reserve any remaining scraps for another use.  
4. Fit pastry rounds into 12 mini muffin cups. Chill in refrigerator for 10 minutes to firm up pastry. Using fork, prick bottoms of pastry cups. Line pastry shells with mini muffin liners and fill with pie weights. Bake for 10 to 12 minutes or until lightly golden.   
5. Remove weights and liners. Bake for 4 to 6 minutes or until pastry is golden brown and crisp. Let cool completely.  
6. In medium bowl, whisk together egg yolk, pumpkin purée, brown sugar, evaporated milk, pumpkin pie spice, vanilla and salt until blended.  
7. Chop 2 Twix® Fun Size® Bars and divide among pie shells. Pour in pumpkin purée mixture.  
8. Bake for 15 to 20 minutes or until filling is just set. Let cool completely. 
9. Cut remaining Twix in half diagonally. Just before serving, garnish each mini pie with small dollop of whipped cream, Twix half, remaining ground CHEETOS and drizzle of caramel sauce.  

Tip:  
•  Alternatively, use your favorite whipped topping if preferred.  

 
Nutrition Facts  
Per 1 mini pie 
Calories 160 
Fat 8g 
Saturated Fat 4g 
Cholesterol 25mg 
Sodium 135mg 
Carbohydrate 20g 
Fiber 0g 
Sugars 10g 
Protein 2g",https://www.youtube.com/watch?v=9VkDZMrz5Cs
FSNj0HVIK9c,TWIX Ghosts Recipe,"These quick and easy Twix Ghosts make a fun no-bake Halloween treat that everyone will love.  
 
Prep Time: 20 minutes 
Cook Time: 0 minutes  
Total Time: 20 minutes (+ 20 minutes standing time) 
Makes: 12 servings 
 
Ingredients: 
12 Twix Fun Size bars 
3 oz white chocolate chips, melted 
12 mini dark chocolate chips 
1 small tube brown or black icing 
 
Instructions:  
1. Spoon 2 tsp of melted white chocolate onto each Twix Fun Size bar, spreading to cover three-quarters of each bar. Place on parchment paper–lined baking sheet. 
2. With undipped portion of Twix at the bottom, place 1 chocolate chip about one-third of the way down from the top of the bar on the icing to resemble the ghost’s mouth.  
3. Let stand for about 5 minutes or until white chocolate is slightly set. Pipe 2 small dots of brown icing above each ghost’s mouth to resemble the eyes. Refrigerate for 10 to 15 minutes or until white chocolate is completely set.  

Tips:  
• Substitute white candy melts for white chocolate chips if preferred.  
• Alternatively, use black icing or melted dark chocolate instead of chocolate chips to make the ghost’s mouth, letting the white chocolate set before piping.  

Nutrition Facts  
Per 1 ghost 
Calories 100 
Fat 5g 
Saturated Fat 3g 
Cholesterol 5mg 
Sodium 25mg 
Carbohydrate 13g 
Fiber 0g 
Sugars 11g 
Protein 1g",2021-10-22T18:07:43Z,1839,61,40.0,TWIX,"TWIX Ghosts Recipe These quick and easy Twix Ghosts make a fun no-bake Halloween treat that everyone will love.  
 
Prep Time: 20 minutes 
Cook Time: 0 minutes  
Total Time: 20 minutes (+ 20 minutes standing time) 
Makes: 12 servings 
 
Ingredients: 
12 Twix Fun Size bars 
3 oz white chocolate chips, melted 
12 mini dark chocolate chips 
1 small tube brown or black icing 
 
Instructions:  
1. Spoon 2 tsp of melted white chocolate onto each Twix Fun Size bar, spreading to cover three-quarters of each bar. Place on parchment paper–lined baking sheet. 
2. With undipped portion of Twix at the bottom, place 1 chocolate chip about one-third of the way down from the top of the bar on the icing to resemble the ghost’s mouth.  
3. Let stand for about 5 minutes or until white chocolate is slightly set. Pipe 2 small dots of brown icing above each ghost’s mouth to resemble the eyes. Refrigerate for 10 to 15 minutes or until white chocolate is completely set.  

Tips:  
• Substitute white candy melts for white chocolate chips if preferred.  
• Alternatively, use black icing or melted dark chocolate instead of chocolate chips to make the ghost’s mouth, letting the white chocolate set before piping.  

Nutrition Facts  
Per 1 ghost 
Calories 100 
Fat 5g 
Saturated Fat 3g 
Cholesterol 5mg 
Sodium 25mg 
Carbohydrate 13g 
Fiber 0g 
Sugars 11g 
Protein 1g",https://www.youtube.com/watch?v=FSNj0HVIK9c
l7Pgxg_HbWo,TWIX Mummies Halloween Treats,"Quick and easy, these yummy Halloween Fun Size Twix mummies will add a little spookiness to any Halloween occasion!

 

Prep Time: 10 minutes 

Cook Time: 5 minutes  

Total Time: 15 minutes (+ 30 minutes standing time) 

Makes: 12 servings  

 

Ingredients: 

 

12 (.85 oz) Halloween Fun Size Twix 

2 tbsp butter 

1/2 cup mini marshmallows  

2 oz white chocolate chips 

1 tsp vanilla extract 

24 candy eyes 

 

Instructions:  

 

Arrange Twix on parchment paper–lined baking sheet, about 2 inches apart; set aside. 

Melt butter in saucepan set over medium heat; stir in mini marshmallows until melted. Remove from heat; stir in chocolate chips until melted. Stir in vanilla.  

Using fork or spoon, drizzle melted marshmallow mixture over each Twix to resemble bandages of a mummy. 

Press 2 candy eyes onto each mummy. Let stand for 30 to 60 minutes or until cooled and set.   

 

Tip: Substitute mini chocolate chips for candy eyes. 

 

Nutrition Facts  

Per 1 piece 

Calories 170 

Fat 9g 

Saturated Fat 5g 

Cholesterol 10mg 

Sodium 65mg 

Carbohydrate 22g 

Fiber 0g 

Sugars 17g 

Protein 1g",2020-10-14T15:40:35Z,2200,8,31.0,TWIX,"TWIX Mummies Halloween Treats Quick and easy, these yummy Halloween Fun Size Twix mummies will add a little spookiness to any Halloween occasion!

 

Prep Time: 10 minutes 

Cook Time: 5 minutes  

Total Time: 15 minutes (+ 30 minutes standing time) 

Makes: 12 servings  

 

Ingredients: 

 

12 (.85 oz) Halloween Fun Size Twix 

2 tbsp butter 

1/2 cup mini marshmallows  

2 oz white chocolate chips 

1 tsp vanilla extract 

24 candy eyes 

 

Instructions:  

 

Arrange Twix on parchment paper–lined baking sheet, about 2 inches apart; set aside. 

Melt butter in saucepan set over medium heat; stir in mini marshmallows until melted. Remove from heat; stir in chocolate chips until melted. Stir in vanilla.  

Using fork or spoon, drizzle melted marshmallow mixture over each Twix to resemble bandages of a mummy. 

Press 2 candy eyes onto each mummy. Let stand for 30 to 60 minutes or until cooled and set.   

 

Tip: Substitute mini chocolate chips for candy eyes. 

 

Nutrition Facts  

Per 1 piece 

Calories 170 

Fat 9g 

Saturated Fat 5g 

Cholesterol 10mg 

Sodium 65mg 

Carbohydrate 22g 

Fiber 0g 

Sugars 17g 

Protein 1g",https://www.youtube.com/watch?v=l7Pgxg_HbWo
ISTmOFH9jAY,Happiness is the real gold,"Hershey’s sat down with five incredible athletes from Team USA—Hilary Knight, Erin Jackson, Brenna Huckaby, Jason Brown, and Jordan Stolz in a filmed stunt to ask them about their Olympic and Paralympic hopes of winning gold. Or so they thought. Instead, we surprised them with heartfelt messages and appearances from their families, reminding them that achieving personal happiness is the real gold.",2026-02-03T14:29:44Z,1700289,10,31.0,HERSHEY'S,"Happiness is the real gold Hershey’s sat down with five incredible athletes from Team USA—Hilary Knight, Erin Jackson, Brenna Huckaby, Jason Brown, and Jordan Stolz in a filmed stunt to ask them about their Olympic and Paralympic hopes of winning gold. Or so they thought. Instead, we surprised them with heartfelt messages and appearances from their families, reminding them that achieving personal happiness is the real gold.",https://www.youtube.com/watch?v=ISTmOFH9jAY
7vMZR94DP5o,The Real Gold - Hershey's Olympics,"To launch Hershey’s newest campaign “It’s Your Happy Place”, we sat down with five incredible athletes from Team USA—Hilary Knight, Erin Jackson, Brenna Huckaby, Jason Brown, and Jordan Stolz in a filmed stunt to ask them about their Olympic and Paralympic hopes of winning gold. Or so they thought. Instead, we surprised them with heartfelt messages and appearances from their families, reminding them that achieving personal happiness is the real gold.",2026-01-21T17:48:52Z,14653,13,150.0,HERSHEY'S,"The Real Gold - Hershey's Olympics To launch Hershey’s newest campaign “It’s Your Happy Place”, we sat down with five incredible athletes from Team USA—Hilary Knight, Erin Jackson, Brenna Huckaby, Jason Brown, and Jordan Stolz in a filmed stunt to ask them about their Olympic and Paralympic hopes of winning gold. Or so they thought. Instead, we surprised them with heartfelt messages and appearances from their families, reminding them that achieving personal happiness is the real gold.",https://www.youtube.com/watch?v=7vMZR94DP5o
y49rlnToeCA,Ready to find them all? Here's how to unlock the fun with HERSHEY'S KISSES Pokémon Foils.🍫,,2025-06-16T21:17:14Z,18117,13,25.0,HERSHEY'S,Ready to find them all? Here's how to unlock the fun with HERSHEY'S KISSES Pokémon Foils.🍫 ,https://www.youtube.com/watch?v=y49rlnToeCA
BoIobpoTVrE,From Farm to Shelf: See How Triscuit is Made Simply,"The journey of triscuit is simple. It begins in the heartland of America where local farmers and bakers create the delicious triscuit cracker, making it one great snack you can feel good about, no matter how you top it.
 
The delicious whole grain wheat is grown and harvested by passionate, generational family farmers. Some of these farmers have adopted regenerative agriculture practices that help protect the soil and optimize fertilizer use, such as using cover crops, implementing crop rotation, and practicing reduced tilling.
 
Triscuit also works with Michigan State University  https://www.canr.msu.edu/outreach/ Field to Market https://fieldtomarket.org/ and CO-OP Elevator https://www.coopelev.com/ to collect data from these farmers and advise them on ways to increase wheat yields, improve soil health, and reduce carbon emissions.
 
Triscuit, as part of Mondelēz International, is working towards improving the environmental footprint of the wheat we source. Find more of our efforts both in the U.S. and worldwide in the 2022 Mondelēz International Snacking Made Right Report here: https://www.mondelezinternational.com/Snacking-Made-Right/Reporting-and-Disclosure/",2023-10-04T21:17:36Z,19762,11,73.0,Triscuit,"From Farm to Shelf: See How Triscuit is Made Simply The journey of triscuit is simple. It begins in the heartland of America where local farmers and bakers create the delicious triscuit cracker, making it one great snack you can feel good about, no matter how you top it.
 
The delicious whole grain wheat is grown and harvested by passionate, generational family farmers. Some of these farmers have adopted regenerative agriculture practices that help protect the soil and optimize fertilizer use, such as using cover crops, implementing crop rotation, and practicing reduced tilling.
 
Triscuit also works with Michigan State University  https://www.canr.msu.edu/outreach/ Field to Market https://fieldtomarket.org/ and CO-OP Elevator https://www.coopelev.com/ to collect data from these farmers and advise them on ways to increase wheat yields, improve soil health, and reduce carbon emissions.
 
Triscuit, as part of Mondelēz International, is working towards improving the environmental footprint of the wheat we source. Find more of our efforts both in the U.S. and worldwide in the 2022 Mondelēz International Snacking Made Right Report here: https://www.mondelezinternational.com/Snacking-Made-Right/Reporting-and-Disclosure/",https://www.youtube.com/watch?v=BoIobpoTVrE
HIvv5YI7pjM,TRISCUIT Crackers | How They're Made,Ever wonder how we make TRISCUIT Crackers?,2021-04-21T18:59:21Z,100051,236,70.0,Triscuit,TRISCUIT Crackers | How They're Made Ever wonder how we make TRISCUIT Crackers?,https://www.youtube.com/watch?v=HIvv5YI7pjM
NBqRnPCXeEU,Spreading Simplicity with PB&Jams :15,"Megan Gibson of PB&Jams creates some of the most delicious nut butters in Philly. Triscuit supports her because she focuses on simple ingredients and we believe that, just like us, she’s made for more.",2016-05-23T13:01:59Z,546827,12,16.0,Triscuit,"Spreading Simplicity with PB&Jams :15 Megan Gibson of PB&Jams creates some of the most delicious nut butters in Philly. Triscuit supports her because she focuses on simple ingredients and we believe that, just like us, she’s made for more.",https://www.youtube.com/watch?v=NBqRnPCXeEU
pEYkM3boSos,"Pringles | Big Game 2026 Commercial | ""Pringleleo"" Extended Cut",Once you pop… it’s love at first bite. #pringles,2026-02-03T14:15:09Z,328605,149,61.0,Pringles U.S.,"Pringles | Big Game 2026 Commercial | ""Pringleleo"" Extended Cut Once you pop… it’s love at first bite. #pringles",https://www.youtube.com/watch?v=pEYkM3boSos
LImU9k95rOw,Love at first bite,"Once you pop, you’ll fall head over crisps",2026-01-14T16:14:00Z,3268021,389,16.0,Pringles U.S.,"Love at first bite Once you pop, you’ll fall head over crisps",https://www.youtube.com/watch?v=LImU9k95rOw
lKOTQc3ulPw,Pringles | Harvest Blends - :06 (Multigrain),Pringles® Harvest Blends are deliciously different. Made with Multigrains for a bold new texture. Try ‘em in Homestyle Ranch or Farmhouse Cheddar.,2023-12-18T23:17:16Z,58351,9,7.0,Pringles U.S.,Pringles | Harvest Blends - :06 (Multigrain) Pringles® Harvest Blends are deliciously different. Made with Multigrains for a bold new texture. Try ‘em in Homestyle Ranch or Farmhouse Cheddar.,https://www.youtube.com/watch?v=lKOTQc3ulPw
X9-7JBOG0XU,What is the greatest game of all time? Pringles and IGN want your vote.,"IGN and Pringles are teaming up to launch Icons, a brand-new awards system driven by user ratings, which allows YOU to elevate your favorite games to Icon status. Head to www.ign.com/pringles to make your voice heard and see how your favorites stack up.",2023-10-09T13:35:44Z,30765,11,7.0,Pringles U.S.,"What is the greatest game of all time? Pringles and IGN want your vote. IGN and Pringles are teaming up to launch Icons, a brand-new awards system driven by user ratings, which allows YOU to elevate your favorite games to Icon status. Head to www.ign.com/pringles to make your voice heard and see how your favorites stack up.",https://www.youtube.com/watch?v=X9-7JBOG0XU
ulWGzWAndY8,Gone Swimming,"When Cinnadust meets milk, there’s no telling what will happen.",2025-06-19T16:03:06Z,54933,21,7.0,Cinnamon Toast Crunch,"Gone Swimming When Cinnadust meets milk, there’s no telling what will happen.",https://www.youtube.com/watch?v=ulWGzWAndY8
mSkreWclI04,Watch Your Back,Watch your back... especially if it's covered in cinnadust.,2025-06-19T13:33:33Z,1421307,86,7.0,Cinnamon Toast Crunch,Watch Your Back Watch your back... especially if it's covered in cinnadust.,https://www.youtube.com/watch?v=mSkreWclI04
kIqXtIIq-6s,Don't Look In The Fridge,We’d do it all again just for the irresistible taste of Cinnadust,2025-06-19T13:33:13Z,2374974,697,31.0,Cinnamon Toast Crunch,Don't Look In The Fridge We’d do it all again just for the irresistible taste of Cinnadust,https://www.youtube.com/watch?v=kIqXtIIq-6s
eYbAmjWt6zQ,Pop-Tarts Gingerbread Lodge | Home Tour,"Welcome to Pop-Tarts Gingerbread Lodge - a rustic retreat that’s a feast for the eyes (and the mouth, obviously).",2022-11-10T05:00:10Z,41031,14,61.0,Pop-Tarts,"Pop-Tarts Gingerbread Lodge | Home Tour Welcome to Pop-Tarts Gingerbread Lodge - a rustic retreat that’s a feast for the eyes (and the mouth, obviously).",https://www.youtube.com/watch?v=eYbAmjWt6zQ
zAhRzB5o1f8,What Would Pop-Tarts Do?,"Four magic words to make your day crazy good. Go ahead, ask and see what happens",2021-06-10T10:36:31Z,67965315,74,15.0,Pop-Tarts,"What Would Pop-Tarts Do? Four magic words to make your day crazy good. Go ahead, ask and see what happens",https://www.youtube.com/watch?v=zAhRzB5o1f8
opIpYhJAL8Q,"Ready, set, snack",Pop-Tarts would snack like a winner. Want in on the action? Ask What Would Pop-Tarts Do?,2021-06-10T10:36:18Z,41220,14,6.0,Pop-Tarts,"Ready, set, snack Pop-Tarts would snack like a winner. Want in on the action? Ask What Would Pop-Tarts Do?",https://www.youtube.com/watch?v=opIpYhJAL8Q
UYXOr8ZtaTM,Eggo® Tunes VI,"Check out our latest Eggo® Tunes commercial. With so many yummy possibilities, you can make Eggo your own each morning. From peanut butter & jam to something silly & funny , you can make yours totally awesome!",2020-01-15T18:21:45Z,3899417,23,16.0,Eggo Canada,"Eggo® Tunes VI Check out our latest Eggo® Tunes commercial. With so many yummy possibilities, you can make Eggo your own each morning. From peanut butter & jam to something silly & funny , you can make yours totally awesome!",https://www.youtube.com/watch?v=UYXOr8ZtaTM
eK0mPTU5g8M,Eggo® Tunes ft. Eggo Mickey Original Waffles,"Check out our latest Eggo® Tunes commercial to see all of the fun you can have with Eggo®. From monkey and cow faces to the Solar System, the creation possibilities are endless! And with Eggo® Mickey Original Waffles, you can have even more fun creating and eating.",2019-01-07T15:19:16Z,78616,22,31.0,Eggo Canada,"Eggo® Tunes ft. Eggo Mickey Original Waffles Check out our latest Eggo® Tunes commercial to see all of the fun you can have with Eggo®. From monkey and cow faces to the Solar System, the creation possibilities are endless! And with Eggo® Mickey Original Waffles, you can have even more fun creating and eating.",https://www.youtube.com/watch?v=eK0mPTU5g8M
I1DLiSHaHuY,Eggo Fully Loaded Waffles | Hungry-Teen,"Teen hunger hits different. Luckily, we got a waffle with 10g of protein.

Facebook: https://www.facebook.com/eggo
Instagram: https://www.instagram.com/eggo_us/
TikTok: https://www.tiktok.com/@eggo
Website: https://www.leggomyeggo.com",2024-08-19T22:05:19Z,6923,8,31.0,Eggo Waffles,"Eggo Fully Loaded Waffles | Hungry-Teen Teen hunger hits different. Luckily, we got a waffle with 10g of protein.

Facebook: https://www.facebook.com/eggo
Instagram: https://www.instagram.com/eggo_us/
TikTok: https://www.tiktok.com/@eggo
Website: https://www.leggomyeggo.com",https://www.youtube.com/watch?v=I1DLiSHaHuY
txsL5FuyTMM,La Dolce Velveeta | Crowd,"Go ahead, give them something to stare at. That’s La Dolce Velveeta.",2023-04-18T16:56:08Z,42343,209,38.0,Velveeta,"La Dolce Velveeta | Crowd Go ahead, give them something to stare at. That’s La Dolce Velveeta.",https://www.youtube.com/watch?v=txsL5FuyTMM
pCnKthjoa3o,Chili Queso Dip with VELVEETA and RO*TEL,"Crowd pleasing Chili Queso Dip is sure to be the talk of your next party. This recipe takes the classic VELVEETA and RO*TEL Queso combo to the next level. Add an extra chair or two, everyone will want to be here for this Queso. http://www.quesoforall.com/recipes-Chili-Queso-Dip-6907.html",2016-01-06T21:25:42Z,578802,60,13.0,Velveeta,"Chili Queso Dip with VELVEETA and RO*TEL Crowd pleasing Chili Queso Dip is sure to be the talk of your next party. This recipe takes the classic VELVEETA and RO*TEL Queso combo to the next level. Add an extra chair or two, everyone will want to be here for this Queso. http://www.quesoforall.com/recipes-Chili-Queso-Dip-6907.html",https://www.youtube.com/watch?v=pCnKthjoa3o
GAQ0b5Ru3eQ,Fiery Buffalo Cheeseburger Sliders | Give Your Meals an Edge,"#ad Fiery Buffalo Cheeseburger Sliders 🔥 @SargentoCheese + @FranksRedHot Seasoning bring the heat, so you don’t have to! 🔥🍔",2025-05-15T19:26:15Z,543952,13,60.0,Sargento Cheese,"Fiery Buffalo Cheeseburger Sliders | Give Your Meals an Edge #ad Fiery Buffalo Cheeseburger Sliders 🔥 @SargentoCheese + @FranksRedHot Seasoning bring the heat, so you don’t have to! 🔥🍔",https://www.youtube.com/watch?v=GAQ0b5Ru3eQ
lj_kvG5nJxA,Peanut Butter Jelly Time Remix – Lil Jon & Twista | Official Lunchables Lyric Video,"YOU KNOW WHAT TIME IT IS. We linked up with two rap legends to drop a remix of the internet’s OG hype track—and it dips hard. We’re also serving up new Lunchables PB&J—a remix of your favorite sandwich, now dippable, fresh from the fridge, that lets you dial up the fruit flavor your way. Ready to dip and turn it up? Find Lunchables PB&J in the refrigerated aisle now. 



Credits:
Performed by Lil Jon and Twista
Written by Elijah Willie Brown (BMI), Raymond Hartley (ASCAP), Jefferey Andrew Fortson (ASCAP), and Herman Kelly
Produced by Lil Jon",2025-05-06T10:55:20Z,54703,71,75.0,Lunchables,"Peanut Butter Jelly Time Remix – Lil Jon & Twista | Official Lunchables Lyric Video YOU KNOW WHAT TIME IT IS. We linked up with two rap legends to drop a remix of the internet’s OG hype track—and it dips hard. We’re also serving up new Lunchables PB&J—a remix of your favorite sandwich, now dippable, fresh from the fridge, that lets you dial up the fruit flavor your way. Ready to dip and turn it up? Find Lunchables PB&J in the refrigerated aisle now. 



Credits:
Performed by Lil Jon and Twista
Written by Elijah Willie Brown (BMI), Raymond Hartley (ASCAP), Jefferey Andrew Fortson (ASCAP), and Herman Kelly
Produced by Lil Jon",https://www.youtube.com/watch?v=lj_kvG5nJxA
cH_dtBp9LyY,GoldFish Crackers (Real Account),"Goldfish Crackers, Snacks Healthy,Made With Cheese (Real Cheddar)",2024-11-24T02:37:23Z,93287,13,6.0,GoldFish,"GoldFish Crackers (Real Account) Goldfish Crackers, Snacks Healthy,Made With Cheese (Real Cheddar)",https://www.youtube.com/watch?v=cH_dtBp9LyY
TbcScrTzxM8,Coach Foodie,"I’ve been focusing on feeling good without feeling restricted. It’s the small things that really add up for me, like staying mindful with what I eat and ending my days right with Del Monte Fiber Enriched",2025-12-15T02:00:12Z,3384156,32,52.0,Del Monte Kitchenomics,"Coach Foodie I’ve been focusing on feeling good without feeling restricted. It’s the small things that really add up for me, like staying mindful with what I eat and ending my days right with Del Monte Fiber Enriched",https://www.youtube.com/watch?v=TbcScrTzxM8
PCHHH6fIcSQ,"Cleanse Nightly, Tomorrow Ready","Pansit is life, kaya fiber is lifest! Kaya Cleanse nightly with Del Monte Fiber Enriched.",2025-12-15T01:59:18Z,2442788,15,40.0,Del Monte Kitchenomics,"Cleanse Nightly, Tomorrow Ready Pansit is life, kaya fiber is lifest! Kaya Cleanse nightly with Del Monte Fiber Enriched.",https://www.youtube.com/watch?v=PCHHH6fIcSQ
bs4YGCKRlXc,Del Monte Fiber Enriched: Chibog Tayo PH,"Busog today, light tomorrow. 🍍

After a day of good food and long hustle, I end my night with Del Monte Fiber-Enriched, para walang bigat sa tiyan and I wake up ready for more food adventures.

#DelMonteFiberEnriched #CleanseNightlyTomorrowReady",2025-11-28T08:19:07Z,4216884,25,38.0,Del Monte Kitchenomics,"Del Monte Fiber Enriched: Chibog Tayo PH Busog today, light tomorrow. 🍍

After a day of good food and long hustle, I end my night with Del Monte Fiber-Enriched, para walang bigat sa tiyan and I wake up ready for more food adventures.

#DelMonteFiberEnriched #CleanseNightlyTomorrowReady",https://www.youtube.com/watch?v=bs4YGCKRlXc
cBegIoxi2_Y,Del Monte Fiber Enriched: Ran Mamangun,"Alam mo ‘yung feeling ng fresh start every morning? 🌞That’s what I’m going for. Kaya I drink Del Monte 100% Pineapple Juice Fiber Enriched to cleanse nightly para tomorrow ready palagi! 🍍💛

#DelMonteFiberEnriched #CleanseNightlyTomorrowReady",2025-11-28T08:19:01Z,7277486,19,44.0,Del Monte Kitchenomics,"Del Monte Fiber Enriched: Ran Mamangun Alam mo ‘yung feeling ng fresh start every morning? 🌞That’s what I’m going for. Kaya I drink Del Monte 100% Pineapple Juice Fiber Enriched to cleanse nightly para tomorrow ready palagi! 🍍💛

#DelMonteFiberEnriched #CleanseNightlyTomorrowReady",https://www.youtube.com/watch?v=cBegIoxi2_Y
Oj2-2NmLpec,Squirrel | Jif Peanut Butter Is That Jif'ing Good,"Jif Peanut Butter is…
That Jif’ing Good, you’d watch a 30 second commercial featuring a scurry of cute squirrels for it.
That Jif’ing Good, you’d consider dressing up like a squirrel for it. 
That Jif’ing Good, you’d wear it to work and try to secure a free lunch for it. 
That Jif’ing Good, you’d scroll down and even read the description of the commercial for it. 
That Jif’ing Good, you’d continue reading the description for it. 
That Jif’ing Good, you’d go to any retailer’s website right now and buy a jar of Jif or Jif Peanut Butter & Chocolate Flavored Spread.",2025-06-30T13:38:51Z,46268,13,31.0,Jif®,"Squirrel | Jif Peanut Butter Is That Jif'ing Good Jif Peanut Butter is…
That Jif’ing Good, you’d watch a 30 second commercial featuring a scurry of cute squirrels for it.
That Jif’ing Good, you’d consider dressing up like a squirrel for it. 
That Jif’ing Good, you’d wear it to work and try to secure a free lunch for it. 
That Jif’ing Good, you’d scroll down and even read the description of the commercial for it. 
That Jif’ing Good, you’d continue reading the description for it. 
That Jif’ing Good, you’d go to any retailer’s website right now and buy a jar of Jif or Jif Peanut Butter & Chocolate Flavored Spread.",https://www.youtube.com/watch?v=Oj2-2NmLpec
gfI-cArJGLk,The OG PB&J. Only with Smucker’s Jam & Jif Peanut Butter.,"Stack your PB&J with Smucker’s fruity, sweet, spread-alicious jam and Jif creamy, nutty peanut butter.",2025-02-24T18:38:34Z,23654765,72,16.0,Smucker's,"The OG PB&J. Only with Smucker’s Jam & Jif Peanut Butter. Stack your PB&J with Smucker’s fruity, sweet, spread-alicious jam and Jif creamy, nutty peanut butter.",https://www.youtube.com/watch?v=gfI-cArJGLk
kEps9lNDgjw,Perfectly Crafted In the Bread Aisle | Nature’s Own,"http://naturesownbread.com/perfectlycrafted The bread aisle just got way more artisanal! Introducing Nature’s Own Perfectly Crafted bread. 

Nature’s Own Perfectly Crafted bread is non-GMO verified, bakery-style bread with thick-cut slices and a flour-dusted crust, available both in white or multigrain. With its irresistibly soft texture, fresh-baked aroma, and incredible taste, it’s bound to be love at first sight during your next grocery run. In keeping with Nature’s Own longstanding commitment to quality, our Perfectly Crafted bread has absolutely no artificial preservatives, colors or flavors or high fructose corn syrup.

Because at the bread aisle, it’s ok not to settle for anything less than perfect.",2019-02-21T18:01:16Z,5801902,11,16.0,NaturesOwnBread,"Perfectly Crafted In the Bread Aisle | Nature’s Own http://naturesownbread.com/perfectlycrafted The bread aisle just got way more artisanal! Introducing Nature’s Own Perfectly Crafted bread. 

Nature’s Own Perfectly Crafted bread is non-GMO verified, bakery-style bread with thick-cut slices and a flour-dusted crust, available both in white or multigrain. With its irresistibly soft texture, fresh-baked aroma, and incredible taste, it’s bound to be love at first sight during your next grocery run. In keeping with Nature’s Own longstanding commitment to quality, our Perfectly Crafted bread has absolutely no artificial preservatives, colors or flavors or high fructose corn syrup.

Because at the bread aisle, it’s ok not to settle for anything less than perfect.",https://www.youtube.com/watch?v=kEps9lNDgjw
F3SVNluom_M,:30 21 Grain Salute,"The bread aisle is ready to rock. Dave’s Killer Bread is the country’s number one organic bread for a reason – always delivering killer taste, killer texture, and killer nutrition. This isn’t bread, this is Bread, Amplified.

https://www.daveskillerbread.com/21-whole-grains-and-seeds",2024-08-19T16:13:54Z,10647955,12,30.0,Dave Killer Bread,":30 21 Grain Salute The bread aisle is ready to rock. Dave’s Killer Bread is the country’s number one organic bread for a reason – always delivering killer taste, killer texture, and killer nutrition. This isn’t bread, this is Bread, Amplified.

https://www.daveskillerbread.com/21-whole-grains-and-seeds",https://www.youtube.com/watch?v=F3SVNluom_M
Lahkqc1Nxg4,Introducing Dave's Killer Bread Organic English Muffins,Dave’s Killer Bread organic ENGLISH MUFFINS have entered orbit. That’s right. They’re outta this world and packed with massive flavor craters.,2019-01-22T01:10:13Z,6092,8,22.0,Dave Killer Bread,Introducing Dave's Killer Bread Organic English Muffins Dave’s Killer Bread organic ENGLISH MUFFINS have entered orbit. That’s right. They’re outta this world and packed with massive flavor craters.,https://www.youtube.com/watch?v=Lahkqc1Nxg4
17DtbEJTQp0,Dave's Killer Bread — 21 Whole Grains & Seeds,"21 Whole Grains & Seeds is not only our best-selling variety, it's also the #1 Organic Bread in America! Power-packed with whole grain nutrition, ""21"" is the perfect choice for some epic toast or a killer sandwich.",2016-12-20T21:48:16Z,14059,13,22.0,Dave Killer Bread,"Dave's Killer Bread — 21 Whole Grains & Seeds 21 Whole Grains & Seeds is not only our best-selling variety, it's also the #1 Organic Bread in America! Power-packed with whole grain nutrition, ""21"" is the perfect choice for some epic toast or a killer sandwich.",https://www.youtube.com/watch?v=17DtbEJTQp0
JngZ64yTE4o,Christmas Cheer Gift Box 2018,"The holiday season is here and Little Debbie is excited to present our limited Christmas Cheer Gift Box! For only $24.99 (that includes shipping) you can share an assortment of Little Debbie® goodies with those you love. Be sure to order this fun gift for everyone on your list: coworkers, in-laws, Secret Santa, or yourself!
Purchase Link: https://bit.ly/2QlIcS1
Products Included:
Christmas Tree Cakes - Vanilla
Christmas Tree Cakes - Holiday Spice
Christmas Tree Brownies
North Pole Nutty Bars
Christmas Gingerbread Cookies
Little Debbie Campfire Mug
Little Debbie Stickers
& More!",2018-11-26T20:32:21Z,10355,20,164.0,Little Debbie,"Christmas Cheer Gift Box 2018 The holiday season is here and Little Debbie is excited to present our limited Christmas Cheer Gift Box! For only $24.99 (that includes shipping) you can share an assortment of Little Debbie® goodies with those you love. Be sure to order this fun gift for everyone on your list: coworkers, in-laws, Secret Santa, or yourself!
Purchase Link: https://bit.ly/2QlIcS1
Products Included:
Christmas Tree Cakes - Vanilla
Christmas Tree Cakes - Holiday Spice
Christmas Tree Brownies
North Pole Nutty Bars
Christmas Gingerbread Cookies
Little Debbie Campfire Mug
Little Debbie Stickers
& More!",https://www.youtube.com/watch?v=JngZ64yTE4o
IKWh2_I58nQ,Totino's 10 Pizza Rolls for About $1: Animal Control,"Sam Richardson would rather have a lot more Totino's Pizza Rolls instead of paying the animal control person! Get 10 Totino's Pizza Rolls for about $1!
*Based on the average retail price of the 100ct, 130ct, and 160ct Totino’s Pizza Rolls. Source: Nielsen Sales Data ending 4/20/2025.",2025-09-08T15:12:15Z,131642,17,31.0,Totinos Pizza Rolls,"Totino's 10 Pizza Rolls for About $1: Animal Control Sam Richardson would rather have a lot more Totino's Pizza Rolls instead of paying the animal control person! Get 10 Totino's Pizza Rolls for about $1!
*Based on the average retail price of the 100ct, 130ct, and 160ct Totino’s Pizza Rolls. Source: Nielsen Sales Data ending 4/20/2025.",https://www.youtube.com/watch?v=IKWh2_I58nQ
1nQT5pK2sIE,[BANNED Extended Cut] Totino's Big Game Ad,"In this NOT AS SAFE for TV version, the time has come for Chazmo to return to his home planet and say farewell to the friends (Tim Robinson and Sam Richardson) he made along the way. And the Totino's Pizza Rolls he ate along the way.",2025-02-10T03:57:16Z,163155,235,52.0,Totinos Pizza Rolls,"[BANNED Extended Cut] Totino's Big Game Ad In this NOT AS SAFE for TV version, the time has come for Chazmo to return to his home planet and say farewell to the friends (Tim Robinson and Sam Richardson) he made along the way. And the Totino's Pizza Rolls he ate along the way.",https://www.youtube.com/watch?v=1nQT5pK2sIE
FIYkPHUiCW4,Chazmo Finally Goes Home: Totino's Pizza Rolls :30 Big Game Ad,The time has come for Chazmo to return to his home planet and say farewell to the friends (Tim Robinson and Sam Richardson) he made along the way. And the Totino's Pizza Rolls he ate along the way.,2025-02-05T14:43:20Z,528962,244,31.0,Totinos Pizza Rolls,Chazmo Finally Goes Home: Totino's Pizza Rolls :30 Big Game Ad The time has come for Chazmo to return to his home planet and say farewell to the friends (Tim Robinson and Sam Richardson) he made along the way. And the Totino's Pizza Rolls he ate along the way.,https://www.youtube.com/watch?v=FIYkPHUiCW4
DA6Ir9qKTyw,Stouffer’s | When the Clock Strikes Dinner - Wednesday Walk | Enchiladas,,2024-07-29T20:49:01Z,48235311,37,16.0,Stouffer's,Stouffer’s | When the Clock Strikes Dinner - Wednesday Walk | Enchiladas ,https://www.youtube.com/watch?v=DA6Ir9qKTyw
LfZY0u0gq34,Jimmy Dean: Somethin' to Eat,"Eggs, bacon, sausage, cheese and 'taters... The Jimmy Dean Breakfast Bowl. Like Jimmy said, ""When you’re finished, you’ll know you had something to eat.""",2019-04-08T13:11:05Z,12275681,649,16.0,Jimmy Dean,"Jimmy Dean: Somethin' to Eat Eggs, bacon, sausage, cheese and 'taters... The Jimmy Dean Breakfast Bowl. Like Jimmy said, ""When you’re finished, you’ll know you had something to eat.""",https://www.youtube.com/watch?v=LfZY0u0gq34
RUeXk7xQYqc,Jimmy Dean: No Shortcuts,"Jimmy Dean once said, ""There are no shortcuts to quality."" But there is a shortcut to eating it. Our fully cooked sausage is ready in seconds, because today’s your day to shine on.",2018-07-27T17:22:29Z,5140607,370,16.0,Jimmy Dean,"Jimmy Dean: No Shortcuts Jimmy Dean once said, ""There are no shortcuts to quality."" But there is a shortcut to eating it. Our fully cooked sausage is ready in seconds, because today’s your day to shine on.",https://www.youtube.com/watch?v=RUeXk7xQYqc
OSlYCy0NHPs,Jimmy Dean Sausage Happy Holidays Vintage TV Commercial,Happy holidays from Jimmy Dean! View Jimmy Dean himself in this vintage TV commercial thanking buyers and wishing everyone supporting our Jimmy Dean breakfast sausage products a happy holidays!,2018-04-02T15:36:32Z,69471,8,114.0,Jimmy Dean,Jimmy Dean Sausage Happy Holidays Vintage TV Commercial Happy holidays from Jimmy Dean! View Jimmy Dean himself in this vintage TV commercial thanking buyers and wishing everyone supporting our Jimmy Dean breakfast sausage products a happy holidays!,https://www.youtube.com/watch?v=OSlYCy0NHPs
s3U7cOwhiU8,Jimmy Dean - Get Yourself That Good Morning Feeling - Vintage TV Commercial,Wake up feeling like a tight pair of pants ready to rip! See Jimmy Dean in this vintage TV commercial and get yourself a chunk of that good morning feeling with quality Jimmy Dean breakfast sausage.,2018-03-30T20:14:39Z,148210,93,34.0,Jimmy Dean,Jimmy Dean - Get Yourself That Good Morning Feeling - Vintage TV Commercial Wake up feeling like a tight pair of pants ready to rip! See Jimmy Dean in this vintage TV commercial and get yourself a chunk of that good morning feeling with quality Jimmy Dean breakfast sausage.,https://www.youtube.com/watch?v=s3U7cOwhiU8
JhkQvRx6x4c,Jimmy Dean - No Shortcut To Quality Sausage Vintage TV Commercial,"Paint yourself a beautiful morning with this vintage TV commercial featuring Jimmy Dean himself! Mother nature doesn't make shortcuts to make a great morning and neither do we. With Jimmy Dean, there is no shortcut to quality sausage.",2018-03-30T20:14:22Z,80678,9,34.0,Jimmy Dean,"Jimmy Dean - No Shortcut To Quality Sausage Vintage TV Commercial Paint yourself a beautiful morning with this vintage TV commercial featuring Jimmy Dean himself! Mother nature doesn't make shortcuts to make a great morning and neither do we. With Jimmy Dean, there is no shortcut to quality sausage.",https://www.youtube.com/watch?v=JhkQvRx6x4c
ZZUnexAOOw8,Jimmy Dean Banh Mi Sausage Burgers,Fire up the grill! This Banh Mi Burger recipe made with Jimmy Dean Premium Pork Sausage brings together a combination of crispy deliciousness with a kick of spice.,2017-06-06T14:28:07Z,51451,11,61.0,Jimmy Dean,Jimmy Dean Banh Mi Sausage Burgers Fire up the grill! This Banh Mi Burger recipe made with Jimmy Dean Premium Pork Sausage brings together a combination of crispy deliciousness with a kick of spice.,https://www.youtube.com/watch?v=ZZUnexAOOw8
SQK7PBBjagA,Jimmy Dean - The Best Quality Sausage Vintage TV Commercial,View this vintage tv commercial featuring Jimmy Dean himself. The finest pork and finest spices make the very best and quality breakfast sausage. Taste for yourself and see why Jimmy Dean is America's favorite sausage.,2015-01-13T00:02:10Z,79958,52,31.0,Jimmy Dean,Jimmy Dean - The Best Quality Sausage Vintage TV Commercial View this vintage tv commercial featuring Jimmy Dean himself. The finest pork and finest spices make the very best and quality breakfast sausage. Taste for yourself and see why Jimmy Dean is America's favorite sausage.,https://www.youtube.com/watch?v=SQK7PBBjagA
318iM5Lady0,Todd Graves reporting live with the most delicious mic at the Fanatics Flag Football Classic!,"Featuring:
Tom Brady 
Joe Burrow
Gronk
iShowSpeed
Saquon Barkley
Logan Paul 
Odell Beckham Jr.
DeAndre Hopkins
Kyle Juszczyk",2026-03-21T14:40:34Z,7905,8,79.0,Raising Cane,"Todd Graves reporting live with the most delicious mic at the Fanatics Flag Football Classic! Featuring:
Tom Brady 
Joe Burrow
Gronk
iShowSpeed
Saquon Barkley
Logan Paul 
Odell Beckham Jr.
DeAndre Hopkins
Kyle Juszczyk",https://www.youtube.com/watch?v=318iM5Lady0
ADyHwPHercE,Glen Powell took over Cane’s for a first look at Chad Powers on Hulu,#ChadPowers is now streaming on Hulu with new episodes every Tuesday!,2025-09-30T19:37:21Z,3770,13,54.0,Raising Cane,Glen Powell took over Cane’s for a first look at Chad Powers on Hulu #ChadPowers is now streaming on Hulu with new episodes every Tuesday!,https://www.youtube.com/watch?v=ADyHwPHercE
9o_szRhCSVM,On the way to Manning Passing Academy,"Arch Manning, Cooper Manning, Archie Manning, Garrett Nussmeier, and Todd Graves always stop when they pass a Cane's on their way to Manning Passing Academy",2025-06-28T00:05:43Z,12457,11,57.0,Raising Cane,"On the way to Manning Passing Academy Arch Manning, Cooper Manning, Archie Manning, Garrett Nussmeier, and Todd Graves always stop when they pass a Cane's on their way to Manning Passing Academy",https://www.youtube.com/watch?v=9o_szRhCSVM
J1UFJ8WnBnk,We had a great time trading lessons with Michael Block before the big tournament⛳️,,2024-06-06T17:30:29Z,11249,11,61.0,Raising Cane,We had a great time trading lessons with Michael Block before the big tournament⛳️ ,https://www.youtube.com/watch?v=J1UFJ8WnBnk
6vdwKS0_tMg,Giant Quesadillas are STACKED,Our ’dillas are STACKKKKKED,2025-04-28T19:15:19Z,11143,14,7.0,Zaxby,Giant Quesadillas are STACKED Our ’dillas are STACKKKKKED,https://www.youtube.com/watch?v=6vdwKS0_tMg
DfYC-UG1B4E,Zaxbys | Who’s Got The Sauce? | Anthem :30,"Subscribe to our YouTube channel: https://www.youtube.com/@realzaxbys
Follow us on Twitter: https://twitter.com/zaxbys
Like us on Facebook: https://www.facebook.com/Zaxbys
Follow us on Instagram: https://www.instagram.com/realzaxbys/

About Zaxbys:
Founded in 1990, Zaxbys® is committed to serving delicious Chicken Fingerz™, Zalads®, wings, and signature sauces with Southern hospitality and a modern twist. Zaxbys has over 950 locations in 17 states and is headquartered in Atlanta, GA. For more information, visit zaxbys.com or zaxbysfranchising.com.

Just So You Know:
This is the official YouTube channel for Zaxbys. All videos, images, and content contained herein are the sole property of Zaxbys. You may not download, copy, reproduce, or otherwise exploit any of these materials without the expressed written consent of Zaxbys. If you would like to share videos on this channel, we invite you to use the YouTube share, embed, and/or email options.",2025-04-23T13:33:54Z,32262,114,31.0,Zaxby,"Zaxbys | Who’s Got The Sauce? | Anthem :30 Subscribe to our YouTube channel: https://www.youtube.com/@realzaxbys
Follow us on Twitter: https://twitter.com/zaxbys
Like us on Facebook: https://www.facebook.com/Zaxbys
Follow us on Instagram: https://www.instagram.com/realzaxbys/

About Zaxbys:
Founded in 1990, Zaxbys® is committed to serving delicious Chicken Fingerz™, Zalads®, wings, and signature sauces with Southern hospitality and a modern twist. Zaxbys has over 950 locations in 17 states and is headquartered in Atlanta, GA. For more information, visit zaxbys.com or zaxbysfranchising.com.

Just So You Know:
This is the official YouTube channel for Zaxbys. All videos, images, and content contained herein are the sole property of Zaxbys. You may not download, copy, reproduce, or otherwise exploit any of these materials without the expressed written consent of Zaxbys. If you would like to share videos on this channel, we invite you to use the YouTube share, embed, and/or email options.",https://www.youtube.com/watch?v=DfYC-UG1B4E
7wFKd1clzJ4,Zaxbys | Who’s Got The Sauce? | Dunk City :30,"Welcome to Dunk City. #WhosGotTheSauce
Subscribe to our YouTube channel: https://www.youtube.com/@realzaxbys
Follow us on Twitter: https://twitter.com/zaxbys
Like us on Facebook: https://www.facebook.com/Zaxbys
Follow us on Instagram: https://www.instagram.com/realzaxbys/

About Zaxbys:
Founded in 1990, Zaxbys® is committed to serving delicious Chicken Fingerz™, Zalads®, wings, and signature sauces with Southern hospitality and a modern twist. Zaxbys has over 950 locations in 17 states and is headquartered in Atlanta, GA. For more information, visit zaxbys.com or zaxbysfranchising.com.

Just So You Know:
This is the official YouTube channel for Zaxbys. All videos, images, and content contained herein are the sole property of Zaxbys. You may not download, copy, reproduce, or otherwise exploit any of these materials without the expressed written consent of Zaxbys. If you would like to share videos on this channel, we invite you to use the YouTube share, embed, and/or email options.",2025-04-23T13:33:44Z,10878,11,31.0,Zaxby,"Zaxbys | Who’s Got The Sauce? | Dunk City :30 Welcome to Dunk City. #WhosGotTheSauce
Subscribe to our YouTube channel: https://www.youtube.com/@realzaxbys
Follow us on Twitter: https://twitter.com/zaxbys
Like us on Facebook: https://www.facebook.com/Zaxbys
Follow us on Instagram: https://www.instagram.com/realzaxbys/

About Zaxbys:
Founded in 1990, Zaxbys® is committed to serving delicious Chicken Fingerz™, Zalads®, wings, and signature sauces with Southern hospitality and a modern twist. Zaxbys has over 950 locations in 17 states and is headquartered in Atlanta, GA. For more information, visit zaxbys.com or zaxbysfranchising.com.

Just So You Know:
This is the official YouTube channel for Zaxbys. All videos, images, and content contained herein are the sole property of Zaxbys. You may not download, copy, reproduce, or otherwise exploit any of these materials without the expressed written consent of Zaxbys. If you would like to share videos on this channel, we invite you to use the YouTube share, embed, and/or email options.",https://www.youtube.com/watch?v=7wFKd1clzJ4
exG7FX3ElM0,ready to feast like a beast? the MrBeast Box with Feastables exclusively at Zaxby’s starting 5.16.24,Get your MrBeast Box now: https://www.zaxbys.com/mrbeast,2024-05-15T18:59:17Z,70921,39,10.0,Zaxby,ready to feast like a beast? the MrBeast Box with Feastables exclusively at Zaxby’s starting 5.16.24 Get your MrBeast Box now: https://www.zaxbys.com/mrbeast,https://www.youtube.com/watch?v=exG7FX3ElM0
BQB3vvFlyzM,Zaxby's | Milkshakes | Macon Tourism,"Social Media? Yeah, We Use That:
Subscribe to our YouTube channel: https://www.youtube.com/ZaxbysVideo
Follow us on Twitter: https://twitter.com/zaxbys
Like us on Facebook: https://www.facebook.com/Zaxbys
Follow us on Instagram: https://www.instagram.com/realzaxbys/

About Zaxby’s:
Zaxby’s first opened its doors in Statesboro, GA in 1990 with a goal to serve great food in a fun atmosphere. Fast forward to now and our mission remains the same as we serve up delicious hand-breaded Chicken Fingerz, wings, and fresh Zalads to our hungry Fanz. From bold sauces to made-to-order meals, we take pride in creating Indescribably Good food just for you.  

Just So You Know:
This is the official YouTube channel for Zaxby’s. All videos, images, and content contained herein are the sole property of Zaxby’s. You may not download, copy, reproduce, or otherwise exploit any of these materials without the expressed written consent of Zaxby’s. If you would like to share videos on this channel, we invite you to use the YouTube share, embed, and/or email options.",2024-02-27T12:51:27Z,5323,14,49.0,Zaxby,"Zaxby's | Milkshakes | Macon Tourism Social Media? Yeah, We Use That:
Subscribe to our YouTube channel: https://www.youtube.com/ZaxbysVideo
Follow us on Twitter: https://twitter.com/zaxbys
Like us on Facebook: https://www.facebook.com/Zaxbys
Follow us on Instagram: https://www.instagram.com/realzaxbys/

About Zaxby’s:
Zaxby’s first opened its doors in Statesboro, GA in 1990 with a goal to serve great food in a fun atmosphere. Fast forward to now and our mission remains the same as we serve up delicious hand-breaded Chicken Fingerz, wings, and fresh Zalads to our hungry Fanz. From bold sauces to made-to-order meals, we take pride in creating Indescribably Good food just for you.  

Just So You Know:
This is the official YouTube channel for Zaxby’s. All videos, images, and content contained herein are the sole property of Zaxby’s. You may not download, copy, reproduce, or otherwise exploit any of these materials without the expressed written consent of Zaxby’s. If you would like to share videos on this channel, we invite you to use the YouTube share, embed, and/or email options.",https://www.youtube.com/watch?v=BQB3vvFlyzM
4_wRp6pTOic,Zaxby's | Milkshakes | Sluurp,"Social Media? Yeah, We Use That:
Subscribe to our YouTube channel: https://www.youtube.com/ZaxbysVideo
Follow us on Twitter: https://twitter.com/zaxbys
Like us on Facebook: https://www.facebook.com/Zaxbys
Follow us on Instagram: https://www.instagram.com/realzaxbys/

About Zaxby’s:
Zaxby’s first opened its doors in Statesboro, GA in 1990 with a goal to serve great food in a fun atmosphere. Fast forward to now and our mission remains the same as we serve up delicious hand-breaded Chicken Fingerz, wings, and fresh Zalads to our hungry Fanz. From bold sauces to made-to-order meals, we take pride in creating Indescribably Good food just for you.  

Just So You Know:
This is the official YouTube channel for Zaxby’s. All videos, images, and content contained herein are the sole property of Zaxby’s. You may not download, copy, reproduce, or otherwise exploit any of these materials without the expressed written consent of Zaxby’s. If you would like to share videos on this channel, we invite you to use the YouTube share, embed, and/or email options.",2024-02-27T12:51:12Z,4751,11,40.0,Zaxby,"Zaxby's | Milkshakes | Sluurp Social Media? Yeah, We Use That:
Subscribe to our YouTube channel: https://www.youtube.com/ZaxbysVideo
Follow us on Twitter: https://twitter.com/zaxbys
Like us on Facebook: https://www.facebook.com/Zaxbys
Follow us on Instagram: https://www.instagram.com/realzaxbys/

About Zaxby’s:
Zaxby’s first opened its doors in Statesboro, GA in 1990 with a goal to serve great food in a fun atmosphere. Fast forward to now and our mission remains the same as we serve up delicious hand-breaded Chicken Fingerz, wings, and fresh Zalads to our hungry Fanz. From bold sauces to made-to-order meals, we take pride in creating Indescribably Good food just for you.  

Just So You Know:
This is the official YouTube channel for Zaxby’s. All videos, images, and content contained herein are the sole property of Zaxby’s. You may not download, copy, reproduce, or otherwise exploit any of these materials without the expressed written consent of Zaxby’s. If you would like to share videos on this channel, we invite you to use the YouTube share, embed, and/or email options.",https://www.youtube.com/watch?v=4_wRp6pTOic
uQgNk6ER6zo,LAY'S® | Last Harvest | Super Bowl LX Commercial | Extended Cut | Shorts,,2026-02-05T21:02:00Z,11801,17,180.0,Lay,LAY'S® | Last Harvest | Super Bowl LX Commercial | Extended Cut | Shorts ,https://www.youtube.com/watch?v=uQgNk6ER6zo
D4EkP55njL4,LAY'S® | Last Harvest | Super Bowl LX Commercial | Extended Cut,,2026-02-05T21:00:12Z,203540,223,180.0,Lay,LAY'S® | Last Harvest | Super Bowl LX Commercial | Extended Cut ,https://www.youtube.com/watch?v=D4EkP55njL4
EBnLXlvrNng,LAY'S® | Last Harvest | Super Bowl LX Commercial,,2026-02-04T16:00:01Z,625338,127,61.0,Lay,LAY'S® | Last Harvest | Super Bowl LX Commercial ,https://www.youtube.com/watch?v=EBnLXlvrNng
j6MLpuACZ5s,America's Favorite Chip. Since 1938.,"Lay's crispy, golden crunch is made from real potatoes, oil, and salt. It's what's made us America's favorite chip since 1938.",2026-01-27T15:27:25Z,5507555,74,16.0,Lay,"America's Favorite Chip. Since 1938. Lay's crispy, golden crunch is made from real potatoes, oil, and salt. It's what's made us America's favorite chip since 1938.",https://www.youtube.com/watch?v=j6MLpuACZ5s
600-n14YyhA,The Little Farmer,"Lay’s are made from real potatoes, and our potatoes come from real farmers 🥔",2025-02-04T16:19:32Z,22040,26,61.0,Lay,"The Little Farmer Lay’s are made from real potatoes, and our potatoes come from real farmers 🥔",https://www.youtube.com/watch?v=600-n14YyhA
X-aChBRnMr8,Did you know the small pocket on your jeans if for a photo of something you love?,If only we had enough tiny pockets for every flavor…,2024-05-30T18:06:21Z,9834,13,6.0,Lay,Did you know the small pocket on your jeans if for a photo of something you love? If only we had enough tiny pockets for every flavor…,https://www.youtube.com/watch?v=X-aChBRnMr8
qYIW5g_-vhg,Ben & Jerry’s | Black History Month,Know your rights and protect your power! ✊🏿 Learn more from our friends at Advancement Project here:  https://benjerrys.co/4rAatCE #blackhistorymonth #benandjerrys #protest #knowyourrights  #blackhistorymonth #benandjerrys #protest #knowyourrights,2026-02-04T16:52:33Z,5223,22,84.0,Ben & Jerry,Ben & Jerry’s | Black History Month Know your rights and protect your power! ✊🏿 Learn more from our friends at Advancement Project here:  https://benjerrys.co/4rAatCE #blackhistorymonth #benandjerrys #protest #knowyourrights  #blackhistorymonth #benandjerrys #protest #knowyourrights,https://www.youtube.com/watch?v=qYIW5g_-vhg
Mhyf-bkc1kI,Ben & Jerry’s | Unboxing,"All that dough, now ready for on-the-go. Grab NEW Ice Cream Bars in 5 decadent flavors now! Find them near you: https://benjerrys.co/4qqh5Du
#benandjerrys #icecreambars #icecream #cookiedough",2026-01-12T16:04:54Z,5769,8,12.0,Ben & Jerry,"Ben & Jerry’s | Unboxing All that dough, now ready for on-the-go. Grab NEW Ice Cream Bars in 5 decadent flavors now! Find them near you: https://benjerrys.co/4qqh5Du
#benandjerrys #icecreambars #icecream #cookiedough",https://www.youtube.com/watch?v=Mhyf-bkc1kI
8QtHbnG6R-s,Make Every Day Delicious,"To Rao’s Homemade, delicious is real Italian tomatoes in every jar. Delicious makes a meal into a memory. Delicious is everything.",2020-09-20T22:22:40Z,301833,15,31.0,Raos Homemade,"Make Every Day Delicious To Rao’s Homemade, delicious is real Italian tomatoes in every jar. Delicious makes a meal into a memory. Delicious is everything.",https://www.youtube.com/watch?v=8QtHbnG6R-s
jU3Y0P0aons,To Everyone Who Values Tradition | Culver's®,"The Wisconsin fish fry is not just about the food – it’s about coming together. Every bite is made to be shared with the people you love. Grab your family, pull up a chair and join us for one of our favorite traditions.

Find your nearest Culver’s: https://www.culvers.com/locator",2026-02-09T14:25:52Z,2422,9,31.0,Culver,"To Everyone Who Values Tradition | Culver's® The Wisconsin fish fry is not just about the food – it’s about coming together. Every bite is made to be shared with the people you love. Grab your family, pull up a chair and join us for one of our favorite traditions.

Find your nearest Culver’s: https://www.culvers.com/locator",https://www.youtube.com/watch?v=jU3Y0P0aons
kjE0CrYCLSE,How to Sign Up for Culver's Delicious Rewards,"Delicious Rewards is our way of giving back to you, Culver’s fans! You’ll earn 10 points for every $1 you spend on all your Culver’s favorites. Then, you can redeem those points for free menu items! Watch to learn how to sign up and take advantage of exclusive offers.",2025-12-17T23:14:16Z,4313,8,63.0,Culver,"How to Sign Up for Culver's Delicious Rewards Delicious Rewards is our way of giving back to you, Culver’s fans! You’ll earn 10 points for every $1 you spend on all your Culver’s favorites. Then, you can redeem those points for free menu items! Watch to learn how to sign up and take advantage of exclusive offers.",https://www.youtube.com/watch?v=kjE0CrYCLSE
U1UvpTNkQw4,White Castle Jalapeño Slider Stuffing with Fat Joe 🔥🌶️🍔,"Fat Joe adds his “Sazón de Latino” flavor 🌶️ to his White Castle Jalapeño Slider Stuffing! Spice up the holidays! Link in bio

INGREDIENTS:
12 White Castle® Jalapeño Cheese Sliders
10 tablespoons Butter
1 cup diced celery
1 finely-diced Jalapeño Pepper
1 teaspoon sazón
1 teaspoon salt
1 & 1/2 teaspoon black pepper
1 & 1/2 teaspoons cumin
1/4 cup chopped cilantro
3/4 cup turkey or chicken broth
2 eggs
1 cup shredded pepper jack cheese

 
Instructions:
 
Melt your butter in a large skillet over medium heat. Add celery and jalapeño pepper and cook until soft.
Heat your Sliders according to package instructions. Cut into quarters.
In a large mixing bowl or pan, mix quartered Sliders with the sazón, salt, pepper, and cumin. Mix in the cilantro and the vegetables from the skillet. If cooking the stuffing in the turkey, add the pepper jack cheese here as well.
In a small bowl, mix broth and eggs. Pour over your stuffing mixture and stir until distributed evenly.
Place stuffing mixture in a 9""x13"" baking dish and top with your pepper jack cheese.
Bake at 350° for 30 minutes covered. 
After 30 minutes, uncover and continue cooking for about 15-20 minutes, until browned on top.",2023-11-03T18:53:19Z,4478,10,61.0,White Castle,"White Castle Jalapeño Slider Stuffing with Fat Joe 🔥🌶️🍔 Fat Joe adds his “Sazón de Latino” flavor 🌶️ to his White Castle Jalapeño Slider Stuffing! Spice up the holidays! Link in bio

INGREDIENTS:
12 White Castle® Jalapeño Cheese Sliders
10 tablespoons Butter
1 cup diced celery
1 finely-diced Jalapeño Pepper
1 teaspoon sazón
1 teaspoon salt
1 & 1/2 teaspoon black pepper
1 & 1/2 teaspoons cumin
1/4 cup chopped cilantro
3/4 cup turkey or chicken broth
2 eggs
1 cup shredded pepper jack cheese

 
Instructions:
 
Melt your butter in a large skillet over medium heat. Add celery and jalapeño pepper and cook until soft.
Heat your Sliders according to package instructions. Cut into quarters.
In a large mixing bowl or pan, mix quartered Sliders with the sazón, salt, pepper, and cumin. Mix in the cilantro and the vegetables from the skillet. If cooking the stuffing in the turkey, add the pepper jack cheese here as well.
In a small bowl, mix broth and eggs. Pour over your stuffing mixture and stir until distributed evenly.
Place stuffing mixture in a 9""x13"" baking dish and top with your pepper jack cheese.
Bake at 350° for 30 minutes covered. 
After 30 minutes, uncover and continue cooking for about 15-20 minutes, until browned on top.",https://www.youtube.com/watch?v=U1UvpTNkQw4
ibLlBZwgIso,White Castle 2023 MicroCrave,"Taste them to believe it. Hot & tasty Sliders in moments, your order is ready!",2023-05-16T14:34:05Z,1784,10,7.0,White Castle,"White Castle 2023 MicroCrave Taste them to believe it. Hot & tasty Sliders in moments, your order is ready!",https://www.youtube.com/watch?v=ibLlBZwgIso
ktO5AABiXfA,Spicy Jack Quesadillas are back at Del Taco for a limited time.,,2026-01-28T23:37:36Z,339670,29,15.0,Del Taco,Spicy Jack Quesadillas are back at Del Taco for a limited time. ,https://www.youtube.com/watch?v=ktO5AABiXfA
toI9b5TY7vE,This Float is Gas | A&W Restaurants,"Since 1919, A&W Root Beer Floats have been humdingers, doozies, out of sight, cool, rad, killer, phat, fire, lit, & then some. 🔥😎 How would you describe this awesome American icon?

Get the details: https://awrestaurants.com/100

Like A&W Restaurants on Facebook: https://www.facebook.com/awrestaurants​

Follow A&W Restaurants on Twitter: https://www.twitter.com/awrestaurants​

Follow A&W Restaurants on Instagram: https://www.instagram.com/awrestaurants​

Visit the official A&W Restaurants website: https://www.awrestaurants.com",2024-06-18T15:13:28Z,12520,11,15.0,A&W Restaurants (U.S.),"This Float is Gas | A&W Restaurants Since 1919, A&W Root Beer Floats have been humdingers, doozies, out of sight, cool, rad, killer, phat, fire, lit, & then some. 🔥😎 How would you describe this awesome American icon?

Get the details: https://awrestaurants.com/100

Like A&W Restaurants on Facebook: https://www.facebook.com/awrestaurants​

Follow A&W Restaurants on Twitter: https://www.twitter.com/awrestaurants​

Follow A&W Restaurants on Instagram: https://www.instagram.com/awrestaurants​

Visit the official A&W Restaurants website: https://www.awrestaurants.com",https://www.youtube.com/watch?v=toI9b5TY7vE
v8PJw6GkPa0,bubly x The Super Mario Galaxy Movie,"bubly is celebrating The Super Mario Galaxy Movie with a limited-edition lineup featuring your favorite characters. With no calories, no sweeteners, no gravity, and all smiles, we’re bringing you an out-of-this-world taste adventure the whole family can enjoy.

See The Super Mario Galaxy Movie, only in theaters this April.",2026-02-23T14:07:43Z,7854,11,14.0,bublywater,"bubly x The Super Mario Galaxy Movie bubly is celebrating The Super Mario Galaxy Movie with a limited-edition lineup featuring your favorite characters. With no calories, no sweeteners, no gravity, and all smiles, we’re bringing you an out-of-this-world taste adventure the whole family can enjoy.

See The Super Mario Galaxy Movie, only in theaters this April.",https://www.youtube.com/watch?v=v8PJw6GkPa0
LEv6jB0697w,Blue Bunny HQ R&D Lab,"Ever wonder how Blue Bunny loads up their Load’d treats? Wonder no more!
 
We don’t just make the most innovative and delicious frozen treats on the planet. We make…fun! Whenever we can inspire you to have a little bit more fun in your day, it’s mission accomplished. #WeMakeFun",2022-04-19T22:47:50Z,27508392,59,16.0,Blue Bunny Ice Cream,"Blue Bunny HQ R&D Lab Ever wonder how Blue Bunny loads up their Load’d treats? Wonder no more!
 
We don’t just make the most innovative and delicious frozen treats on the planet. We make…fun! Whenever we can inspire you to have a little bit more fun in your day, it’s mission accomplished. #WeMakeFun",https://www.youtube.com/watch?v=LEv6jB0697w
gJzKraNhd3s,CLIF Bar | Raise Your Bar | Showing Up,"Made with 10 grams of protein and organic oats, CLIF Bar gives you the delicious, sustained energy you need to show up. Try CLIF BAR today!
 
(Protein value varies per bar flavor.)",2025-02-06T16:04:28Z,41248697,49,16.0,Clif Bar,"CLIF Bar | Raise Your Bar | Showing Up Made with 10 grams of protein and organic oats, CLIF Bar gives you the delicious, sustained energy you need to show up. Try CLIF BAR today!
 
(Protein value varies per bar flavor.)",https://www.youtube.com/watch?v=gJzKraNhd3s
1cpg9bTasQQ,CLIF Bar | Raise Your Bar | Circles,"Made with 10 grams of protein and organic oats, CLIF BAR gives you the energy to get you places. Try CLIF BAR today!
 
(Protein value varies per bar flavor.)",2025-02-06T16:03:20Z,37110294,57,16.0,Clif Bar,"CLIF Bar | Raise Your Bar | Circles Made with 10 grams of protein and organic oats, CLIF BAR gives you the energy to get you places. Try CLIF BAR today!
 
(Protein value varies per bar flavor.)",https://www.youtube.com/watch?v=1cpg9bTasQQ
v4E1-Tee0tg,CLIF Bar | Raise Your Bar | Weather,"Made with 10 grams of protein and organic oats, CLIF BAR gives you the
sustained energy to raise your bar. Try CLIF BAR today!
 
(Protein value varies per bar flavor.)

Visit us at clifbar.com",2025-02-04T16:01:38Z,33401806,35,16.0,Clif Bar,"CLIF Bar | Raise Your Bar | Weather Made with 10 grams of protein and organic oats, CLIF BAR gives you the
sustained energy to raise your bar. Try CLIF BAR today!
 
(Protein value varies per bar flavor.)

Visit us at clifbar.com",https://www.youtube.com/watch?v=v4E1-Tee0tg
-LO8VJN0CMU,CLIF Bar | Raise Your Bar | Weather,"Made with 10 grams of protein and organic oats, CLIF BAR gives you the
sustained energy to raise your bar. Try CLIF BAR today!
 
(Protein value varies per bar flavor.)

Visit us at clifbar.com",2025-02-03T14:54:13Z,8872164,11,16.0,Clif Bar,"CLIF Bar | Raise Your Bar | Weather Made with 10 grams of protein and organic oats, CLIF BAR gives you the
sustained energy to raise your bar. Try CLIF BAR today!
 
(Protein value varies per bar flavor.)

Visit us at clifbar.com",https://www.youtube.com/watch?v=-LO8VJN0CMU
qdWGNeooJAg,CLIF Bar | Raise Your Bar | Forecast Today,"Made with 10 grams of protein and organic oats, CLIF BAR gives you the
sustained energy to raise your bar. Try CLIF BAR today!
 
(Protein value varies per bar flavor.)",2025-02-03T14:53:44Z,3704403,14,7.0,Clif Bar,"CLIF Bar | Raise Your Bar | Forecast Today Made with 10 grams of protein and organic oats, CLIF BAR gives you the
sustained energy to raise your bar. Try CLIF BAR today!
 
(Protein value varies per bar flavor.)",https://www.youtube.com/watch?v=qdWGNeooJAg
JHsbckq5nQs,CLIF Bar | Raise Your Bar | Sustained Energy,"Made with 10 grams of protein and organic oats, CLIF BAR gives you the
sustained energy to raise your bar. Try CLIF BAR today!
 
(Protein value varies per bar flavor.)",2025-02-03T14:53:29Z,4491711,10,7.0,Clif Bar,"CLIF Bar | Raise Your Bar | Sustained Energy Made with 10 grams of protein and organic oats, CLIF BAR gives you the
sustained energy to raise your bar. Try CLIF BAR today!
 
(Protein value varies per bar flavor.)",https://www.youtube.com/watch?v=JHsbckq5nQs
WoRP3hXLhec,CLIF Bar Filled Presents : Lessons in Self Control,"Put your self-control to the ultimate test with CLIF Chocolate Peanut Butter Filled Bars. Uniquely crafted to deliver sustained energy, each bar is made from USDA organic and non-GMO ingredients, with delicious nut butter filling that's so creamy, so satisfying, it's particularly irresistible...",2019-04-15T17:51:44Z,893815,8,31.0,Clif Bar,"CLIF Bar Filled Presents : Lessons in Self Control Put your self-control to the ultimate test with CLIF Chocolate Peanut Butter Filled Bars. Uniquely crafted to deliver sustained energy, each bar is made from USDA organic and non-GMO ingredients, with delicious nut butter filling that's so creamy, so satisfying, it's particularly irresistible...",https://www.youtube.com/watch?v=WoRP3hXLhec
cFsQFgWynmI,Our Beginnings: Larabar Founder Story,"It started out as just a hike, no different than countless others Lara Merriken, founder of Larabar, had taken. As she was eating trail mix, Lara came up with a mountain of an idea - combine fruits and nuts to create a wholesome, convenient snack. 

In that instant, LARABAR was born!

To this day, we continue to believe that what you eat is most delicious and satisfying when in its whole, natural state. Made from only real food, LARABAR is a simple blend of just 2-9 ingredients that will lift your vitality and provide energy with every bite. 

Enjoy the energy!",2019-08-13T18:36:42Z,11128,20,87.0,LÄRABAR,"Our Beginnings: Larabar Founder Story It started out as just a hike, no different than countless others Lara Merriken, founder of Larabar, had taken. As she was eating trail mix, Lara came up with a mountain of an idea - combine fruits and nuts to create a wholesome, convenient snack. 

In that instant, LARABAR was born!

To this day, we continue to believe that what you eat is most delicious and satisfying when in its whole, natural state. Made from only real food, LARABAR is a simple blend of just 2-9 ingredients that will lift your vitality and provide energy with every bite. 

Enjoy the energy!",https://www.youtube.com/watch?v=cFsQFgWynmI
eF9TlRRvFOQ,Larabar Food Made From Food: Cherry Pie :15,"When you want to eat real food like fruits and nuts, but don’t have time to prep or pack it up - Lärabar is Food Made From Food that’s simple, delicious and easy to bring wherever life takes you.

Each bar is a combination of just 2-9 real, simple ingredients like fruits, nuts & spices. Larabar Cherry Pie  is just THREE ingredients – dates, almonds and unsweetened cherries. Lärabar is always gluten free and non-GMO and many are also dairy free, soy free and Kosher. 

Find your flavor at www.larabar.com.",2019-07-22T19:28:13Z,6033,9,16.0,LÄRABAR,"Larabar Food Made From Food: Cherry Pie :15 When you want to eat real food like fruits and nuts, but don’t have time to prep or pack it up - Lärabar is Food Made From Food that’s simple, delicious and easy to bring wherever life takes you.

Each bar is a combination of just 2-9 real, simple ingredients like fruits, nuts & spices. Larabar Cherry Pie  is just THREE ingredients – dates, almonds and unsweetened cherries. Lärabar is always gluten free and non-GMO and many are also dairy free, soy free and Kosher. 

Find your flavor at www.larabar.com.",https://www.youtube.com/watch?v=eF9TlRRvFOQ
M1MLtvDxXcw,DIY Cashew cookie,"Our cashew cookies are made with just two ingredients. No oven required.

Learn more at http://larabar.com
Facebook: http://facebook.com/larabar
Twitter: http://twitter.com/larabar
Instagram: http://instagram.com/larabar",2016-01-25T18:02:43Z,11518,8,25.0,LÄRABAR,"DIY Cashew cookie Our cashew cookies are made with just two ingredients. No oven required.

Learn more at http://larabar.com
Facebook: http://facebook.com/larabar
Twitter: http://twitter.com/larabar
Instagram: http://instagram.com/larabar",https://www.youtube.com/watch?v=M1MLtvDxXcw
kSU7pWpIvnM,Blake Griffin agrees Every day is Boxing Day with Daily Harvest,"Take it from Blake Griffin– good things come in a box when Daily Harvest delivers fresh (and delicious) fruits and vegetables straight to your door . Co-created by our team of chefs and nutritionists, our smoothies, harvest bowls, flatbreads and more, are easy meals for anyone on the go. Make every day, Boxing Day.",2022-12-27T15:30:09Z,2342,8,31.0,Daily Harvest,"Blake Griffin agrees Every day is Boxing Day with Daily Harvest Take it from Blake Griffin– good things come in a box when Daily Harvest delivers fresh (and delicious) fruits and vegetables straight to your door . Co-created by our team of chefs and nutritionists, our smoothies, harvest bowls, flatbreads and more, are easy meals for anyone on the go. Make every day, Boxing Day.",https://www.youtube.com/watch?v=kSU7pWpIvnM
bDZ5fI3fYb4,Kelis - Feed Them (Official 30 Sec. Clip),Track 01 - Feed Them by @KelisVEVO  30 second look ( Eat The Solution EP),2022-04-25T19:43:36Z,3585,20,31.0,Daily Harvest,Kelis - Feed Them (Official 30 Sec. Clip) Track 01 - Feed Them by @KelisVEVO  30 second look ( Eat The Solution EP),https://www.youtube.com/watch?v=bDZ5fI3fYb4
ox4OnQsQH_U,Shuba - The Way Things Were (Official Music Video),Track 04 - The Way Things Were by @ShubaMusic,2022-04-25T19:40:30Z,29355,26,54.0,Daily Harvest,Shuba - The Way Things Were (Official Music Video) Track 04 - The Way Things Were by @ShubaMusic,https://www.youtube.com/watch?v=ox4OnQsQH_U
SxGC311Eum4,How To Make: Daily Harvest Mylk,"Our creamy Mylk is made of just transitional organic almonds, a pinch of Himalayan sea salt, and sometimes vanilla bean. That’s it—no gums, fillers, or stabilizers (because your body doesn’t want that junk anyway). Clean and simple: that’s how we like our plant-based milk. Here's how to prep it:

STEP 1
Add two wedges to blender

STEP 2
Add 3/4 cup water

STEP 3
Blend

STEP 4
Never run out of Mylk again

Learn more about Daily Harvest’s Mylk here: https://www.daily-harvest.com/browse/...​
More on Daily Harvest here: https://www.daily-harvest.com/​​
Still haven’t subscribed to Daily Harvest on Youtube? ►►  http://bit.ly/2RkwqWH​​
Follow Daily Harvest on Instagram here:  https://www.instagram.com/dailyharvest/​​

ABOUT DAILY HARVEST
Daily Harvest is a direct-to-consumer brand that creates food that fits into your life. Our food is made with whole, organic fruits and vegetables crafted into smoothies, soups, harvest bowls, and more that are delivered to your door and ready in minutes. We recognize the challenges that people face today, so we have taken the care to design good food around the speed at which we live. We are meticulous about the ingredients we choose, where they come from, and how we guarantee the freshest nutrients stay locked in for you. We take care of food, so that food can take care of you.


How to Make | How to Make Daily Harvest Mylk | Daily Harvest",2021-03-23T20:18:50Z,18404,15,16.0,Daily Harvest,"How To Make: Daily Harvest Mylk Our creamy Mylk is made of just transitional organic almonds, a pinch of Himalayan sea salt, and sometimes vanilla bean. That’s it—no gums, fillers, or stabilizers (because your body doesn’t want that junk anyway). Clean and simple: that’s how we like our plant-based milk. Here's how to prep it:

STEP 1
Add two wedges to blender

STEP 2
Add 3/4 cup water

STEP 3
Blend

STEP 4
Never run out of Mylk again

Learn more about Daily Harvest’s Mylk here: https://www.daily-harvest.com/browse/...​
More on Daily Harvest here: https://www.daily-harvest.com/​​
Still haven’t subscribed to Daily Harvest on Youtube? ►►  http://bit.ly/2RkwqWH​​
Follow Daily Harvest on Instagram here:  https://www.instagram.com/dailyharvest/​​

ABOUT DAILY HARVEST
Daily Harvest is a direct-to-consumer brand that creates food that fits into your life. Our food is made with whole, organic fruits and vegetables crafted into smoothies, soups, harvest bowls, and more that are delivered to your door and ready in minutes. We recognize the challenges that people face today, so we have taken the care to design good food around the speed at which we live. We are meticulous about the ingredients we choose, where they come from, and how we guarantee the freshest nutrients stay locked in for you. We take care of food, so that food can take care of you.


How to Make | How to Make Daily Harvest Mylk | Daily Harvest",https://www.youtube.com/watch?v=SxGC311Eum4
kkSd2QXpXng,Boyz II Men x Daily Harvest - Scoops,"We partnered with Boyz II Men to create an original jam and off the hook vid, celebrating our new Scoops and all the summertime vibes. 

More on Daily Harvest here: https://www.daily-harvest.com/
Still haven’t subscribed to Daily Harvest on Youtube? ►►  http://bit.ly/2RkwqWH
Follow Daily Harvest on Instagram here:  https://www.instagram.com/dailyharvest/
Learn more about Daily Harvest's NEW plant-based ice cream, Scoops, here:  https://www.scoopsbydailyharvest.com 


ABOUT DAILY HARVEST
Daily Harvest is a direct-to-consumer brand that creates food that fits into your life. Our food is made with whole, organic fruits and vegetables crafted into smoothies, soups, harvest bowls, and more that are delivered to your door and ready in minutes. We recognize the challenges that people face today, so we have taken the care to design good food around the speed at which we live. We are meticulous about the ingredients we choose, where they come from, and how we guarantee the freshest nutrients stay locked in for you. We take care of food, so that food can take care of you.",2020-06-24T14:23:49Z,19731,12,71.0,Daily Harvest,"Boyz II Men x Daily Harvest - Scoops We partnered with Boyz II Men to create an original jam and off the hook vid, celebrating our new Scoops and all the summertime vibes. 

More on Daily Harvest here: https://www.daily-harvest.com/
Still haven’t subscribed to Daily Harvest on Youtube? ►►  http://bit.ly/2RkwqWH
Follow Daily Harvest on Instagram here:  https://www.instagram.com/dailyharvest/
Learn more about Daily Harvest's NEW plant-based ice cream, Scoops, here:  https://www.scoopsbydailyharvest.com 


ABOUT DAILY HARVEST
Daily Harvest is a direct-to-consumer brand that creates food that fits into your life. Our food is made with whole, organic fruits and vegetables crafted into smoothies, soups, harvest bowls, and more that are delivered to your door and ready in minutes. We recognize the challenges that people face today, so we have taken the care to design good food around the speed at which we live. We are meticulous about the ingredients we choose, where they come from, and how we guarantee the freshest nutrients stay locked in for you. We take care of food, so that food can take care of you.",https://www.youtube.com/watch?v=kkSd2QXpXng
FEOQp-OGAJM,Food For Thought: Arielle,"Food For Thought highlights incredible members of the Daily Harvest community who have a passion for eating well and making it happen. This is what it means to take care. 

Arielle (@arielleestoria) is a poet and a speaker living in Pasadena, California. 👀the video to learn where she gets her inner ✨, how Daily Harvest supports her and why you don’t need to be crushing it all the time.

More on Daily Harvest here: https://www.daily-harvest.com/ 
Follow Daily Harvest on Instagram here: https://www.instagram.com/dailyharvest/
Still haven’t subscribed to Daily Harvest on Youtube? ►►  http://bit.ly/2RkwqWH
Follow Arielle on Instagram here: https://www.instagram.com/arielleestoria/

ABOUT DAILY HARVEST 
Daily Harvest is a direct-to-consumer brand that creates food that fits into your life. Our food is made with whole, organic fruits and vegetables crafted into smoothies, soups, harvest bowls, and more that are delivered to your door and ready in minutes. We recognize the challenges that people face today, so we have taken the care to design good food around the speed at which we live. We are meticulous about the ingredients we choose, where they come from, and how we guarantee the freshest nutrients stay locked in for you. We take care of food, so that food can take care of you.

Food Food Thought | Daily Harvest Review | Daily Harvest",2020-01-19T15:00:04Z,1137878,8,138.0,Daily Harvest,"Food For Thought: Arielle Food For Thought highlights incredible members of the Daily Harvest community who have a passion for eating well and making it happen. This is what it means to take care. 

Arielle (@arielleestoria) is a poet and a speaker living in Pasadena, California. 👀the video to learn where she gets her inner ✨, how Daily Harvest supports her and why you don’t need to be crushing it all the time.

More on Daily Harvest here: https://www.daily-harvest.com/ 
Follow Daily Harvest on Instagram here: https://www.instagram.com/dailyharvest/
Still haven’t subscribed to Daily Harvest on Youtube? ►►  http://bit.ly/2RkwqWH
Follow Arielle on Instagram here: https://www.instagram.com/arielleestoria/

ABOUT DAILY HARVEST 
Daily Harvest is a direct-to-consumer brand that creates food that fits into your life. Our food is made with whole, organic fruits and vegetables crafted into smoothies, soups, harvest bowls, and more that are delivered to your door and ready in minutes. We recognize the challenges that people face today, so we have taken the care to design good food around the speed at which we live. We are meticulous about the ingredients we choose, where they come from, and how we guarantee the freshest nutrients stay locked in for you. We take care of food, so that food can take care of you.

Food Food Thought | Daily Harvest Review | Daily Harvest",https://www.youtube.com/watch?v=FEOQp-OGAJM
PdpwLNSt1zA,The Dirt on Figs by Daily Harvest,"What are the health benefits of figs?

Figs are higher in calcium than any other fruit, and also are an excellent source of dietary fiber, digestive enzymes, iron, magnesium, potassium and vitamins B and K.

We’re obsessive about our ingredients and where they come from. So, when we couldn’t find the perfect farm-frozen fig for our new Tart Cherry + Raspberry Smoothie, we partnered with family-owned farm, San Joaquin Figs, to make it a reality. Now the first harvest of this one-of-a-kind fig is here. 

Good ingredients matter. Who farms them, where they’re grown, and what makes them better — we care and we know you care, too. So we’re bringing you all the info on the stories that matter most, in our series, The Dirt.

More about where Daily Harvest’s Fig ingredient comes from here: https://get.daily-harvest.com/thedirt/figs/
More on Daily Harvest here: https://www.daily-harvest.com/
Still haven’t subscribed to Daily Harvest on Youtube? ►►  http://bit.ly/2RkwqWH
Follow Daily Harvest on Instagram here:  https://www.instagram.com/dailyharvest/
Learn more about Daily Harvest’s Tart Cherry + Raspberry Smoothie here: 
https://www.daily-harvest.com/browse/smoothies/tart-cherry-raspberry

ABOUT DAILY HARVEST
Daily Harvest is a direct-to-consumer brand that creates food that fits into your life. Our food is made with whole, organic fruits and vegetables crafted into smoothies, soups, harvest bowls, and more that are delivered to your door and ready in minutes. We recognize the challenges that people face today, so we have taken the care to design good food around the speed at which we live. We are meticulous about the ingredients we choose, where they come from, and how we guarantee the freshest nutrients stay locked in for you. We take care of food, so that food can take care of you.


The Dirt  | The Dirt on Figs | Daily Harvest",2020-01-03T19:45:42Z,17684,11,152.0,Daily Harvest,"The Dirt on Figs by Daily Harvest What are the health benefits of figs?

Figs are higher in calcium than any other fruit, and also are an excellent source of dietary fiber, digestive enzymes, iron, magnesium, potassium and vitamins B and K.

We’re obsessive about our ingredients and where they come from. So, when we couldn’t find the perfect farm-frozen fig for our new Tart Cherry + Raspberry Smoothie, we partnered with family-owned farm, San Joaquin Figs, to make it a reality. Now the first harvest of this one-of-a-kind fig is here. 

Good ingredients matter. Who farms them, where they’re grown, and what makes them better — we care and we know you care, too. So we’re bringing you all the info on the stories that matter most, in our series, The Dirt.

More about where Daily Harvest’s Fig ingredient comes from here: https://get.daily-harvest.com/thedirt/figs/
More on Daily Harvest here: https://www.daily-harvest.com/
Still haven’t subscribed to Daily Harvest on Youtube? ►►  http://bit.ly/2RkwqWH
Follow Daily Harvest on Instagram here:  https://www.instagram.com/dailyharvest/
Learn more about Daily Harvest’s Tart Cherry + Raspberry Smoothie here: 
https://www.daily-harvest.com/browse/smoothies/tart-cherry-raspberry

ABOUT DAILY HARVEST
Daily Harvest is a direct-to-consumer brand that creates food that fits into your life. Our food is made with whole, organic fruits and vegetables crafted into smoothies, soups, harvest bowls, and more that are delivered to your door and ready in minutes. We recognize the challenges that people face today, so we have taken the care to design good food around the speed at which we live. We are meticulous about the ingredients we choose, where they come from, and how we guarantee the freshest nutrients stay locked in for you. We take care of food, so that food can take care of you.


The Dirt  | The Dirt on Figs | Daily Harvest",https://www.youtube.com/watch?v=PdpwLNSt1zA
rX-U6idJCH8,How to Make: Daily Harvest Harvest Bowls,"Put fruits and vegetables on cruise control with Harvest Bowls: nourishing, savory foods for any time of day, ready in minutes with just one step. Breakfast, lunch, dinner, late-night snack? We've got you. 

Here we show you how to prepare the Sweet Potato + Wild Rice Hash Harvest Bowl. 

OVERVIEW
How do you make a breakfast burrito better? Unwrap it. We started with wild rice, a seed (not a grain!) that helps to regulate blood sugar, added sweet potatoes for slow-burning energy, and stirred in a smoky-sweet tomato sauce.

STEP 1
Empty into a pan or microwave-safe bowl.
 
STEP 2
For stovetop, cook over medium-high heat for 4-5 minutes with 1-2 tbsp of water or broth. For microwave, heat 4-5 minutes, stirring halfway in between. 
 
STEP 3
Enjoy. 
 
Learn more about Daily Harvest’s  Sweet Potato + Wild Rice Hash Harvest Bowl here: 
https://www.daily-harvest.com/browse/harvest-bowls/sweet-potato-wild-rice-hash
All Daily Harvest Harvest Bowls here: https://www.daily-harvest.com/app/browse/harvest-bowls
More on Daily Harvest here: https://www.daily-harvest.com/
Still haven’t subscribed to Daily Harvest on Youtube? ►►  http://bit.ly/2RkwqWH
Follow Daily Harvest on Instagram here:  https://www.instagram.com/dailyharvest/

ABOUT DAILY HARVEST
Daily Harvest is a direct-to-consumer brand that creates food that fits into your life. Our food is made with whole, organic fruits and vegetables crafted into smoothies, soups, harvest bowls, and more that are delivered to your door and ready in minutes. We recognize the challenges that people face today, so we have taken the care to design good food around the speed at which we live. We are meticulous about the ingredients we choose, where they come from, and how we guarantee the freshest nutrients stay locked in for you. We take care of food, so that food can take care of you.


How to Make | How to Make Daily Harvest Harvest Bowls | Daily Harvest",2020-01-03T19:40:48Z,95669,14,19.0,Daily Harvest,"How to Make: Daily Harvest Harvest Bowls Put fruits and vegetables on cruise control with Harvest Bowls: nourishing, savory foods for any time of day, ready in minutes with just one step. Breakfast, lunch, dinner, late-night snack? We've got you. 

Here we show you how to prepare the Sweet Potato + Wild Rice Hash Harvest Bowl. 

OVERVIEW
How do you make a breakfast burrito better? Unwrap it. We started with wild rice, a seed (not a grain!) that helps to regulate blood sugar, added sweet potatoes for slow-burning energy, and stirred in a smoky-sweet tomato sauce.

STEP 1
Empty into a pan or microwave-safe bowl.
 
STEP 2
For stovetop, cook over medium-high heat for 4-5 minutes with 1-2 tbsp of water or broth. For microwave, heat 4-5 minutes, stirring halfway in between. 
 
STEP 3
Enjoy. 
 
Learn more about Daily Harvest’s  Sweet Potato + Wild Rice Hash Harvest Bowl here: 
https://www.daily-harvest.com/browse/harvest-bowls/sweet-potato-wild-rice-hash
All Daily Harvest Harvest Bowls here: https://www.daily-harvest.com/app/browse/harvest-bowls
More on Daily Harvest here: https://www.daily-harvest.com/
Still haven’t subscribed to Daily Harvest on Youtube? ►►  http://bit.ly/2RkwqWH
Follow Daily Harvest on Instagram here:  https://www.instagram.com/dailyharvest/

ABOUT DAILY HARVEST
Daily Harvest is a direct-to-consumer brand that creates food that fits into your life. Our food is made with whole, organic fruits and vegetables crafted into smoothies, soups, harvest bowls, and more that are delivered to your door and ready in minutes. We recognize the challenges that people face today, so we have taken the care to design good food around the speed at which we live. We are meticulous about the ingredients we choose, where they come from, and how we guarantee the freshest nutrients stay locked in for you. We take care of food, so that food can take care of you.


How to Make | How to Make Daily Harvest Harvest Bowls | Daily Harvest",https://www.youtube.com/watch?v=rX-U6idJCH8
BAam9gdQA90,How to Make: Daily Harvest Oat Bowls,"Oatmeal is only boring if you want it to be. With real, whole fruit and nourishing superfoods, gluten-free rolled oats transform into a one-step breakfast that brings long-lasting energy with minimal effort. 

Here we show you how to prepare the Apple + Cinnamon Oat Bowl. 

OVERVIEW
If an apple a day keeps the doctor away, imagine what our Apple + Cinnamon Oat Bowl can do. It packs 100% of your daily Vitamin C to keep your immune system sharp, plus cinnamon and cloves for fresh-baked flavor and cauliflower to keep you feeling light and energized.

Hot: 
STEP 1
Fill cup ¾ of the way with your preferred milk. Stir.

STEP 2
Empty into a pot or microwave-safe bowl.

STEP 3
For stovetop, cook over medium-high heat for 3-6 minutes. For microwave, heat 3-6 minutes, stirring halfway in between. Enjoy. 

Cold: 
STEP 1
Fill cup with your preferred milk ¾ of the way to the top. Stir.

STEP 2
Put lid back on and soak in the fridge overnight (6+ hours).

STEP 3
Stir and enjoy.

Learn more about Daily Harvest’s Apple + Cinnamon Oat Bowl here: 
https://www.daily-harvest.com/browse/oat-bowls/apple-cinnamon
All Daily Harvest Oat Bowls here: https://www.daily-harvest.com/app/browse/oat-bowls
More on Daily Harvest here: https://www.daily-harvest.com/
Still haven’t subscribed to Daily Harvest on Youtube? ►►  http://bit.ly/2RkwqWH
Follow Daily Harvest on Instagram here:  https://www.instagram.com/dailyharvest/

ABOUT DAILY HARVEST
Daily Harvest is a direct-to-consumer brand that creates food that fits into your life. Our food is made with whole, organic fruits and vegetables crafted into smoothies, soups, harvest bowls, and more that are delivered to your door and ready in minutes. We recognize the challenges that people face today, so we have taken the care to design good food around the speed at which we live. We are meticulous about the ingredients we choose, where they come from, and how we guarantee the freshest nutrients stay locked in for you. We take care of food, so that food can take care of you.


How to Make | How to Make Daily Harvest Oat Bowls | Daily Harvest",2020-01-03T19:40:45Z,57647,13,39.0,Daily Harvest,"How to Make: Daily Harvest Oat Bowls Oatmeal is only boring if you want it to be. With real, whole fruit and nourishing superfoods, gluten-free rolled oats transform into a one-step breakfast that brings long-lasting energy with minimal effort. 

Here we show you how to prepare the Apple + Cinnamon Oat Bowl. 

OVERVIEW
If an apple a day keeps the doctor away, imagine what our Apple + Cinnamon Oat Bowl can do. It packs 100% of your daily Vitamin C to keep your immune system sharp, plus cinnamon and cloves for fresh-baked flavor and cauliflower to keep you feeling light and energized.

Hot: 
STEP 1
Fill cup ¾ of the way with your preferred milk. Stir.

STEP 2
Empty into a pot or microwave-safe bowl.

STEP 3
For stovetop, cook over medium-high heat for 3-6 minutes. For microwave, heat 3-6 minutes, stirring halfway in between. Enjoy. 

Cold: 
STEP 1
Fill cup with your preferred milk ¾ of the way to the top. Stir.

STEP 2
Put lid back on and soak in the fridge overnight (6+ hours).

STEP 3
Stir and enjoy.

Learn more about Daily Harvest’s Apple + Cinnamon Oat Bowl here: 
https://www.daily-harvest.com/browse/oat-bowls/apple-cinnamon
All Daily Harvest Oat Bowls here: https://www.daily-harvest.com/app/browse/oat-bowls
More on Daily Harvest here: https://www.daily-harvest.com/
Still haven’t subscribed to Daily Harvest on Youtube? ►►  http://bit.ly/2RkwqWH
Follow Daily Harvest on Instagram here:  https://www.instagram.com/dailyharvest/

ABOUT DAILY HARVEST
Daily Harvest is a direct-to-consumer brand that creates food that fits into your life. Our food is made with whole, organic fruits and vegetables crafted into smoothies, soups, harvest bowls, and more that are delivered to your door and ready in minutes. We recognize the challenges that people face today, so we have taken the care to design good food around the speed at which we live. We are meticulous about the ingredients we choose, where they come from, and how we guarantee the freshest nutrients stay locked in for you. We take care of food, so that food can take care of you.


How to Make | How to Make Daily Harvest Oat Bowls | Daily Harvest",https://www.youtube.com/watch?v=BAam9gdQA90
RkCr7tL3nEQ,How to Make: Daily Harvest Smoothies,"That full-night's-sleep energy, post-yoga bliss, feel-good glow now comes in smoothies you’ll crave morning, noon and night. Ready in seconds, blended to perfection, and seriously good for you — dreams do come true. 

Here we show you how to prepare the Acai + Cherry Smoothie.

OVERVIEW
Fresh berries are yet another reason why we're always living for summer. But this multi-berry blend gives us that fresh-picked taste year round, with sweet cherries, blueberries, raspberries and a hearty dose of glow-inducing acaí berries, for a smoothie high in antioxidants and Omega 3's.

STEP 1
Fill cup to top with your preferred liquid. 

STEP 2
Pour into a blender and blend.

STEP 3
Pour back into your cup and enjoy.

Learn more about Daily Harvest’s Acai + Cherry Smoothie here: 
https://www.daily-harvest.com/browse/smoothies/acai-cherry
All Daily Harvest Smoothies here: https://www.daily-harvest.com/app/browse/smoothies
More on Daily Harvest here: https://www.daily-harvest.com/
Still haven’t subscribed to Daily Harvest on Youtube? ►►  http://bit.ly/2RkwqWH
Follow Daily Harvest on Instagram here:  https://www.instagram.com/dailyharvest/

ABOUT DAILY HARVEST
Daily Harvest is a direct-to-consumer brand that creates food that fits into your life. Our food is made with whole, organic fruits and vegetables crafted into smoothies, soups, harvest bowls, and more that are delivered to your door and ready in minutes. We recognize the challenges that people face today, so we have taken the care to design good food around the speed at which we live. We are meticulous about the ingredients we choose, where they come from, and how we guarantee the freshest nutrients stay locked in for you. We take care of food, so that food can take care of you. 


How to Make | How to Make Daily Harvest Smoothies | Daily Harvest",2020-01-03T19:40:42Z,202118,27,16.0,Daily Harvest,"How to Make: Daily Harvest Smoothies That full-night's-sleep energy, post-yoga bliss, feel-good glow now comes in smoothies you’ll crave morning, noon and night. Ready in seconds, blended to perfection, and seriously good for you — dreams do come true. 

Here we show you how to prepare the Acai + Cherry Smoothie.

OVERVIEW
Fresh berries are yet another reason why we're always living for summer. But this multi-berry blend gives us that fresh-picked taste year round, with sweet cherries, blueberries, raspberries and a hearty dose of glow-inducing acaí berries, for a smoothie high in antioxidants and Omega 3's.

STEP 1
Fill cup to top with your preferred liquid. 

STEP 2
Pour into a blender and blend.

STEP 3
Pour back into your cup and enjoy.

Learn more about Daily Harvest’s Acai + Cherry Smoothie here: 
https://www.daily-harvest.com/browse/smoothies/acai-cherry
All Daily Harvest Smoothies here: https://www.daily-harvest.com/app/browse/smoothies
More on Daily Harvest here: https://www.daily-harvest.com/
Still haven’t subscribed to Daily Harvest on Youtube? ►►  http://bit.ly/2RkwqWH
Follow Daily Harvest on Instagram here:  https://www.instagram.com/dailyharvest/

ABOUT DAILY HARVEST
Daily Harvest is a direct-to-consumer brand that creates food that fits into your life. Our food is made with whole, organic fruits and vegetables crafted into smoothies, soups, harvest bowls, and more that are delivered to your door and ready in minutes. We recognize the challenges that people face today, so we have taken the care to design good food around the speed at which we live. We are meticulous about the ingredients we choose, where they come from, and how we guarantee the freshest nutrients stay locked in for you. We take care of food, so that food can take care of you. 


How to Make | How to Make Daily Harvest Smoothies | Daily Harvest",https://www.youtube.com/watch?v=RkCr7tL3nEQ
eEJA761i4j4,How to Make: Daily Harvest Soup,"Whether seriously hearty, or puréed to smooth perfection, our soups bring allll the nourishment thanks to farm-fresh vegetables and superfoods that suit any season.

Here we show you how to prepare the Tomato + Zucchini Minestrone Soup. 

OVERVIEW
The scenario: You need the food equivalent of a hug, and it's only Tuesday. The solve: This hearty, healthy, superfood version of grandma's minestrone.

Soup:
STEP 1
Fill cup to the top with water or unsalted broth. 

STEP 2
Empty into a pot or microwave-safe bowl.

STEP 3
For stovetop, cook over medium-high heat for 4-6 minutes. For microwave, heat 4-6 minutes, stirring halfway in between. Enjoy. 

Puréed Soup:
STEP 1
Fill cup to the top with water or unsalted broth.  

STEP 2
Pour into a blender and blend until smooth. 

STEP 3
Pour into a pot or microwave-safe bowl.

STEP 4
For stovetop, cook over medium-high heat for 4-6 minutes. For microwave, heat 4-6 minutes, stirring halfway in between. Enjoy. 

Learn more about Daily Harvest’s Tomato + Zucchini Minestrone Soup here: 
https://www.daily-harvest.com/browse/soups/zucchini-black-garlic
All Daily Harvest Soups here: https://www.daily-harvest.com/app/browse/soups
More on Daily Harvest here: https://www.daily-harvest.com/
Still haven’t subscribed to Daily Harvest on Youtube? ►►  http://bit.ly/2RkwqWH
Follow Daily Harvest on Instagram here:  https://www.instagram.com/dailyharvest/

ABOUT DAILY HARVEST
Daily Harvest is a direct-to-consumer brand that creates food that fits into your life. Our food is made with whole, organic fruits and vegetables crafted into smoothies, soups, harvest bowls, and more that are delivered to your door and ready in minutes. We recognize the challenges that people face today, so we have taken the care to design good food around the speed at which we live. We are meticulous about the ingredients we choose, where they come from, and how we guarantee the freshest nutrients stay locked in for you. We take care of food, so that food can take care of you. 


How to Make | How to Make Daily Harvest Soup | Daily Harvest",2020-01-03T19:40:39Z,82123,17,64.0,Daily Harvest,"How to Make: Daily Harvest Soup Whether seriously hearty, or puréed to smooth perfection, our soups bring allll the nourishment thanks to farm-fresh vegetables and superfoods that suit any season.

Here we show you how to prepare the Tomato + Zucchini Minestrone Soup. 

OVERVIEW
The scenario: You need the food equivalent of a hug, and it's only Tuesday. The solve: This hearty, healthy, superfood version of grandma's minestrone.

Soup:
STEP 1
Fill cup to the top with water or unsalted broth. 

STEP 2
Empty into a pot or microwave-safe bowl.

STEP 3
For stovetop, cook over medium-high heat for 4-6 minutes. For microwave, heat 4-6 minutes, stirring halfway in between. Enjoy. 

Puréed Soup:
STEP 1
Fill cup to the top with water or unsalted broth.  

STEP 2
Pour into a blender and blend until smooth. 

STEP 3
Pour into a pot or microwave-safe bowl.

STEP 4
For stovetop, cook over medium-high heat for 4-6 minutes. For microwave, heat 4-6 minutes, stirring halfway in between. Enjoy. 

Learn more about Daily Harvest’s Tomato + Zucchini Minestrone Soup here: 
https://www.daily-harvest.com/browse/soups/zucchini-black-garlic
All Daily Harvest Soups here: https://www.daily-harvest.com/app/browse/soups
More on Daily Harvest here: https://www.daily-harvest.com/
Still haven’t subscribed to Daily Harvest on Youtube? ►►  http://bit.ly/2RkwqWH
Follow Daily Harvest on Instagram here:  https://www.instagram.com/dailyharvest/

ABOUT DAILY HARVEST
Daily Harvest is a direct-to-consumer brand that creates food that fits into your life. Our food is made with whole, organic fruits and vegetables crafted into smoothies, soups, harvest bowls, and more that are delivered to your door and ready in minutes. We recognize the challenges that people face today, so we have taken the care to design good food around the speed at which we live. We are meticulous about the ingredients we choose, where they come from, and how we guarantee the freshest nutrients stay locked in for you. We take care of food, so that food can take care of you. 


How to Make | How to Make Daily Harvest Soup | Daily Harvest",https://www.youtube.com/watch?v=eEJA761i4j4
uTdJoHdLtl8,Veggie Bacon Wrapped Asparagus,Stop scrolling. You’ve officially found the perfect veggie side to bring to the potluck. Recipe linked in our profile! #tasty #dinnerideas #vegetarian,2024-11-21T16:03:18Z,818,10,19.0,MorningStar Farms,Veggie Bacon Wrapped Asparagus Stop scrolling. You’ve officially found the perfect veggie side to bring to the potluck. Recipe linked in our profile! #tasty #dinnerideas #vegetarian,https://www.youtube.com/watch?v=uTdJoHdLtl8
03ZIhWMkYiY,Captain D's: DECISIONS DECISIONS DECISIONS,"What makes a combo, a Captain’s Combo? It’s gotta be tasty and made by seafood experts. Check & check. The Captain’s Combos are all that and a side of fries. Or Coleslaw. Or Mac & Cheese.",2022-04-13T19:18:10Z,5454,9,14.0,Captain Ds,"Captain D's: DECISIONS DECISIONS DECISIONS What makes a combo, a Captain’s Combo? It’s gotta be tasty and made by seafood experts. Check & check. The Captain’s Combos are all that and a side of fries. Or Coleslaw. Or Mac & Cheese.",https://www.youtube.com/watch?v=03ZIhWMkYiY
Lo4vpuQ53EM,In the Kitchen:  Batter Dipped Fish,"Take a look at how we prepare our famous Batter Dipped Fish- the most popular item on our menu with our Head Chef, Jason Henderson",2017-09-19T22:04:03Z,29043,31,44.0,Captain Ds,"In the Kitchen:  Batter Dipped Fish Take a look at how we prepare our famous Batter Dipped Fish- the most popular item on our menu with our Head Chef, Jason Henderson",https://www.youtube.com/watch?v=Lo4vpuQ53EM
okVjaZnKOjQ,How to Make Mustard Beer Basted Sausages & Onions | How To | McCormick | French’s | Oskar Blues,"Grilled in a cast iron skillet in a buttery beer sauce, these mouthwatering smoked sausages get a double dose of mustard flavor thanks to French’s® Classic Yellow Mustard AND Oskar Blues® Mustard Beer. Watch to learn how easy it is to make Mustard Beer Basted Sausages and Onions, and get the recipe here: https://www.mccormick.com/frenchs/recipes/main-dish/mustard-beer-basted-sausages-and-onions

Featured products:

Oskar Blues® Mustard Beer 
French’s® Classic Yellow Mustard: https://www.mccormick.com/frenchs/products/mustard/classic-yellow-mustard
honey
butter
sweet onions
smoked sausages
hoagie rolls or hot dog rolls 

Download the Flavor Maker app for iOS or Android and find a whole new world of flavor at your finger tips!

iOS: https://apple.co/2UcKWmL
Android: http://bit.ly/2RzM16t

Visit the McCormick Shop and stock up on your flavor favorites. Shop Now: https://shop.mccormick.com/ 

Facebook: https://www.facebook.com/Frenchs
Instagram: https://www.instagram.com/frenchs/?hl=en
Pinterest: https://www.pinterest.com/frenchsfoods/
Twitter: https://twitter.com/Frenchs/",2020-07-30T20:19:51Z,13882,8,47.0,Frenchs,"How to Make Mustard Beer Basted Sausages & Onions | How To | McCormick | French’s | Oskar Blues Grilled in a cast iron skillet in a buttery beer sauce, these mouthwatering smoked sausages get a double dose of mustard flavor thanks to French’s® Classic Yellow Mustard AND Oskar Blues® Mustard Beer. Watch to learn how easy it is to make Mustard Beer Basted Sausages and Onions, and get the recipe here: https://www.mccormick.com/frenchs/recipes/main-dish/mustard-beer-basted-sausages-and-onions

Featured products:

Oskar Blues® Mustard Beer 
French’s® Classic Yellow Mustard: https://www.mccormick.com/frenchs/products/mustard/classic-yellow-mustard
honey
butter
sweet onions
smoked sausages
hoagie rolls or hot dog rolls 

Download the Flavor Maker app for iOS or Android and find a whole new world of flavor at your finger tips!

iOS: https://apple.co/2UcKWmL
Android: http://bit.ly/2RzM16t

Visit the McCormick Shop and stock up on your flavor favorites. Shop Now: https://shop.mccormick.com/ 

Facebook: https://www.facebook.com/Frenchs
Instagram: https://www.instagram.com/frenchs/?hl=en
Pinterest: https://www.pinterest.com/frenchsfoods/
Twitter: https://twitter.com/Frenchs/",https://www.youtube.com/watch?v=okVjaZnKOjQ
r6DkQ3kVKjc,How to Make French's Mustard Ice Cream,"Yeah, it’s really French’s ice cream. Because August 3rd is National Mustard Day, and after 115 years of using mustard to add something bold and unique to standard fare, we thought, “What about ice cream?”

And while this limited-run flavor might sound crazy, it doesn’t just taste good, it tastes damn good.

Get the Recipe: https://www.mccormick.com/frenchs/recipes/dessert/no-churn-frenchs-yellow-mustard-ice-cream",2019-08-01T14:37:28Z,21064,25,43.0,Frenchs,"How to Make French's Mustard Ice Cream Yeah, it’s really French’s ice cream. Because August 3rd is National Mustard Day, and after 115 years of using mustard to add something bold and unique to standard fare, we thought, “What about ice cream?”

And while this limited-run flavor might sound crazy, it doesn’t just taste good, it tastes damn good.

Get the Recipe: https://www.mccormick.com/frenchs/recipes/dessert/no-churn-frenchs-yellow-mustard-ice-cream",https://www.youtube.com/watch?v=r6DkQ3kVKjc
PnrQUTYuNzA,"Red, White & Chew | French’s","We make dishes classic. When you whip up a potato salad, put us in charge of giving it that All-American taste. French’s. Not from France.",2018-06-25T12:56:23Z,10403,10,6.0,Frenchs,"Red, White & Chew | French’s We make dishes classic. When you whip up a potato salad, put us in charge of giving it that All-American taste. French’s. Not from France.",https://www.youtube.com/watch?v=PnrQUTYuNzA
rTZBz714v8k,French's: The Perfect Match,"French’s Mustard and French’s Ketchup are the perfect match. Made with 100% natural ingredients, French’s Classic Yellow Mustard has zero fat, calories and gluten. French’s Tomato Ketchup has no high fructose corn syrup, preservatives, artificial flavors, colors or gluten.

Spice up this perfect match with French’s Crispy Jalapeños. These crispy toppers are new, spicy, crunchy, made with real jalapeños and easily add a kick to all your favorite meals. From tacos and burgers to dips and pizza, turn everyday dishes into something special.

Learn More: http://www.frenchs.com",2016-11-08T15:20:36Z,1146478,10,35.0,Frenchs,"French's: The Perfect Match French’s Mustard and French’s Ketchup are the perfect match. Made with 100% natural ingredients, French’s Classic Yellow Mustard has zero fat, calories and gluten. French’s Tomato Ketchup has no high fructose corn syrup, preservatives, artificial flavors, colors or gluten.

Spice up this perfect match with French’s Crispy Jalapeños. These crispy toppers are new, spicy, crunchy, made with real jalapeños and easily add a kick to all your favorite meals. From tacos and burgers to dips and pizza, turn everyday dishes into something special.

Learn More: http://www.frenchs.com",https://www.youtube.com/watch?v=rTZBz714v8k
zlWcCEBlTO8,French's Jalapeño Bacon Deviled Eggs | We Promise Great Taste,"-RECIPE- http://www.frenchs.com/recipe/jalapeo-bacon-deviled-eggs-RE002827-1 

Ingredients
3 cups cooked turkey or chicken 
1 cup prepared stuffing 
1 cup prepared mashed potatoes 
1 cup corn, or other vegetable 
1 cup turkey gravy 
1 cup shredded Cheddar cheese 
FRENCH'S® Crispy Fried Onions, plus additional for garnish 
4 small green or red bell peppers, halved lengthwise and seeded 
1 cup cranberry sauce 
2 Tbsp. water 

Directions
PREHEAT oven to 375°F. Combine turkey, stuffing, potatoes, corn, gravy, cheese and FRENCH'S® Crispy Onions. 
ARRANGE pepper halves in 13 x 9-inch baking dish. Evenly fill peppers with turkey mixture. Cover and bake 35 minutes or until peppers are tender. 
HEAT cranberry sauce and water. 
DRIZZLE cranberry sauce over peppers and top with additional Crispy Onions. 

Tips
Turkey mixture can be layered over mashed potatoes and baked or heated and served in flour tortillas.",2016-10-25T18:35:49Z,7104096,13,32.0,Frenchs,"French's Jalapeño Bacon Deviled Eggs | We Promise Great Taste -RECIPE- http://www.frenchs.com/recipe/jalapeo-bacon-deviled-eggs-RE002827-1 

Ingredients
3 cups cooked turkey or chicken 
1 cup prepared stuffing 
1 cup prepared mashed potatoes 
1 cup corn, or other vegetable 
1 cup turkey gravy 
1 cup shredded Cheddar cheese 
FRENCH'S® Crispy Fried Onions, plus additional for garnish 
4 small green or red bell peppers, halved lengthwise and seeded 
1 cup cranberry sauce 
2 Tbsp. water 

Directions
PREHEAT oven to 375°F. Combine turkey, stuffing, potatoes, corn, gravy, cheese and FRENCH'S® Crispy Onions. 
ARRANGE pepper halves in 13 x 9-inch baking dish. Evenly fill peppers with turkey mixture. Cover and bake 35 minutes or until peppers are tender. 
HEAT cranberry sauce and water. 
DRIZZLE cranberry sauce over peppers and top with additional Crispy Onions. 

Tips
Turkey mixture can be layered over mashed potatoes and baked or heated and served in flour tortillas.",https://www.youtube.com/watch?v=zlWcCEBlTO8
5NdCkzVVaZM,French’s Jalapeño Popper Dip | We Promise Great Taste,"The most intense jalapeño popper dip made with French’s Classic Yellow Mustard.  You will be surprised how easy and delicious this recipe is… We Promise!
-RECIPE-   http://bit.ly/1OWm6KO

Ingredients:
8 oz. cream cheese 
1 cup mayonnaise 
1 cup shredded cheddar cheese 
2 Tbsp. to 4 Tbsp. FRENCH'S® Classic Yellow® Mustard or FRENCH'S® Spicy Brown Mustard 
1 (4 oz.) can diced jalapenos, drained or 2 jalapeno peppers, seeded and diced 
2 Tbsp. Panko breadcrumbs, toasted, optional 

Directions:
COMBINE all ingredients except bread crumbs in medium bowl.
SPRINKLE bread crumbs over dip just before serving.
SERVE with tortilla chips.",2016-01-08T20:39:28Z,4903768,11,37.0,Frenchs,"French’s Jalapeño Popper Dip | We Promise Great Taste The most intense jalapeño popper dip made with French’s Classic Yellow Mustard.  You will be surprised how easy and delicious this recipe is… We Promise!
-RECIPE-   http://bit.ly/1OWm6KO

Ingredients:
8 oz. cream cheese 
1 cup mayonnaise 
1 cup shredded cheddar cheese 
2 Tbsp. to 4 Tbsp. FRENCH'S® Classic Yellow® Mustard or FRENCH'S® Spicy Brown Mustard 
1 (4 oz.) can diced jalapenos, drained or 2 jalapeno peppers, seeded and diced 
2 Tbsp. Panko breadcrumbs, toasted, optional 

Directions:
COMBINE all ingredients except bread crumbs in medium bowl.
SPRINKLE bread crumbs over dip just before serving.
SERVE with tortilla chips.",https://www.youtube.com/watch?v=5NdCkzVVaZM
Yir97OHD2jU,French’s Cheeseburger Dip | We Promise Great Taste,"The best cheeseburger dip made with French’s Classic Yellow Mustard and French’s Ketchup.  Try it, it’s a winner… We Promise!
-RECIPE- http://bit.ly/1nD6vc0

Ingredients:
1/2 lb. ground beef, (can use up to 1 lb. of ground beef.) 
1 (8 oz. pkg.) cream cheese, softened 
1/2 cup shredded American cheese (or substitute 1/2 cup of cheddar cheese)
1/4 cup FRENCH'S® Tomato Ketchup 
1/4 cup mayonnaise 
2 Tbsp. FRENCH'S® Classic Yellow Mustard 
2 Tbsp. FRENCH'S® Classic Worcestershire Sauce 
2 Tbsp. dill pickle relish 

Directions:
BROWN meat in skillet; drain and set aside.
COMBINE all other ingredients in deep pie dish. Fold in meat.
HEAT in 350°F oven for 15 minutes or until hot and bubbly. Garnish with bacon crumbles and French's Crispy Fried Onions , if desired. Serve with pita chips.",2016-01-08T20:26:53Z,5919440,72,43.0,Frenchs,"French’s Cheeseburger Dip | We Promise Great Taste The best cheeseburger dip made with French’s Classic Yellow Mustard and French’s Ketchup.  Try it, it’s a winner… We Promise!
-RECIPE- http://bit.ly/1nD6vc0

Ingredients:
1/2 lb. ground beef, (can use up to 1 lb. of ground beef.) 
1 (8 oz. pkg.) cream cheese, softened 
1/2 cup shredded American cheese (or substitute 1/2 cup of cheddar cheese)
1/4 cup FRENCH'S® Tomato Ketchup 
1/4 cup mayonnaise 
2 Tbsp. FRENCH'S® Classic Yellow Mustard 
2 Tbsp. FRENCH'S® Classic Worcestershire Sauce 
2 Tbsp. dill pickle relish 

Directions:
BROWN meat in skillet; drain and set aside.
COMBINE all other ingredients in deep pie dish. Fold in meat.
HEAT in 350°F oven for 15 minutes or until hot and bubbly. Garnish with bacon crumbles and French's Crispy Fried Onions , if desired. Serve with pita chips.",https://www.youtube.com/watch?v=Yir97OHD2jU
vLjgeHJdQe8,Molten Magic Baking for a Limited Time,"A decadent chocolate cookie packed with Ghirardelli® chocolate chips and Ghirardelli® cocoa, filled with gooey Ghirardelli® chocolate, and topped with powdered sugar. Order now: https://bit.ly/4coOBFI",2026-02-13T16:01:25Z,5357,13,15.0,Insomnia Cookies,"Molten Magic Baking for a Limited Time A decadent chocolate cookie packed with Ghirardelli® chocolate chips and Ghirardelli® cocoa, filled with gooey Ghirardelli® chocolate, and topped with powdered sugar. Order now: https://bit.ly/4coOBFI",https://www.youtube.com/watch?v=vLjgeHJdQe8
_Y2GlMeGN10,A V-Day Dream: Red Velvet Cookies ’N Cream,Secure your V-Day plans with cookies because red velvet would never leave you on read. Order now: https://bit.ly/4bYssxR,2026-01-28T16:12:15Z,2759,128,15.0,Insomnia Cookies,A V-Day Dream: Red Velvet Cookies ’N Cream Secure your V-Day plans with cookies because red velvet would never leave you on read. Order now: https://bit.ly/4bYssxR,https://www.youtube.com/watch?v=_Y2GlMeGN10
LIcSwsIlq18,Tim Hortons | Maple Butter Glazed Donut - available 3.23,"Sweet, fluffy, maple goodness in every bite. Only at Tims starting March 23, 2026. 

At participating restaurants in Canada. © Tim Hortons, 2026.",2026-03-20T09:03:51Z,1222,11,16.0,Tim Hortons,"Tim Hortons | Maple Butter Glazed Donut - available 3.23 Sweet, fluffy, maple goodness in every bite. Only at Tims starting March 23, 2026. 

At participating restaurants in Canada. © Tim Hortons, 2026.",https://www.youtube.com/watch?v=LIcSwsIlq18
2v6j_rKPdbc,The Canadian Dream | Tim Hortons,"The Canadian Dream isn’t something you dream, it’s something you live.",2025-05-15T13:25:01Z,29329,184,61.0,Tim Hortons,"The Canadian Dream | Tim Hortons The Canadian Dream isn’t something you dream, it’s something you live.",https://www.youtube.com/watch?v=2v6j_rKPdbc
Yru7GuN0Www,Tims x Ryan Reynolds,"100% Canadian, freshly cracked scrambled eggs — the Ryan way, in a loaded box or wrap. Only at Tims!",2025-05-07T14:24:17Z,82000,284,61.0,Tim Hortons,"Tims x Ryan Reynolds 100% Canadian, freshly cracked scrambled eggs — the Ryan way, in a loaded box or wrap. Only at Tims!",https://www.youtube.com/watch?v=Yru7GuN0Www
6YorcRWjnN4,Rookies Bloopers with Sid & Nate | Tim Hortons,"Sid & Nate blooper reels are BACK. Collect our NHL Rookie Hockey Trading Cards while supplies last!

#TimHortons #Hockey #HockeyCards #NHL #Crosby #MacKinnon #Shorts",2025-04-24T15:55:22Z,38482,8,35.0,Tim Hortons,"Rookies Bloopers with Sid & Nate | Tim Hortons Sid & Nate blooper reels are BACK. Collect our NHL Rookie Hockey Trading Cards while supplies last!

#TimHortons #Hockey #HockeyCards #NHL #Crosby #MacKinnon #Shorts",https://www.youtube.com/watch?v=6YorcRWjnN4
hmFdfGGWhss,Tims Rookies Hockey Cards | Tim Hortons,"Yeah, for sure! Unwrap the early days of your favourite players with Tims NEW Rookies Hockey Cards. Available now while supplies last, at participating Tims restaurants across Canada.",2025-04-17T15:11:58Z,30017,46,31.0,Tim Hortons,"Tims Rookies Hockey Cards | Tim Hortons Yeah, for sure! Unwrap the early days of your favourite players with Tims NEW Rookies Hockey Cards. Available now while supplies last, at participating Tims restaurants across Canada.",https://www.youtube.com/watch?v=hmFdfGGWhss
-24hAMItcAQ,Tim Hortons | The Good Ol' Football Game,"Hockey will always be Canada’s sport. Even on Super Bowl Sunday. So as an ode to the Canadians watching the big game, we rewrote Stompin’ Tom’s classic hockey anthem into a new one that proudly declares what we’re all thinking: football’s the second best game you can name.",2025-02-07T15:02:40Z,67805,172,31.0,Tim Hortons,"Tim Hortons | The Good Ol' Football Game Hockey will always be Canada’s sport. Even on Super Bowl Sunday. So as an ode to the Canadians watching the big game, we rewrote Stompin’ Tom’s classic hockey anthem into a new one that proudly declares what we’re all thinking: football’s the second best game you can name.",https://www.youtube.com/watch?v=-24hAMItcAQ
KfOGKIohcZw,Frank & The Nurse | Tim Hortons Holiday Commercial 2024,"This holiday season, caring is the gift. Wishing you Happy Holidays from Tim Hortons.",2024-12-04T20:50:17Z,23019,109,61.0,Tim Hortons,"Frank & The Nurse | Tim Hortons Holiday Commercial 2024 This holiday season, caring is the gift. Wishing you Happy Holidays from Tim Hortons.",https://www.youtube.com/watch?v=KfOGKIohcZw
qoHP78kAHcQ,10 years of Tims NHL® Trading Cards | Tim Hortons,We’re marking 10 years of Tim Hortons NHL® trading cards with the help of two familiar faces. Tims NHL® Trading Cards are back in participating restaurants across Canada October 7.,2024-10-03T13:31:59Z,20020,29,31.0,Tim Hortons,10 years of Tims NHL® Trading Cards | Tim Hortons We’re marking 10 years of Tim Hortons NHL® trading cards with the help of two familiar faces. Tims NHL® Trading Cards are back in participating restaurants across Canada October 7.,https://www.youtube.com/watch?v=qoHP78kAHcQ
dOIX00APCoU,The Last Timbit | First Listen: “What Would You Do For A Timbit?”,"Enjoy a preview of the opening number of The Last Timbit. To get the full song stuck in your head, get your tickets now: https://bit.ly/4b9mPJD",2024-05-10T12:35:52Z,11539,37,61.0,Tim Hortons,"The Last Timbit | First Listen: “What Would You Do For A Timbit?” Enjoy a preview of the opening number of The Last Timbit. To get the full song stuck in your head, get your tickets now: https://bit.ly/4b9mPJD",https://www.youtube.com/watch?v=dOIX00APCoU
js_IQQ3Pj6k,The Last Timbit | A 60th Anniversary Musical,"Inspired by real Canadian stories, The Last Timbit follows a group of strangers who wait out the snowstorm of the decade in a Tim Hortons. In this hilarious and heartfelt new musical, this unlikely group comes together to explore family, community and finding the best in hard times — all while battling for the last Birthday Cake Timbit. Tickets available April 26!",2024-04-25T12:00:49Z,6530,10,9.0,Tim Hortons,"The Last Timbit | A 60th Anniversary Musical Inspired by real Canadian stories, The Last Timbit follows a group of strangers who wait out the snowstorm of the decade in a Tim Hortons. In this hilarious and heartfelt new musical, this unlikely group comes together to explore family, community and finding the best in hard times — all while battling for the last Birthday Cake Timbit. Tickets available April 26!",https://www.youtube.com/watch?v=js_IQQ3Pj6k
VutVHykZwsA,Celebrating 60 years of Tims | Tim Hortons #shorts,"Recently, we got  💫 groovy 💫  to celebrate the return of four iconic Tims donuts! Thanks to everyone who helped kick off our 60th year with such a special celebration! 

Enjoy Tims Retro Donuts available at participating Tims restaurants across Canada for a limited time or while supplies last. 

#shorts",2024-02-10T17:56:19Z,5172,25,48.0,Tim Hortons,"Celebrating 60 years of Tims | Tim Hortons #shorts Recently, we got  💫 groovy 💫  to celebrate the return of four iconic Tims donuts! Thanks to everyone who helped kick off our 60th year with such a special celebration! 

Enjoy Tims Retro Donuts available at participating Tims restaurants across Canada for a limited time or while supplies last. 

#shorts",https://www.youtube.com/watch?v=VutVHykZwsA
NifYIEAlB1Q,Retro Donuts | Tim Hortons,"4 of Canada’s favourite Retro Donuts are back from the past! Blueberry Fritter, Walnut Crunch, Cinnamon Sugar Twist, and the Dutchie! Try them today paired with Tim Hortons Always Fresh™ Coffee.",2024-01-24T13:35:22Z,18014,34,31.0,Tim Hortons,"Retro Donuts | Tim Hortons 4 of Canada’s favourite Retro Donuts are back from the past! Blueberry Fritter, Walnut Crunch, Cinnamon Sugar Twist, and the Dutchie! Try them today paired with Tim Hortons Always Fresh™ Coffee.",https://www.youtube.com/watch?v=NifYIEAlB1Q
Z5J2Gc0WIkM,Catch up off the ice with Saroya Tinker | Rise and Shine: Season 2 Episode 4 | Tim Hortons,"It's game time, Canada! 

Rise and shine as we invite pro athlete, mentor and TV host Saroya Tinker to join Victoria Stewart in the Innovation Kitchen to chat and learn more about Saroya's exciting career. Watch more episodes of Rise & Shine:  https://www.youtube.com/playlist?list=PLEBPkS9Z0ZdotMFyvvDnAsUKqdUHmmWi0.",2024-01-03T14:46:10Z,24021,11,191.0,Tim Hortons,"Catch up off the ice with Saroya Tinker | Rise and Shine: Season 2 Episode 4 | Tim Hortons It's game time, Canada! 

Rise and shine as we invite pro athlete, mentor and TV host Saroya Tinker to join Victoria Stewart in the Innovation Kitchen to chat and learn more about Saroya's exciting career. Watch more episodes of Rise & Shine:  https://www.youtube.com/playlist?list=PLEBPkS9Z0ZdotMFyvvDnAsUKqdUHmmWi0.",https://www.youtube.com/watch?v=Z5J2Gc0WIkM
RjSbOLlLWI4,Holiday Smile Cookie | Tim Hortons,"Spreading kindness is as easy as getting a Holiday Smile Cookie on Nov 13 - 19. 100% of proceeds support local charities, community groups, and Tims Camps.",2023-11-13T14:50:16Z,6107,14,16.0,Tim Hortons,"Holiday Smile Cookie | Tim Hortons Spreading kindness is as easy as getting a Holiday Smile Cookie on Nov 13 - 19. 100% of proceeds support local charities, community groups, and Tims Camps.",https://www.youtube.com/watch?v=RjSbOLlLWI4
wlcms3y34Gg,Firehouse Subs Birthday Rewards,"Join Firehouse Rewards and you'll receive a reward for a FREE medium sub on your birthday! 

Download the Firehouse Rewards app or sign up on the web here: http://bit.ly/FirehouseRewards

Is your footwear connected to your pants? No it’s not. Because you’re not a firefighter. But you can be ready to roll like one with fulfillingly flavorful Firehouse Subs. 
Firehouse Subs - The Hero of All Subs

Connect with Firehouse Subs Online:

Website: http://www.firehousesubs.com
Facebook: http://www.facebook.com/firehousesubs
Twitter: http://www.twitter.com/firehousesubs
Instagram: http://www.instagram.com/firehousesubs
Rewards & Online Ordering App: http://www.firehousesubs.com/rewards 

About Firehouse Subs:
Firehouse Subs® is a fast casual restaurant chain with a passion for Hearty and Flavorful Food, Heartfelt Service and Public Safety. Founded by brothers and former firefighters Chris Sorensen and Robin Sorensen, Firehouse Subs is a brand built on decades of fire and police service, steaming hot subs piled higher with the highest quality meats and cheeses and its commitment to saving lives through the creation of Firehouse Subs Public Safety Foundation®. The founders are the real deal, the food is their creation and the company is built upon a family of franchise operators who share their same passion for serving others.",2016-03-21T13:49:04Z,25144,10,29.0,Firehouse Subs,"Firehouse Subs Birthday Rewards Join Firehouse Rewards and you'll receive a reward for a FREE medium sub on your birthday! 

Download the Firehouse Rewards app or sign up on the web here: http://bit.ly/FirehouseRewards

Is your footwear connected to your pants? No it’s not. Because you’re not a firefighter. But you can be ready to roll like one with fulfillingly flavorful Firehouse Subs. 
Firehouse Subs - The Hero of All Subs

Connect with Firehouse Subs Online:

Website: http://www.firehousesubs.com
Facebook: http://www.facebook.com/firehousesubs
Twitter: http://www.twitter.com/firehousesubs
Instagram: http://www.instagram.com/firehousesubs
Rewards & Online Ordering App: http://www.firehousesubs.com/rewards 

About Firehouse Subs:
Firehouse Subs® is a fast casual restaurant chain with a passion for Hearty and Flavorful Food, Heartfelt Service and Public Safety. Founded by brothers and former firefighters Chris Sorensen and Robin Sorensen, Firehouse Subs is a brand built on decades of fire and police service, steaming hot subs piled higher with the highest quality meats and cheeses and its commitment to saving lives through the creation of Firehouse Subs Public Safety Foundation®. The founders are the real deal, the food is their creation and the company is built upon a family of franchise operators who share their same passion for serving others.",https://www.youtube.com/watch?v=wlcms3y34Gg
JOcQQr76xy4,T-Pain x Hank the Buffalo - Let’s Go Buffalo Wild (A Pick 6 Love Song) (Official Music video),"Official HD Video for “Let’s Go Buffalo Wild (A Pick 6 Love Song)“ by T-Pain 
Featuring Hank the Buffalo
Presented by Buffalo Wild Wings & Pepsi Zero Sugar
 
Stream ‘Let’s Go Buffalo Wild (A Pick 6 Love Song) HERE
Stream ‘Table for 2 (A Pick 6 Album)’ HERE
 
www.BuffaloWildWings.com
Follow Buffalo Wild Wings:
Facebook: https://www.facebook.com/BuffaloWildWings/
Instagram: https://www.instagram.com/bwwings/
Twitter: https://x.com/BWWings
Youtube: https://www.youtube.com/user/buffalowildwings
Tiktok: @buffalowildwings
Buffalo Wild Wings Rewards: https://www.buffalowildwings.com/rewards/
 
Creative Agency: Anomaly
Video directed by Marcelo Pancote
 
“Let’s Go Buffalo Wild (A Pick 6 Love Song)”
Produced by T-Pain. Performed by T-Pain and Beck Bennett. 
Written by T-Pain, Beck Bennett, Bennett Odbert Music (ASCAP) & Gabe Noel, GEZABOO MUSIC (ASCAP). 
Universal Music - Z Songs on behalf of itself and Nappypub Music.
© 2026 Nappy Boy Entertainment
© 2026 Beck Bennett, Bennett Odbert Music (ASCAP) & Gabe Noel, GEZABOO MUSIC (ASCAP). All Rights Reserved.
℗ 2026 Beck Bennett & Gabe Noel. All Rights Reserved.",2026-02-10T14:21:16Z,14666,71,153.0,Buffalo Wild Wings,"T-Pain x Hank the Buffalo - Let’s Go Buffalo Wild (A Pick 6 Love Song) (Official Music video) Official HD Video for “Let’s Go Buffalo Wild (A Pick 6 Love Song)“ by T-Pain 
Featuring Hank the Buffalo
Presented by Buffalo Wild Wings & Pepsi Zero Sugar
 
Stream ‘Let’s Go Buffalo Wild (A Pick 6 Love Song) HERE
Stream ‘Table for 2 (A Pick 6 Album)’ HERE
 
www.BuffaloWildWings.com
Follow Buffalo Wild Wings:
Facebook: https://www.facebook.com/BuffaloWildWings/
Instagram: https://www.instagram.com/bwwings/
Twitter: https://x.com/BWWings
Youtube: https://www.youtube.com/user/buffalowildwings
Tiktok: @buffalowildwings
Buffalo Wild Wings Rewards: https://www.buffalowildwings.com/rewards/
 
Creative Agency: Anomaly
Video directed by Marcelo Pancote
 
“Let’s Go Buffalo Wild (A Pick 6 Love Song)”
Produced by T-Pain. Performed by T-Pain and Beck Bennett. 
Written by T-Pain, Beck Bennett, Bennett Odbert Music (ASCAP) & Gabe Noel, GEZABOO MUSIC (ASCAP). 
Universal Music - Z Songs on behalf of itself and Nappypub Music.
© 2026 Nappy Boy Entertainment
© 2026 Beck Bennett, Bennett Odbert Music (ASCAP) & Gabe Noel, GEZABOO MUSIC (ASCAP). All Rights Reserved.
℗ 2026 Beck Bennett & Gabe Noel. All Rights Reserved.",https://www.youtube.com/watch?v=JOcQQr76xy4
X8S1z_c-kfE,Choose More Ft. JLO | BODYARMOR LYTE,"Jennifer Lopez chooses more with BODYARMOR LYTE, the low calorie sports drink to hydrate your active lifestyle. With potassium-packed electrolytes, coconut water, and antioxidants but without artificial sweeteners flavors or dyes, BODYARMOR LYTE provides premium hydration that’s low in calories with zero sugar added.",2023-03-14T13:56:18Z,1931,8,16.0,DrinkBODYARMOR,"Choose More Ft. JLO | BODYARMOR LYTE Jennifer Lopez chooses more with BODYARMOR LYTE, the low calorie sports drink to hydrate your active lifestyle. With potassium-packed electrolytes, coconut water, and antioxidants but without artificial sweeteners flavors or dyes, BODYARMOR LYTE provides premium hydration that’s low in calories with zero sugar added.",https://www.youtube.com/watch?v=X8S1z_c-kfE
NlNxC0ZUMqE,Choose More Ft. JLO | BODYARMOR LYTE,"Jennifer Lopez chooses more with BODYARMOR LYTE, the low calorie sports drink to hydrate your active lifestyle. With potassium-packed electrolytes, coconut water, and antioxidants but without artificial sweeteners flavors or dyes, BODYARMOR LYTE provides premium hydration that’s low in calories with zero sugar added.",2023-03-14T13:08:23Z,19440,40,31.0,DrinkBODYARMOR,"Choose More Ft. JLO | BODYARMOR LYTE Jennifer Lopez chooses more with BODYARMOR LYTE, the low calorie sports drink to hydrate your active lifestyle. With potassium-packed electrolytes, coconut water, and antioxidants but without artificial sweeteners flavors or dyes, BODYARMOR LYTE provides premium hydration that’s low in calories with zero sugar added.",https://www.youtube.com/watch?v=NlNxC0ZUMqE
zXTtrroIVfY,Breyers High Quality Ingredients,"At Breyers, we always start with high quality ingredients.  Our pledge to quality has made us a family favorite since 1866.  We partner with American farmers for only 100% Grade A milk and cream, which also comes from cows not treated with artificial growth hormones.  In 2018, we’re working with the Walls Farmer Fund to support farmers who provide milk and cream for Breyers ice cream.",2019-05-13T15:02:00Z,49260,41,15.0,Breyers,"Breyers High Quality Ingredients At Breyers, we always start with high quality ingredients.  Our pledge to quality has made us a family favorite since 1866.  We partner with American farmers for only 100% Grade A milk and cream, which also comes from cows not treated with artificial growth hormones.  In 2018, we’re working with the Walls Farmer Fund to support farmers who provide milk and cream for Breyers ice cream.",https://www.youtube.com/watch?v=zXTtrroIVfY
VCo3AeoWLhs,Breyers Grade A Milk and Cream Kids Commercial,"At Breyers, we always start with high quality ingredients.  Our pledge to quality has made us a family favorite since 1866.  We partner with American farmers for only 100% Grade A milk and cream, which also comes from cows not treated with artificial growth hormones.  In 2018, we’re working with the Walls Farmer Fund to support farmers who provide milk and cream for Breyers ice cream.",2018-03-05T16:09:53Z,35221,11,16.0,Breyers,"Breyers Grade A Milk and Cream Kids Commercial At Breyers, we always start with high quality ingredients.  Our pledge to quality has made us a family favorite since 1866.  We partner with American farmers for only 100% Grade A milk and cream, which also comes from cows not treated with artificial growth hormones.  In 2018, we’re working with the Walls Farmer Fund to support farmers who provide milk and cream for Breyers ice cream.",https://www.youtube.com/watch?v=VCo3AeoWLhs
BfXmhkjMfBs,Ranch Tomato Soup 🍅🥣,"A warm bowl of Ranch Tomato Soup on a chilly day like this would heal me rn 🍅🍜
 
Recipe:
-Cut up 6 lbs of tomatoes and place them in 2 foil pans.
-Add 2 cut up large onions 4 garlic cloves.
-Cover with olive oil, a pack of ranch seasoning, and mix it up.
-Bake at 350F for 1 hour or until everything is roasted and soft.
-Transfer it all to a large soup pot, add a shot of worcestershire sauce and blend it to a liquid.
-Salt and pepper to taste, and simmer.
-Serve with grilled cheese.

#tomato #tomatosoup #cozyrecipes #soup #souprecipe",2025-11-12T22:15:20Z,23545,12,30.0,Hidden Valley Ranch,"Ranch Tomato Soup 🍅🥣 A warm bowl of Ranch Tomato Soup on a chilly day like this would heal me rn 🍅🍜
 
Recipe:
-Cut up 6 lbs of tomatoes and place them in 2 foil pans.
-Add 2 cut up large onions 4 garlic cloves.
-Cover with olive oil, a pack of ranch seasoning, and mix it up.
-Bake at 350F for 1 hour or until everything is roasted and soft.
-Transfer it all to a large soup pot, add a shot of worcestershire sauce and blend it to a liquid.
-Salt and pepper to taste, and simmer.
-Serve with grilled cheese.

#tomato #tomatosoup #cozyrecipes #soup #souprecipe",https://www.youtube.com/watch?v=BfXmhkjMfBs
R8xifZ2Dg9w,Tostitos®. Tradition Matters™,"Crafted with no artificial flavors, colors, or preservatives for the perfect crunch.",2025-09-10T14:53:13Z,57526004,28,7.0,Tostitos,"Tostitos®. Tradition Matters™ Crafted with no artificial flavors, colors, or preservatives for the perfect crunch.",https://www.youtube.com/watch?v=R8xifZ2Dg9w
OFAi7g1fzR8,Tostitos®. Tradition Matters™.,"Crafted with no artificial flavors, color, or preservatives for the perfect crunch.",2025-09-02T13:17:44Z,23904231,20,16.0,Tostitos,"Tostitos®. Tradition Matters™. Crafted with no artificial flavors, color, or preservatives for the perfect crunch.",https://www.youtube.com/watch?v=OFAi7g1fzR8
xuHhyUOrDbw,brb going on an adventure #tostitos #funny #showingplacesneverseen,,2024-05-09T19:23:14Z,4797,11,15.0,Tostitos,brb going on an adventure #tostitos #funny #showingplacesneverseen ,https://www.youtube.com/watch?v=xuHhyUOrDbw
yRiMMPPNE7o,How to Shop for Vegan Food 🌱,Ever wondered how to best search for vegan foods in the grocery store? Here's how to look for the official #vegan label or plant-based sticker!,2021-08-17T19:36:55Z,4631,16,32.0,Amys Kitchen,How to Shop for Vegan Food 🌱 Ever wondered how to best search for vegan foods in the grocery store? Here's how to look for the official #vegan label or plant-based sticker!,https://www.youtube.com/watch?v=yRiMMPPNE7o
miL1fOtQfnk,Ever wonder how Tofu is made?,"At Amy's Kitchen, we start from scratch with all our foods. Like all good home-cooks, we insist on cooking with only the best ingredients. If we can't find the perfect ingredient, then we make it ourselves. That's why we make our own tofu for all our dishes. It's a labor of love, but one we absolutely enjoy. You can taste our fresh, homemade tofu in over 50 Amy's Kitchen dishes, including Teriyaki Bowl, Vegetable Pot Pie, Indian Spinach Tofu Wrap, and Black Bean Vegetable Enchiladas.",2008-04-09T07:10:50Z,38201,11,79.0,Amys Kitchen,"Ever wonder how Tofu is made? At Amy's Kitchen, we start from scratch with all our foods. Like all good home-cooks, we insist on cooking with only the best ingredients. If we can't find the perfect ingredient, then we make it ourselves. That's why we make our own tofu for all our dishes. It's a labor of love, but one we absolutely enjoy. You can taste our fresh, homemade tofu in over 50 Amy's Kitchen dishes, including Teriyaki Bowl, Vegetable Pot Pie, Indian Spinach Tofu Wrap, and Black Bean Vegetable Enchiladas.",https://www.youtube.com/watch?v=miL1fOtQfnk
b9WAydQgdTc,Frank’s RedHot – Every Food Commercial :30 2019,"Frank’s RedHot is the Perfect Blend of Flavor & Heat. I Put That $#!t on Everything. Seriously, everything.

Visit Frank’s RedHot http://www.franksredhot.com",2019-11-19T01:00:12Z,24550,25,31.0,Franks RedHot,"Frank’s RedHot – Every Food Commercial :30 2019 Frank’s RedHot is the Perfect Blend of Flavor & Heat. I Put That $#!t on Everything. Seriously, everything.

Visit Frank’s RedHot http://www.franksredhot.com",https://www.youtube.com/watch?v=b9WAydQgdTc
uiuq2BKLhgo,Frank’s RedHot – Every Food Commercial :30,"Frank’s RedHot is the Perfect Blend of Flavor & Heat. I Put That $#!t on Everything. Seriously, everything.

Visit Frank’s RedHot http://www.franksredhot.com

Facebook: https://www.facebook.com/FranksRedHot/
Instagram: https://www.instagram.com/franksredhot/
Pinterest: https://www.pinterest.com/franksredhot1/
Twitter: https://twitter.com/FranksRedHot",2019-01-15T02:33:48Z,19652239,289,31.0,Franks RedHot,"Frank’s RedHot – Every Food Commercial :30 Frank’s RedHot is the Perfect Blend of Flavor & Heat. I Put That $#!t on Everything. Seriously, everything.

Visit Frank’s RedHot http://www.franksredhot.com

Facebook: https://www.facebook.com/FranksRedHot/
Instagram: https://www.instagram.com/franksredhot/
Pinterest: https://www.pinterest.com/franksredhot1/
Twitter: https://twitter.com/FranksRedHot",https://www.youtube.com/watch?v=uiuq2BKLhgo
RpfHLSrES_k,Frank’s RedHot – Every Food Commercial :15,"Frank’s RedHot is the Perfect Blend of Flavor & Heat. I Put That $#!t on Everything. Seriously, everything.

Visit Frank’s RedHot http://www.franksredhot.com

Facebook: https://www.facebook.com/FranksRedHot/
Instagram: https://www.instagram.com/franksredhot/
Pinterest: https://www.pinterest.com/franksredhot1/
Twitter: https://twitter.com/FranksRedHot",2019-01-15T02:33:42Z,17379391,132,16.0,Franks RedHot,"Frank’s RedHot – Every Food Commercial :15 Frank’s RedHot is the Perfect Blend of Flavor & Heat. I Put That $#!t on Everything. Seriously, everything.

Visit Frank’s RedHot http://www.franksredhot.com

Facebook: https://www.facebook.com/FranksRedHot/
Instagram: https://www.instagram.com/franksredhot/
Pinterest: https://www.pinterest.com/franksredhot1/
Twitter: https://twitter.com/FranksRedHot",https://www.youtube.com/watch?v=RpfHLSrES_k
4BR9j_IzAGc,How to Make a Spicy Bacon Cheeseburger - Frank's RedHot®,"Treat yourself to a juicy cheeseburger – one that’s made with Franks RedHot® Original Cayenne. Plus, bacon. (Always bacon.) Frank’s RedHot Bacon Cheeseburger Recipe: https://www.franksredhot.com/recipes/franks-redhot-bacon-cheeseburger

Subscribe to the Frank’s® YouTube channel now for more delicious videos: https://www.youtube.com/user/franksredhot

Ingredients for this grilled chicken sandwich include: http://www.franksredhot.com/products/buffalo-wings-sauce/

Mix mayonnaise and hot sauce in a bowl and refrigerate until use. Mix ground beef, 1/3 cup of the hot sauce and ketchup until well blended. Shape into 6 patties. Grill and baste burgers with remaining hot sauce during last few minutes of grilling. Top with cheese until melted. Top with crispy bacon, lettuce, tomato and mayo hot sauce.

Explore more Frank’s recipes here: http://www.franksredhot.com/recipes/
Facebook: https://www.facebook.com/FranksRedHot/
Instagram: https://www.instagram.com/franksredhot/
Pinterest: https://www.pinterest.com/franksredhot1/
Twitter: https://twitter.com/FranksRedHot",2018-06-28T15:05:33Z,14642,10,16.0,Franks RedHot,"How to Make a Spicy Bacon Cheeseburger - Frank's RedHot® Treat yourself to a juicy cheeseburger – one that’s made with Franks RedHot® Original Cayenne. Plus, bacon. (Always bacon.) Frank’s RedHot Bacon Cheeseburger Recipe: https://www.franksredhot.com/recipes/franks-redhot-bacon-cheeseburger

Subscribe to the Frank’s® YouTube channel now for more delicious videos: https://www.youtube.com/user/franksredhot

Ingredients for this grilled chicken sandwich include: http://www.franksredhot.com/products/buffalo-wings-sauce/

Mix mayonnaise and hot sauce in a bowl and refrigerate until use. Mix ground beef, 1/3 cup of the hot sauce and ketchup until well blended. Shape into 6 patties. Grill and baste burgers with remaining hot sauce during last few minutes of grilling. Top with cheese until melted. Top with crispy bacon, lettuce, tomato and mayo hot sauce.

Explore more Frank’s recipes here: http://www.franksredhot.com/recipes/
Facebook: https://www.facebook.com/FranksRedHot/
Instagram: https://www.instagram.com/franksredhot/
Pinterest: https://www.pinterest.com/franksredhot1/
Twitter: https://twitter.com/FranksRedHot",https://www.youtube.com/watch?v=4BR9j_IzAGc
0A5NnmkQ9p0,Making My Boss Read Brain Rot,,2025-11-30T19:38:40Z,30668,12,13.0,Vita Coco,Making My Boss Read Brain Rot ,https://www.youtube.com/watch?v=0A5NnmkQ9p0
qpd75eAG4MI,Pirating for parents,"Maybe you’ve read your share of parenting blogs. But, have you had parenting advice from a pirate? Watch now.",2021-05-27T18:14:49Z,2003342,10,16.0,Pirates Booty,"Pirating for parents Maybe you’ve read your share of parenting blogs. But, have you had parenting advice from a pirate? Watch now.",https://www.youtube.com/watch?v=qpd75eAG4MI
ZMTjOdJJbbM,BANG X AMP,"BEEN COOKING SOME CRAZY IDEAS, JUST NEEDED THE RIGHT PARTNER!!

BIG YEAR AHEAD @AMPEXCLUSIVE ⚡️

Follow AMP:
Instagram
instagram.com/ampexclusive
Twitter
twitter.com/ampexclusive
Facebook
facebook.com/AMPExclusiveFB
TikTok
tiktok.com/@ampexclusive6
Snapchat
story.snapchat.com/p/c11a01ad-f612-46fb-9850-3f0fa0930684",2024-06-07T22:24:14Z,54760,108,134.0,Bang Energy,"BANG X AMP BEEN COOKING SOME CRAZY IDEAS, JUST NEEDED THE RIGHT PARTNER!!

BIG YEAR AHEAD @AMPEXCLUSIVE ⚡️

Follow AMP:
Instagram
instagram.com/ampexclusive
Twitter
twitter.com/ampexclusive
Facebook
facebook.com/AMPExclusiveFB
TikTok
tiktok.com/@ampexclusive6
Snapchat
story.snapchat.com/p/c11a01ad-f612-46fb-9850-3f0fa0930684",https://www.youtube.com/watch?v=ZMTjOdJJbbM
-MNYndIWYPM,Yummy Sweet Cinnamon Pistachio Cookies!,"If the holidays had a signature cookie, this would be it. 🍪 Pumpkin, dark chocolate, and Wonderful Pistachios Sweet Cinnamon No Shells come together for one ridiculously good gluten-free treat! Full recipe below 👇​
​
Ingredients:​
- 1 ½ cups gluten free 1 to 1 flour​
- ⅔ cups coconut sugar​
- 1 tsp baking soda​
- 1 tsp cinnamon​
- Pinch of nutmeg​
- ½ cup coconut oil melted​
- ½ cup pumpkin puree​
- 1 tsp vanilla extract​
- 1 cup dark chocolate chips​
- ½ cup chopped pistachios, plus more for topping

Directions: ​
Preheat oven to 350 degrees and line a baking pan with parchment paper ​
Add flour, sugar, baking soda, cinnamon, and nutmeg to a large bowl or stand mixer. Stir to combine. ​
Add in all remaining ingredients except chocolate chips and chopped pistachios. Stir until a cookie dough consistency is reached. ​
Fold in dark chocolate chips and chopped pistachios. ​
Use cookie scoop or ice cream scoop to drop balls of dough onto lined baking pan. ​
Slightly flatten each cookie with your fingers or spatula. ​
Bake for 10-12 minutes or until middle of cookies are set. ​
Remove from oven. Allow cookies to set on pan for 10 minutes before moving to a wire rack to finish cooling.​",2025-12-04T20:12:00Z,115402,8,41.0,Wonderful Pistachios,"Yummy Sweet Cinnamon Pistachio Cookies! If the holidays had a signature cookie, this would be it. 🍪 Pumpkin, dark chocolate, and Wonderful Pistachios Sweet Cinnamon No Shells come together for one ridiculously good gluten-free treat! Full recipe below 👇​
​
Ingredients:​
- 1 ½ cups gluten free 1 to 1 flour​
- ⅔ cups coconut sugar​
- 1 tsp baking soda​
- 1 tsp cinnamon​
- Pinch of nutmeg​
- ½ cup coconut oil melted​
- ½ cup pumpkin puree​
- 1 tsp vanilla extract​
- 1 cup dark chocolate chips​
- ½ cup chopped pistachios, plus more for topping

Directions: ​
Preheat oven to 350 degrees and line a baking pan with parchment paper ​
Add flour, sugar, baking soda, cinnamon, and nutmeg to a large bowl or stand mixer. Stir to combine. ​
Add in all remaining ingredients except chocolate chips and chopped pistachios. Stir until a cookie dough consistency is reached. ​
Fold in dark chocolate chips and chopped pistachios. ​
Use cookie scoop or ice cream scoop to drop balls of dough onto lined baking pan. ​
Slightly flatten each cookie with your fingers or spatula. ​
Bake for 10-12 minutes or until middle of cookies are set. ​
Remove from oven. Allow cookies to set on pan for 10 minutes before moving to a wire rack to finish cooling.​",https://www.youtube.com/watch?v=-MNYndIWYPM
bCj6dv14N4I,Build a Snyder's Pretzel Cabin,"A delicious Snyder’s of Hanover Pretzel cabin isn’t just a gift for your loved ones, it’s a gift for gingerbread people everywhere. Every year, they’re forced to live in gingerbread houses - houses made of themselves. That’s no way to spend the holidays. But now you can build them a more tasteful home with tasty Snyder’s of Hanover pretzels. It’s not just sweet, salty, delicious, it’s the right thing to do.",2024-11-14T15:18:47Z,562466,34,31.0,Snyders of Hanover,"Build a Snyder's Pretzel Cabin A delicious Snyder’s of Hanover Pretzel cabin isn’t just a gift for your loved ones, it’s a gift for gingerbread people everywhere. Every year, they’re forced to live in gingerbread houses - houses made of themselves. That’s no way to spend the holidays. But now you can build them a more tasteful home with tasty Snyder’s of Hanover pretzels. It’s not just sweet, salty, delicious, it’s the right thing to do.",https://www.youtube.com/watch?v=bCj6dv14N4I
7xnlQRUEQdc,Talenti Raise the Jar - Core :15,"Subscribe to Talenti’s YouTube Channel: 
https://www.youtube.com/user/TalentiGelato?sub_confirmation=1

Follow Us On Social:
Instagram: https://www.instagram.com/talenti​
Facebook: https://www.facebook.com/love.talenti​
Twitter: https://www.twitter.com/TalentiGelato​
Pinterest: https://www.pinterest.com/talentigelato

#Talenti​, #Talenti​Gelato​, #Commercial",2021-04-06T20:43:19Z,1703169,17,15.0,Talenti Gelato,"Talenti Raise the Jar - Core :15 Subscribe to Talenti’s YouTube Channel: 
https://www.youtube.com/user/TalentiGelato?sub_confirmation=1

Follow Us On Social:
Instagram: https://www.instagram.com/talenti​
Facebook: https://www.facebook.com/love.talenti​
Twitter: https://www.twitter.com/TalentiGelato​
Pinterest: https://www.pinterest.com/talentigelato

#Talenti​, #Talenti​Gelato​, #Commercial",https://www.youtube.com/watch?v=7xnlQRUEQdc
H0l13Tx01pw,Talenti® Gelato Layers | Raise the Jar,"Once you've had Talenti® Gelato Layers, your taste buds will never be the same. Find your flavor and savor every layer: https://www.talentigelato.com/product-category/gelato-layers",2020-10-22T18:38:50Z,5703,11,16.0,Talenti Gelato,"Talenti® Gelato Layers | Raise the Jar Once you've had Talenti® Gelato Layers, your taste buds will never be the same. Find your flavor and savor every layer: https://www.talentigelato.com/product-category/gelato-layers",https://www.youtube.com/watch?v=H0l13Tx01pw
OmjSa7uudt8,Talenti Gelato: How it’s made,"Discover the unique recipe and process that makes Talenti gelato different from other ice creams. Starting with fresh milk and cream, our slow cooked, batched process distills maximum flavor from real ingredients, like real mint leaves and cinnamon sticks. Find and try all of our flavors for yourself, using our product locator: https://www.talentigelato.com/findtalenti. And don’t forget to leave a review!  

Follow us on social media for more!
Instagram: https://www.instagram.com/talenti/
Twitter: https://twitter.com/TalentiGelato 
Facebook: https://www.facebook.com/love.talenti",2018-08-28T19:28:53Z,74896,187,124.0,Talenti Gelato,"Talenti Gelato: How it’s made Discover the unique recipe and process that makes Talenti gelato different from other ice creams. Starting with fresh milk and cream, our slow cooked, batched process distills maximum flavor from real ingredients, like real mint leaves and cinnamon sticks. Find and try all of our flavors for yourself, using our product locator: https://www.talentigelato.com/findtalenti. And don’t forget to leave a review!  

Follow us on social media for more!
Instagram: https://www.instagram.com/talenti/
Twitter: https://twitter.com/TalentiGelato 
Facebook: https://www.facebook.com/love.talenti",https://www.youtube.com/watch?v=OmjSa7uudt8
0GaWpTpX82M,"Your Daily Dilemma, Answered | Freshly Commercial",We can’t answer all of life’s questions—but “What’s for Lunch or Dinner?”—that’s as easy as Freshly! Discover our full menu: https://getfresh.ly/meals,2022-06-06T12:51:19Z,5660,8,31.0,Freshly,"Your Daily Dilemma, Answered | Freshly Commercial We can’t answer all of life’s questions—but “What’s for Lunch or Dinner?”—that’s as easy as Freshly! Discover our full menu: https://getfresh.ly/meals",https://www.youtube.com/watch?v=0GaWpTpX82M
fi7Z1K49Xis,Freshly TV Commercial,,2020-12-15T19:57:09Z,5419,8,31.0,Freshly,Freshly TV Commercial ,https://www.youtube.com/watch?v=fi7Z1K49Xis
_XT1PbPG2qM,Freshly Weekly Subscription Meal Service - 3-Minute Meals,"Freshly is a weekly subscription meal service that delivers fresh (never frozen) prepared meals, developed by our team of chefs and nutritionists. They’re fully cooked so all you have to do is heat ‘em up—each meal is ready to eat in only 3 minutes. So no more worrying about what’s for dinner (or lunch or breakfast). No shopping, no chopping, no cleanup. But also no artificial ingredients, preservatives or added sugars.

We started Freshly because we believe eating fresh, nutritious dishes every day should be easy for everyone. So we do all the hard work for you—sourcing high-quality ingredients, making sure each meal you eat is nutrient dense and packed with the good stuff, and expertly cooking your food to order so it tastes fresh and delicious.

Check out Freshly today: http://bit.ly/2yF4C7V.",2016-02-17T15:38:39Z,79187,15,67.0,Freshly,"Freshly Weekly Subscription Meal Service - 3-Minute Meals Freshly is a weekly subscription meal service that delivers fresh (never frozen) prepared meals, developed by our team of chefs and nutritionists. They’re fully cooked so all you have to do is heat ‘em up—each meal is ready to eat in only 3 minutes. So no more worrying about what’s for dinner (or lunch or breakfast). No shopping, no chopping, no cleanup. But also no artificial ingredients, preservatives or added sugars.

We started Freshly because we believe eating fresh, nutritious dishes every day should be easy for everyone. So we do all the hard work for you—sourcing high-quality ingredients, making sure each meal you eat is nutrient dense and packed with the good stuff, and expertly cooking your food to order so it tastes fresh and delicious.

Check out Freshly today: http://bit.ly/2yF4C7V.",https://www.youtube.com/watch?v=_XT1PbPG2qM
7CxtviBfc-c,Dr.Idz explains protein powders and heavy metals,"----------------------------------------------
FOLLOW HUEL👇
Instagram - https://www.instagram.com/huel/​
TikTok - https://www.tiktok.com/@huel?lang=en​
Facebook - https://www.facebook.com/Huel/​
Twitter - https://twitter.com/huel

----------------------------------------------
#huel #smoothies #recipes #cooking

----------------------------------------------
WHAT IS HUEL?
Huel (Human + Fuel) is nutritionally complete food. This means every Huel meal is made from plant-based sustainable ingredients and contains a balance of all 26 essential vitamins and minerals, protein, essential fats, carbs, fibre and phytonutrients in a single product.",2025-10-17T22:08:45Z,5036,12,156.0,Huel,"Dr.Idz explains protein powders and heavy metals ----------------------------------------------
FOLLOW HUEL👇
Instagram - https://www.instagram.com/huel/​
TikTok - https://www.tiktok.com/@huel?lang=en​
Facebook - https://www.facebook.com/Huel/​
Twitter - https://twitter.com/huel

----------------------------------------------
#huel #smoothies #recipes #cooking

----------------------------------------------
WHAT IS HUEL?
Huel (Human + Fuel) is nutritionally complete food. This means every Huel meal is made from plant-based sustainable ingredients and contains a balance of all 26 essential vitamins and minerals, protein, essential fats, carbs, fibre and phytonutrients in a single product.",https://www.youtube.com/watch?v=7CxtviBfc-c
9voGjLvnLdw,"10 Years of Huel | Built Together, Made for You","It all started with one pouch and one purpose: to make nutrition easy and help people live better.
What followed was a decade shaped by your ideas, your feedback, and your belief in something new.
This is more than a look back, it’s a thank you to every single person who helped us build Huel.
Here’s to what we’ve made together and to what is still to come. 

----------------------------------------------
FOLLOW HUEL👇
Instagram - https://www.instagram.com/huel/​
TikTok - https://www.tiktok.com/@huel?lang=en​
Facebook - https://www.facebook.com/Huel/​
Twitter - https://twitter.com/huel

----------------------------------------------
#huel #smoothies #recipes #cooking

----------------------------------------------
WHAT IS HUEL?
Huel (Human + Fuel) is nutritionally complete food. This means every Huel meal is made from plant-based sustainable ingredients and contains a balance of all 26 essential vitamins and minerals, protein, essential fats, carbs, fibre and phytonutrients in a single product.",2025-07-14T10:00:20Z,1515,11,107.0,Huel,"10 Years of Huel | Built Together, Made for You It all started with one pouch and one purpose: to make nutrition easy and help people live better.
What followed was a decade shaped by your ideas, your feedback, and your belief in something new.
This is more than a look back, it’s a thank you to every single person who helped us build Huel.
Here’s to what we’ve made together and to what is still to come. 

----------------------------------------------
FOLLOW HUEL👇
Instagram - https://www.instagram.com/huel/​
TikTok - https://www.tiktok.com/@huel?lang=en​
Facebook - https://www.facebook.com/Huel/​
Twitter - https://twitter.com/huel

----------------------------------------------
#huel #smoothies #recipes #cooking

----------------------------------------------
WHAT IS HUEL?
Huel (Human + Fuel) is nutritionally complete food. This means every Huel meal is made from plant-based sustainable ingredients and contains a balance of all 26 essential vitamins and minerals, protein, essential fats, carbs, fibre and phytonutrients in a single product.",https://www.youtube.com/watch?v=9voGjLvnLdw
iUtzR6l-4LQ,Think you know how to make the perfect Huel Black Edition shake? 🖤 It’s simpler than you think!,"Just 500ml water, 2 scoops, ice, and shake.
Want it smoother? Blend it.
Feeling creative? Add your favourite extras. 🫐🍓
High protein, 26 vitamins & minerals, zero fuss. 💪
----------------------------------------------
FOLLOW HUEL👇
Instagram - https://www.instagram.com/huel/​
TikTok - https://www.tiktok.com/@huel?lang=en​
Facebook - https://www.facebook.com/Huel/​
Twitter - https://twitter.com/huel

----------------------------------------------
#huel #smoothies #recipes #cooking

----------------------------------------------
WHAT IS HUEL?
Huel (Human + Fuel) is nutritionally complete food. This means every Huel meal is made from plant-based sustainable ingredients and contains a balance of all 26 essential vitamins and minerals, protein, essential fats, carbs, fibre and phytonutrients in a single product.",2025-03-31T13:21:27Z,24590,15,25.0,Huel,"Think you know how to make the perfect Huel Black Edition shake? 🖤 It’s simpler than you think! Just 500ml water, 2 scoops, ice, and shake.
Want it smoother? Blend it.
Feeling creative? Add your favourite extras. 🫐🍓
High protein, 26 vitamins & minerals, zero fuss. 💪
----------------------------------------------
FOLLOW HUEL👇
Instagram - https://www.instagram.com/huel/​
TikTok - https://www.tiktok.com/@huel?lang=en​
Facebook - https://www.facebook.com/Huel/​
Twitter - https://twitter.com/huel

----------------------------------------------
#huel #smoothies #recipes #cooking

----------------------------------------------
WHAT IS HUEL?
Huel (Human + Fuel) is nutritionally complete food. This means every Huel meal is made from plant-based sustainable ingredients and contains a balance of all 26 essential vitamins and minerals, protein, essential fats, carbs, fibre and phytonutrients in a single product.",https://www.youtube.com/watch?v=iUtzR6l-4LQ
Pb-dN1ZetJM,Sheet Pan Flapjacks,"Mornings are wild. But breakfast? Easy.

This sheet pan flapjack recipe is protein-packed, seriously delicious, and made real quick. Grab your family’s favorite toppings & throw them on the pan (literally). Exactly how breakfast should be.

Directions:
1. Preheat oven to 350°F and line a baking sheet with parchment paper; set aside.
2. In a large bowl, mix Kodiak Power Cakes mix, eggs, vanilla, and milk until well combined.
3. Pour the batter onto the prepared baking sheet and top with mixed berries.
4. Bake for 10-15 minutes, or until set and lightly golden.
5. Let cool slightly, then slice into 12 slices and serve with maple syrup.

#breakfastrecipe #breakfastinspo #pancakes #mealprep #breakfastmealprep #sheetpanmeals",2026-01-13T17:28:57Z,42709,9,18.0,Kodiak Cakes,"Sheet Pan Flapjacks Mornings are wild. But breakfast? Easy.

This sheet pan flapjack recipe is protein-packed, seriously delicious, and made real quick. Grab your family’s favorite toppings & throw them on the pan (literally). Exactly how breakfast should be.

Directions:
1. Preheat oven to 350°F and line a baking sheet with parchment paper; set aside.
2. In a large bowl, mix Kodiak Power Cakes mix, eggs, vanilla, and milk until well combined.
3. Pour the batter onto the prepared baking sheet and top with mixed berries.
4. Bake for 10-15 minutes, or until set and lightly golden.
5. Let cool slightly, then slice into 12 slices and serve with maple syrup.

#breakfastrecipe #breakfastinspo #pancakes #mealprep #breakfastmealprep #sheetpanmeals",https://www.youtube.com/watch?v=Pb-dN1ZetJM
_u9tzhH6nEs,Have you had inside-out doner kebabs yet?! 🤯,"Viral Doner kebabs except the meat IS the wrap
1 lb ground beef
3 large eggs
1 tsp baking powder
1 Tbsp onion powder
1 Tbsp garlic powder
2 tsp ground cumin
2 tsp ground coriander
2 tsp smoked paprika
1½ tsp salt
1 tsp dried oregano
½ tsp ground black pepper
2 Tbsp Primal Kitchen Tzatziki Style Dressing
1-2 Tbsp Primal Kitchen Avocado Oil

Wrap:
Iceberg lettuce
Cherry tomatoes
Cucumber
Red Onion
Feta
Primal Kitchen Tzatziki Style Dressing


1. Preheat the oven to 375℉.
2. Add the meat, eggs, baking powder, and all the spices to a food processor. Pulse until completely incorporated. Divide into six equal portions and roll into balls.
3. Place a sheet of parchment paper on a flat surface and drizzle lightly with avocado oil. Place two meat balls on the oiled paper about 6 inches apart and flatten into circles.
4. Lightly oil the tops and place a second sheet of parchment paper on top. Roll or press the meat until both discs are approximately ¼ inch thick. Remove the top sheet of paper and roll the bottom sheet with the meat still inside. Repeat for the remaining four meat balls.
5. Place all three parchment rolls on a lined baking sheet in place in the oven. Bake for 25 minutes.
6. Remove from the oven and let sit for a few minutes to cool slightly. Carefully unwrap the meat.
7. Load up each with lettuce, tomatoes, cucumber, and onion. Top with feta, then drizzle with tzatziki dressing. Fold up the sides of the meat like flatbread or a tortilla. Serve with more tzatziki dressing for dipping. Enjoy!",2026-02-21T21:01:56Z,23767,9,29.0,Primal Kitchen,"Have you had inside-out doner kebabs yet?! 🤯 Viral Doner kebabs except the meat IS the wrap
1 lb ground beef
3 large eggs
1 tsp baking powder
1 Tbsp onion powder
1 Tbsp garlic powder
2 tsp ground cumin
2 tsp ground coriander
2 tsp smoked paprika
1½ tsp salt
1 tsp dried oregano
½ tsp ground black pepper
2 Tbsp Primal Kitchen Tzatziki Style Dressing
1-2 Tbsp Primal Kitchen Avocado Oil

Wrap:
Iceberg lettuce
Cherry tomatoes
Cucumber
Red Onion
Feta
Primal Kitchen Tzatziki Style Dressing


1. Preheat the oven to 375℉.
2. Add the meat, eggs, baking powder, and all the spices to a food processor. Pulse until completely incorporated. Divide into six equal portions and roll into balls.
3. Place a sheet of parchment paper on a flat surface and drizzle lightly with avocado oil. Place two meat balls on the oiled paper about 6 inches apart and flatten into circles.
4. Lightly oil the tops and place a second sheet of parchment paper on top. Roll or press the meat until both discs are approximately ¼ inch thick. Remove the top sheet of paper and roll the bottom sheet with the meat still inside. Repeat for the remaining four meat balls.
5. Place all three parchment rolls on a lined baking sheet in place in the oven. Bake for 25 minutes.
6. Remove from the oven and let sit for a few minutes to cool slightly. Carefully unwrap the meat.
7. Load up each with lettuce, tomatoes, cucumber, and onion. Top with feta, then drizzle with tzatziki dressing. Fold up the sides of the meat like flatbread or a tortilla. Serve with more tzatziki dressing for dipping. Enjoy!",https://www.youtube.com/watch?v=_u9tzhH6nEs
RHILDlBRdOM,Hot Nuts Holiday,If Takis Hot Nuts had their own Christmas movie,2025-12-18T19:00:36Z,22502,255,16.0,Takis,Hot Nuts Holiday If Takis Hot Nuts had their own Christmas movie,https://www.youtube.com/watch?v=RHILDlBRdOM
zFjux2T9c0Q,Wicked Holiday,The year’s almost over so we can officially say our Wicked Flavors were our favorite part of 2025 🔥,2025-12-10T16:00:19Z,36488,201,12.0,Takis,Wicked Holiday The year’s almost over so we can officially say our Wicked Flavors were our favorite part of 2025 🔥,https://www.youtube.com/watch?v=zFjux2T9c0Q
aOMxUiSzI7I,Takis Addiction,"Can we make this a trend please? 🥹

🎥: @itzz.larissa.zz on TT
#Takis #Takisholic #TakisFuego #TakisBlueHeat",2025-11-17T18:00:23Z,4487912,3727,8.0,Takis,"Takis Addiction Can we make this a trend please? 🥹

🎥: @itzz.larissa.zz on TT
#Takis #Takisholic #TakisFuego #TakisBlueHeat",https://www.youtube.com/watch?v=aOMxUiSzI7I
FFM4o0nzl64,You Look Chile Limoner,This one goes out to everyone who 💜💛 Takis but can't handle extreme heat. We made Chile Limón just for u babes (it’s just like Takis Fuego but it's only mildly spicy ❤️‍🔥) #YouLookHappier #YouLookHappierTrend #Takis #NewTakis #ChileLimon #TakisChileLimon,2025-08-06T18:36:23Z,30121,102,8.0,Takis,You Look Chile Limoner This one goes out to everyone who 💜💛 Takis but can't handle extreme heat. We made Chile Limón just for u babes (it’s just like Takis Fuego but it's only mildly spicy ❤️‍🔥) #YouLookHappier #YouLookHappierTrend #Takis #NewTakis #ChileLimon #TakisChileLimon,https://www.youtube.com/watch?v=FFM4o0nzl64
Diz_gjQ0nbY,Gonna go ahead and plug the fact that Takis Chile Limón is perfect if you can’t handle the heat,"Gonna go ahead and plug the fact that Takis Chile Limón is perfect if you can’t handle the heat

#PermissionTrend #Permission #TakisChileLimon #Takis #NewTakis",2025-07-18T18:25:59Z,493990,531,8.0,Takis,"Gonna go ahead and plug the fact that Takis Chile Limón is perfect if you can’t handle the heat Gonna go ahead and plug the fact that Takis Chile Limón is perfect if you can’t handle the heat

#PermissionTrend #Permission #TakisChileLimon #Takis #NewTakis",https://www.youtube.com/watch?v=Diz_gjQ0nbY
4kQt-tc8ArI,Snack Hack,"Me: “I’m only eating salad the rest of the summer.”
The salad:  

#Takis #TakisRecipes #SnackIdeas #SnackHack #SummerSalad",2025-07-15T19:00:24Z,10878,17,15.0,Takis,"Snack Hack Me: “I’m only eating salad the rest of the summer.”
The salad:  

#Takis #TakisRecipes #SnackIdeas #SnackHack #SummerSalad",https://www.youtube.com/watch?v=4kQt-tc8ArI
aXTPxuzNfxc,Soylent: Busy Days Have Met Their Match,"Clear some time on your calendar with ready-to-drink Soylent — 20g of protein, 20% of your recommended daily micronutrients, no follow-up emails. Check out our latest flavor, Soylent Strawberry — available now!

Visit the Soylent WEBSITE: http://soylent.com
Like Soylent on FACEBOOK: http://facebook.com/soylent
Follow @Soylent on TWITTER: http://twitter.com/soylent
Follow @Soylent on INSTAGRAM: http://instagram.com/soylent",2018-07-03T04:32:31Z,560846,19,31.0,Soylent,"Soylent: Busy Days Have Met Their Match Clear some time on your calendar with ready-to-drink Soylent — 20g of protein, 20% of your recommended daily micronutrients, no follow-up emails. Check out our latest flavor, Soylent Strawberry — available now!

Visit the Soylent WEBSITE: http://soylent.com
Like Soylent on FACEBOOK: http://facebook.com/soylent
Follow @Soylent on TWITTER: http://twitter.com/soylent
Follow @Soylent on INSTAGRAM: http://instagram.com/soylent",https://www.youtube.com/watch?v=aXTPxuzNfxc
cbImGkuNacM,Soylent: Play for Days. Never Die.,"Fuel up with 20g of protein and 20% of your recommended daily micronutrients per serving. Convenient, ready-to-drink nutrition so you can play for days and never die.

Visit the Soylent WEBSITE: http://soylent.com
Like Soylent on FACEBOOK: http://facebook.com/soylent
Follow @Soylent on TWITTER: http://twitter.com/soylent
Follow @Soylent on INSTAGRAM: http://instagram.com/soylent",2018-07-03T04:32:11Z,565790,58,31.0,Soylent,"Soylent: Play for Days. Never Die. Fuel up with 20g of protein and 20% of your recommended daily micronutrients per serving. Convenient, ready-to-drink nutrition so you can play for days and never die.

Visit the Soylent WEBSITE: http://soylent.com
Like Soylent on FACEBOOK: http://facebook.com/soylent
Follow @Soylent on TWITTER: http://twitter.com/soylent
Follow @Soylent on INSTAGRAM: http://instagram.com/soylent",https://www.youtube.com/watch?v=cbImGkuNacM
aDCwsUP2MeE,SOYLENT: AVOCADO TOAST IS GREAT!,Avocado Toast is great if you've already bought literally every other thing you would ever want and still have money left over.,2017-07-25T20:15:25Z,9672,9,28.0,Soylent,SOYLENT: AVOCADO TOAST IS GREAT! Avocado Toast is great if you've already bought literally every other thing you would ever want and still have money left over.,https://www.youtube.com/watch?v=aDCwsUP2MeE
THx1ySJ9FKw,SOYLENT: MUFFINS ARE GREAT!,"Packaged muffins can be great, if you like wet bread. Maybe it's time to re-examine our breakfast choices.​",2017-06-27T18:23:19Z,19256,46,29.0,Soylent,"SOYLENT: MUFFINS ARE GREAT! Packaged muffins can be great, if you like wet bread. Maybe it's time to re-examine our breakfast choices.​",https://www.youtube.com/watch?v=THx1ySJ9FKw
0hNcyi3TwIA,SOYLENT: DONUTS ARE GREAT!,The emptiness of the donut hole may be the best metaphor we have for bad breakfast decisions.,2017-06-27T18:17:01Z,750755,76,14.0,Soylent,SOYLENT: DONUTS ARE GREAT! The emptiness of the donut hole may be the best metaphor we have for bad breakfast decisions.,https://www.youtube.com/watch?v=0hNcyi3TwIA
Z_vEINSydfw,"Sorry mom, had to do it for the beef 🤷‍♂️",,2025-12-10T17:16:54Z,27549,9,56.0,Jack Links,"Sorry mom, had to do it for the beef 🤷‍♂️ ",https://www.youtube.com/watch?v=Z_vEINSydfw
6oisaqweDyU,Real Fruit & Whole Grain Baked with a Smile | Nature's Bakery,"Baked with a Smile™ is a commitment from our bakers to you. It’s a promise that the snacks we make taste good and are good for you. We bake ‘em with a smile and then pass that smile right to you and your family, wherever your snacking may take you.

Our satisfyingly sweet, soft-baked snacks are a nutritious & delicious win-win with whole grains and real, fruit-filled goodness. Our Whole Wheat Fig Bars are always an excellent choice for families on-the-go in search of a wholesome win-win: convenience and nutrition, all in one. Try our new Baked-Ins, organic soft-baked snacks made with wholesome whole grains, real fruits and veggies (that you won’t even taste!) in every delicious bite. Start your morning right with our Oatmeal Crumble Bars with real fruit jam and delicious whole grains.

Shop Nature’s Bakery Snacks: https://www.naturesbakery.com/shop-snacks 
.
Connect with Nature’s Bakery: 
Like us on Facebook: https://www.facebook.com/naturesbakery 
Follow us on Instagram: https://www.instagram.com/naturesbakery/ 
Follow us on Twitter: https://twitter.com/naturesbakery 
Check out our Pinterest: https://www.pinterest.com/naturesbakery/ 

#NaturesBakery #FigBar #BakedWithASmile",2019-06-11T22:31:03Z,2092909,28,30.0,Natures Bakery,"Real Fruit & Whole Grain Baked with a Smile | Nature's Bakery Baked with a Smile™ is a commitment from our bakers to you. It’s a promise that the snacks we make taste good and are good for you. We bake ‘em with a smile and then pass that smile right to you and your family, wherever your snacking may take you.

Our satisfyingly sweet, soft-baked snacks are a nutritious & delicious win-win with whole grains and real, fruit-filled goodness. Our Whole Wheat Fig Bars are always an excellent choice for families on-the-go in search of a wholesome win-win: convenience and nutrition, all in one. Try our new Baked-Ins, organic soft-baked snacks made with wholesome whole grains, real fruits and veggies (that you won’t even taste!) in every delicious bite. Start your morning right with our Oatmeal Crumble Bars with real fruit jam and delicious whole grains.

Shop Nature’s Bakery Snacks: https://www.naturesbakery.com/shop-snacks 
.
Connect with Nature’s Bakery: 
Like us on Facebook: https://www.facebook.com/naturesbakery 
Follow us on Instagram: https://www.instagram.com/naturesbakery/ 
Follow us on Twitter: https://twitter.com/naturesbakery 
Check out our Pinterest: https://www.pinterest.com/naturesbakery/ 

#NaturesBakery #FigBar #BakedWithASmile",https://www.youtube.com/watch?v=6oisaqweDyU
uBckwd10BLw,Magnum Almond | Lebe Deinen Genuss,"MAGNUM Almond | Jetzt entdecken
Nichts knackt so wie Magnum. Knackige Schokolade mit gerösteten Mandelstückchen umhüllt cremiges Vanilleeis

#LebeDeinenGenuss 

Find more to MAGNUM:
https://www.magnumicecream.com/at/stories/kampagnen/nichts-knackt-wie-magnum.html
Entdecke Magnum auf Social Media
Instagram: http://www.instagram.com/magnum
Facebook: https://www.facebook.com/MagnumAustria/",2025-03-04T16:47:28Z,15504,11,16.0,Magnum Ice Cream,"Magnum Almond | Lebe Deinen Genuss MAGNUM Almond | Jetzt entdecken
Nichts knackt so wie Magnum. Knackige Schokolade mit gerösteten Mandelstückchen umhüllt cremiges Vanilleeis

#LebeDeinenGenuss 

Find more to MAGNUM:
https://www.magnumicecream.com/at/stories/kampagnen/nichts-knackt-wie-magnum.html
Entdecke Magnum auf Social Media
Instagram: http://www.instagram.com/magnum
Facebook: https://www.facebook.com/MagnumAustria/",https://www.youtube.com/watch?v=uBckwd10BLw
R3aP6yFphZk,Canal Parade Pride Amsterdam 2024 | Magnum Ice Cream,"Come with us to surprise people with Magnum Ice Cream during the iconic Pride Amsterdam Canal Parade 💖

#MagnumIceCream #WhereverPleasureTakesYou #Pride #amsterdam",2024-08-23T16:30:09Z,2763,15,42.0,Magnum Ice Cream,"Canal Parade Pride Amsterdam 2024 | Magnum Ice Cream Come with us to surprise people with Magnum Ice Cream during the iconic Pride Amsterdam Canal Parade 💖

#MagnumIceCream #WhereverPleasureTakesYou #Pride #amsterdam",https://www.youtube.com/watch?v=R3aP6yFphZk
g4ogVDjEBUU,Green Giant Dino Veggie Tots Commercial,"New Green Giant ® Dino Veggie Tots Broccoli & Cheese are dippable, dunkable, quick and easy veggies that will have your family asking for seconds. With a kid-friendly taste, our Dino Veggie Tots are great as a side dish or for snacking.  Pick up a bag today in the frozen aisle and watch your family transform into full-blown veggie lovers!",2023-09-20T19:33:24Z,15047,14,16.0,Green Giant,"Green Giant Dino Veggie Tots Commercial New Green Giant ® Dino Veggie Tots Broccoli & Cheese are dippable, dunkable, quick and easy veggies that will have your family asking for seconds. With a kid-friendly taste, our Dino Veggie Tots are great as a side dish or for snacking.  Pick up a bag today in the frozen aisle and watch your family transform into full-blown veggie lovers!",https://www.youtube.com/watch?v=g4ogVDjEBUU
BkqDy_I7DRA,Traditional Green Bean Casserole,"https://www.greengiant.com/our-recipes/
Traditional Green Bean Casserole",2018-11-19T18:32:45Z,31448,10,40.0,Green Giant,"Traditional Green Bean Casserole https://www.greengiant.com/our-recipes/
Traditional Green Bean Casserole",https://www.youtube.com/watch?v=BkqDy_I7DRA
0crVXXB_dYc,How To: Roll Pizza Dough,"Throw a pizza party with homemade pizza. This video tutorial will show you how to roll and shape pizza dough by hand and transfer it to a sheet pan. 

Sign up for Blue Apron Here: https://cook.ba/3FsA9ZB",2016-06-01T17:23:08Z,29752,8,49.0,Blue Apron,"How To: Roll Pizza Dough Throw a pizza party with homemade pizza. This video tutorial will show you how to roll and shape pizza dough by hand and transfer it to a sheet pan. 

Sign up for Blue Apron Here: https://cook.ba/3FsA9ZB",https://www.youtube.com/watch?v=0crVXXB_dYc
RDtLH6HlKWA,FRIES! The Movie | Official Trailer,"FRIES! The Movie is a lively exploration of what makes fries so ubiquitous and beloved the world over. The documentary travels the globe uncovering local flavors and untold stories from well-known chefs, celebrities, food scientists, and farmers, along with an eclectic mix of fry aficionados from all walks of life.",2021-08-02T15:21:17Z,11336,12,31.0,Sir Kensingtons,"FRIES! The Movie | Official Trailer FRIES! The Movie is a lively exploration of what makes fries so ubiquitous and beloved the world over. The documentary travels the globe uncovering local flavors and untold stories from well-known chefs, celebrities, food scientists, and farmers, along with an eclectic mix of fry aficionados from all walks of life.",https://www.youtube.com/watch?v=RDtLH6HlKWA
0q6MKz8Fqdg,Abandon All Bland | Sir Kensington’s,"Condiments were bland products made with bland practices by bland companies. This inspired us to create the tastiest, award-winning condiments and dressings possible, using the finest Non-GMO ingredients and ethical practices, such Certified Humane Free Range eggs. Today, you can find us in hundreds of top restaurants, thousands of retailers, and millions of meal-kits. And we’ve only just begun. Sir Kensington’s. Abandon All Bland.

https://www.sirkensingtons.com/abandon-all-bland",2019-05-13T12:33:42Z,3254242,9,63.0,Sir Kensingtons,"Abandon All Bland | Sir Kensington’s Condiments were bland products made with bland practices by bland companies. This inspired us to create the tastiest, award-winning condiments and dressings possible, using the finest Non-GMO ingredients and ethical practices, such Certified Humane Free Range eggs. Today, you can find us in hundreds of top restaurants, thousands of retailers, and millions of meal-kits. And we’ve only just begun. Sir Kensington’s. Abandon All Bland.

https://www.sirkensingtons.com/abandon-all-bland",https://www.youtube.com/watch?v=0q6MKz8Fqdg
jfOjHGlvWYM,"Cinnamon Square, Galaxy Brownie Cookie, & More! | Crumbl","A menu this good? You must be berry lucky. 🍀🍓 Mar 2–7 ↓

🖤 WEEKLY ROTATING MENU 🖤
🍓 STRAWBERRY BISCOFF® COOKIE (NEW)
A Biscoff®-packed cookie from the melty center to the crunchy topping, finished with strawberry cream cheese frosting blended with house-made jam and a fresh strawberry slice.

🟫 CINNAMON SQUARE
A moist, fluffy cinnamon square marbled with brown sugar cinnamon butter and smothered with a light vanilla cream cheese frosting.

🌊 SEA SALT TOFFEE COOKIE
A warm and delicious infusion of toffee and milk chocolate chips, topped with a dash of flakey sea salt.

🪐 GALAXY BROWNIE COOKIE
A brownie cookie smothered in a warm fudge glaze and sprinkled with rainbow candy bits.

🩷 CLASSICS MENU 🩷
🍭 PINK SUGAR COOKIE
Our classic almond sugar cookie topped with a silky pink swoop of real almond frosting.

🖤 COOKIES & CREAM COOKIE
A warm chocolate cookie mixed with cookies & cream pieces, topped with smooth vanilla cream cheese frosting, and sprinkled with more cookies & cream pieces.

🍫 BROWNIE BATTER COOKIE
A gooey chocolate cookie packed with semi-sweet chocolate chips and topped with delectable brownie batter.

✨ SNICKERDOODLE COOKIE
A classic vanilla sugar cookie rolled in a sparkly cinnamon sugar coating.

🎉 CELEBRATION CAKE COOKIE
A fluffy cake batter cookie with cake batter cream cheese frosting and a splash of rainbow sprinkles.

🍪 SEMI-SWEET CHOCOLATE CHUNK COOKIE
Our classic cookie filled with irresistible semi-sweet chocolate chunks and a sprinkle of flaky sea salt.

COOKIE THINS:
🤍 COOKIES & CREAM COOKIE THINS (NEW)
Thin, chewy chocolate cookies baked with cookies & cream pieces, complete with crispy edges.",2026-03-02T01:00:50Z,224775,80,35.0,Crumbl,"Cinnamon Square, Galaxy Brownie Cookie, & More! | Crumbl A menu this good? You must be berry lucky. 🍀🍓 Mar 2–7 ↓

🖤 WEEKLY ROTATING MENU 🖤
🍓 STRAWBERRY BISCOFF® COOKIE (NEW)
A Biscoff®-packed cookie from the melty center to the crunchy topping, finished with strawberry cream cheese frosting blended with house-made jam and a fresh strawberry slice.

🟫 CINNAMON SQUARE
A moist, fluffy cinnamon square marbled with brown sugar cinnamon butter and smothered with a light vanilla cream cheese frosting.

🌊 SEA SALT TOFFEE COOKIE
A warm and delicious infusion of toffee and milk chocolate chips, topped with a dash of flakey sea salt.

🪐 GALAXY BROWNIE COOKIE
A brownie cookie smothered in a warm fudge glaze and sprinkled with rainbow candy bits.

🩷 CLASSICS MENU 🩷
🍭 PINK SUGAR COOKIE
Our classic almond sugar cookie topped with a silky pink swoop of real almond frosting.

🖤 COOKIES & CREAM COOKIE
A warm chocolate cookie mixed with cookies & cream pieces, topped with smooth vanilla cream cheese frosting, and sprinkled with more cookies & cream pieces.

🍫 BROWNIE BATTER COOKIE
A gooey chocolate cookie packed with semi-sweet chocolate chips and topped with delectable brownie batter.

✨ SNICKERDOODLE COOKIE
A classic vanilla sugar cookie rolled in a sparkly cinnamon sugar coating.

🎉 CELEBRATION CAKE COOKIE
A fluffy cake batter cookie with cake batter cream cheese frosting and a splash of rainbow sprinkles.

🍪 SEMI-SWEET CHOCOLATE CHUNK COOKIE
Our classic cookie filled with irresistible semi-sweet chocolate chunks and a sprinkle of flaky sea salt.

COOKIE THINS:
🤍 COOKIES & CREAM COOKIE THINS (NEW)
Thin, chewy chocolate cookies baked with cookies & cream pieces, complete with crispy edges.",https://www.youtube.com/watch?v=jfOjHGlvWYM
lZ7hCwRfOYU,"Yellow Sheet Cake, Lemon Glaze Cookie, & More! | Crumbl","This week, you can have your cake and eat it too. 🍰♥️ Feb 23–28 ↓

🖤 WEEKLY ROTATING MENU 🖤
🟨 YELLOW SHEET CAKE (NEW)
A soft golden vanilla cake topped with rich fudge frosting and finished with chocolate sprinkles.

🖤 MALLOW SANDWICH COOKIE FT. OREO®
A fluffy, creamy center with brownie pieces sandwiched between two chocolate cookies made with OREO® cookie pieces.

💗 PINK VELVET CAKE COOKIE
A velvety cake batter cookie topped with smooth vanilla cream cheese frosting and a delicate sprinkle of pink velvet cookie crumbs.

🍋 LEMON GLAZE COOKIE
A lemon cookie layered with lemon glaze and crowned with a fresh lemon slice on top.

🩷 CLASSICS MENU 🩷
🍭 PINK SUGAR COOKIE
Our classic almond sugar cookie topped with a silky pink swoop of real almond frosting.

🖤 CHOCOLATE CRUMB COOKIE FT. OREO®
A warm chocolate cookie mixed with OREO® cookie pieces, topped with smooth vanilla cream cheese frosting, and sprinkled with more OREO® cookie pieces.

🍫 BROWNIE BATTER COOKIE
A gooey chocolate cookie packed with semi-sweet chocolate chips and topped with delectable brownie batter.

✨ SNICKERDOODLE COOKIE
A classic vanilla sugar cookie rolled in a sparkly cinnamon sugar coating.

🎊 CELEBRATION CAKE COOKIE
A fluffy cake batter cookie with cake batter cream cheese frosting and a splash of rainbow sprinkles.

🍪 SEMI-SWEET CHOCOLATE CHUNK COOKIE
Our classic cookie filled with irresistible semi-sweet chocolate chunks and a sprinkle of flaky sea salt.

THINS:
🏕️ S’MORES COOKIE THINS
Two thin, chewy, buttery graham cookies baked with a melty marshmallow and topped with milk chocolate drizzle.",2026-02-23T01:00:53Z,226343,99,33.0,Crumbl,"Yellow Sheet Cake, Lemon Glaze Cookie, & More! | Crumbl This week, you can have your cake and eat it too. 🍰♥️ Feb 23–28 ↓

🖤 WEEKLY ROTATING MENU 🖤
🟨 YELLOW SHEET CAKE (NEW)
A soft golden vanilla cake topped with rich fudge frosting and finished with chocolate sprinkles.

🖤 MALLOW SANDWICH COOKIE FT. OREO®
A fluffy, creamy center with brownie pieces sandwiched between two chocolate cookies made with OREO® cookie pieces.

💗 PINK VELVET CAKE COOKIE
A velvety cake batter cookie topped with smooth vanilla cream cheese frosting and a delicate sprinkle of pink velvet cookie crumbs.

🍋 LEMON GLAZE COOKIE
A lemon cookie layered with lemon glaze and crowned with a fresh lemon slice on top.

🩷 CLASSICS MENU 🩷
🍭 PINK SUGAR COOKIE
Our classic almond sugar cookie topped with a silky pink swoop of real almond frosting.

🖤 CHOCOLATE CRUMB COOKIE FT. OREO®
A warm chocolate cookie mixed with OREO® cookie pieces, topped with smooth vanilla cream cheese frosting, and sprinkled with more OREO® cookie pieces.

🍫 BROWNIE BATTER COOKIE
A gooey chocolate cookie packed with semi-sweet chocolate chips and topped with delectable brownie batter.

✨ SNICKERDOODLE COOKIE
A classic vanilla sugar cookie rolled in a sparkly cinnamon sugar coating.

🎊 CELEBRATION CAKE COOKIE
A fluffy cake batter cookie with cake batter cream cheese frosting and a splash of rainbow sprinkles.

🍪 SEMI-SWEET CHOCOLATE CHUNK COOKIE
Our classic cookie filled with irresistible semi-sweet chocolate chunks and a sprinkle of flaky sea salt.

THINS:
🏕️ S’MORES COOKIE THINS
Two thin, chewy, buttery graham cookies baked with a melty marshmallow and topped with milk chocolate drizzle.",https://www.youtube.com/watch?v=lZ7hCwRfOYU
VHn1yt2x9qM,"Raspberry Cheesecake, S'mores Cookie, & More! | Crumbl","This menu is exactly what you think it is. 🏆🌟 Feb 16–21 ↓

🖤 WEEKLY ROTATING MENU 🖤
🟠 BISCOFF® SKILLET COOKIE (NEW)
A lightly spiced Biscoff® cookie topped with fluffy mousse, finished with crunchy Biscoff® pieces and a drizzle of melty Biscoff®.

🔴 RASPBERRY CHEESECAKE
A true, classic vanilla cheesecake baked over a buttery graham cracker crust, then topped with a tangy mouth-watering raspberry spread and a dollop of whipped cream.

🏕️ S’MORES COOKIE
A graham cracker cookie packed with milk chocolate chips then topped with a melty marshmallow, chocolate drizzle, and buttery graham cracker crumbs.

🥜 BUCKEYE BROWNIE COOKIE
A decadent cookie featuring layers of chocolate brownie, peanut butter, and a smothering of melted semi-sweet chocolate.

🩷 CLASSICS MENU 🩷
🍪 SEMI-SWEET CHOCOLATE CHUNK COOKIE
Our classic cookie filled with irresistible semi-sweet chocolate chunks and a sprinkle of flaky sea salt.

🍭 PINK SUGAR COOKIE
Our classic almond sugar cookie topped with a silky pink swoop of real almond frosting.

🖤 CHOCOLATE CRUMB COOKIE FT. OREO®
A warm chocolate cookie mixed with OREO® cookie pieces, topped with smooth vanilla cream cheese frosting, and sprinkled with more OREO® cookie pieces.

🍫 BROWNIE BATTER COOKIE
A gooey chocolate cookie packed with semi-sweet chocolate chips and topped with delectable brownie batter.

✨ SNICKERDOODLE COOKIE
A classic vanilla sugar cookie rolled in a sparkly cinnamon sugar coating.

🎊 CELEBRATION CAKE COOKIE
A fluffy cake batter cookie with cake batter cream cheese frosting and a splash of rainbow sprinkles.

THINS:
🎉 CAKE BATTER COOKIE THINS (NEW)
Two thin cake batter cookies complete with rainbow sprinkles, crisp edges and chewy centers.",2026-02-16T01:00:37Z,91084,102,34.0,Crumbl,"Raspberry Cheesecake, S'mores Cookie, & More! | Crumbl This menu is exactly what you think it is. 🏆🌟 Feb 16–21 ↓

🖤 WEEKLY ROTATING MENU 🖤
🟠 BISCOFF® SKILLET COOKIE (NEW)
A lightly spiced Biscoff® cookie topped with fluffy mousse, finished with crunchy Biscoff® pieces and a drizzle of melty Biscoff®.

🔴 RASPBERRY CHEESECAKE
A true, classic vanilla cheesecake baked over a buttery graham cracker crust, then topped with a tangy mouth-watering raspberry spread and a dollop of whipped cream.

🏕️ S’MORES COOKIE
A graham cracker cookie packed with milk chocolate chips then topped with a melty marshmallow, chocolate drizzle, and buttery graham cracker crumbs.

🥜 BUCKEYE BROWNIE COOKIE
A decadent cookie featuring layers of chocolate brownie, peanut butter, and a smothering of melted semi-sweet chocolate.

🩷 CLASSICS MENU 🩷
🍪 SEMI-SWEET CHOCOLATE CHUNK COOKIE
Our classic cookie filled with irresistible semi-sweet chocolate chunks and a sprinkle of flaky sea salt.

🍭 PINK SUGAR COOKIE
Our classic almond sugar cookie topped with a silky pink swoop of real almond frosting.

🖤 CHOCOLATE CRUMB COOKIE FT. OREO®
A warm chocolate cookie mixed with OREO® cookie pieces, topped with smooth vanilla cream cheese frosting, and sprinkled with more OREO® cookie pieces.

🍫 BROWNIE BATTER COOKIE
A gooey chocolate cookie packed with semi-sweet chocolate chips and topped with delectable brownie batter.

✨ SNICKERDOODLE COOKIE
A classic vanilla sugar cookie rolled in a sparkly cinnamon sugar coating.

🎊 CELEBRATION CAKE COOKIE
A fluffy cake batter cookie with cake batter cream cheese frosting and a splash of rainbow sprinkles.

THINS:
🎉 CAKE BATTER COOKIE THINS (NEW)
Two thin cake batter cookies complete with rainbow sprinkles, crisp edges and chewy centers.",https://www.youtube.com/watch?v=VHn1yt2x9qM
cQB8TLZhd-4,The cutest cake on the scene. 🍓🩷,"The cutest cake on the scene. 🍓🩷 Fluffy strawberry cake topped with a swirl of strawberry cream cheese frosting, all made with delicious house-made strawberry jam and shaped perfectly like a heart. 😍 Rate this beauty below.⤵ #Crumbl",2026-02-11T19:00:48Z,47974,91,6.0,Crumbl,"The cutest cake on the scene. 🍓🩷 The cutest cake on the scene. 🍓🩷 Fluffy strawberry cake topped with a swirl of strawberry cream cheese frosting, all made with delicious house-made strawberry jam and shaped perfectly like a heart. 😍 Rate this beauty below.⤵ #Crumbl",https://www.youtube.com/watch?v=cQB8TLZhd-4
YWhTPZn89Rk,"Dubai Chocolate Strawberry Brownie, Strawberry Heart Cake, & More! | Crumbl","Three words and I'm yours. Let's get Crumbl. 🦢❤️🍪💌 Feb 9–14 ↓

🖤 WEEKLY ROTATING MENU 🖤
💚 DUBAI CHOCOLATE STRAWBERRY BROWNIE (NEW)
A soft fudgy brownie with a crunchy Kataifi and pistachio filling topped with a layer of milk chocolate, slices of fresh strawberries, and drizzled with even more pistachio cream.

🍓 STRAWBERRY HEART CAKE (NEW)
Fluffy strawberry cake topped with a swirl of strawberry cream cheese frosting, all made with delicious house-made strawberry jam and shaped perfectly like a heart.

🩷 VALENTINE’S M&M’S® COOKIE
A warm classic cookie peppered with crunchy red, pink, and white M&M’S® Candies.

🟠 SALTED CARAMEL CHEESECAKE COOKIE
A chilled graham cracker cookie rolled in graham cracker crumbs and topped with cheesecake frosting, a pool of caramel, and sprinkle of sea salt.

🩷 CLASSICS MENU 🩷
🍪 MILK CHOCOLATE CHIP COOKIE
Our classic milk chocolate chip cookie, baked thick, soft, and satisfying.

💕 CONVERSATION HEARTS PINK SUGAR COOKIE (NEW)
An almond sugar cookie topped with a perfect pink swoop of real almond frosting, and crowned with a conversation hearts topper.

🖤 CHOCOLATE CRUMB COOKIE FT. OREO®
A warm chocolate cookie mixed with OREO® cookie pieces, topped with smooth vanilla cream cheese frosting, and sprinkled with more OREO® cookie pieces.

🤎 BROWNIE BATTER COOKIE
A gooey chocolate cookie packed with semi-sweet chocolate chips and topped with delectable brownie batter.

💛 SNICKERDOODLE COOKIE
A classic vanilla sugar cookie rolled in a sparkly cinnamon sugar coating.

💖 VALENTINE CELEBRATION CAKE COOKIE (NEW)
A cake batter cookie topped with cake batter cream cheese frosting and heart sprinkles.

THINS:

❣️ SNICKERDOODLE COOKIE THINS (NEW)
Thin, crispy, chewy vanilla sugar cookies rolled in a sparkly cinnamon sugar coating.",2026-02-09T01:00:47Z,68757,104,34.0,Crumbl,"Dubai Chocolate Strawberry Brownie, Strawberry Heart Cake, & More! | Crumbl Three words and I'm yours. Let's get Crumbl. 🦢❤️🍪💌 Feb 9–14 ↓

🖤 WEEKLY ROTATING MENU 🖤
💚 DUBAI CHOCOLATE STRAWBERRY BROWNIE (NEW)
A soft fudgy brownie with a crunchy Kataifi and pistachio filling topped with a layer of milk chocolate, slices of fresh strawberries, and drizzled with even more pistachio cream.

🍓 STRAWBERRY HEART CAKE (NEW)
Fluffy strawberry cake topped with a swirl of strawberry cream cheese frosting, all made with delicious house-made strawberry jam and shaped perfectly like a heart.

🩷 VALENTINE’S M&M’S® COOKIE
A warm classic cookie peppered with crunchy red, pink, and white M&M’S® Candies.

🟠 SALTED CARAMEL CHEESECAKE COOKIE
A chilled graham cracker cookie rolled in graham cracker crumbs and topped with cheesecake frosting, a pool of caramel, and sprinkle of sea salt.

🩷 CLASSICS MENU 🩷
🍪 MILK CHOCOLATE CHIP COOKIE
Our classic milk chocolate chip cookie, baked thick, soft, and satisfying.

💕 CONVERSATION HEARTS PINK SUGAR COOKIE (NEW)
An almond sugar cookie topped with a perfect pink swoop of real almond frosting, and crowned with a conversation hearts topper.

🖤 CHOCOLATE CRUMB COOKIE FT. OREO®
A warm chocolate cookie mixed with OREO® cookie pieces, topped with smooth vanilla cream cheese frosting, and sprinkled with more OREO® cookie pieces.

🤎 BROWNIE BATTER COOKIE
A gooey chocolate cookie packed with semi-sweet chocolate chips and topped with delectable brownie batter.

💛 SNICKERDOODLE COOKIE
A classic vanilla sugar cookie rolled in a sparkly cinnamon sugar coating.

💖 VALENTINE CELEBRATION CAKE COOKIE (NEW)
A cake batter cookie topped with cake batter cream cheese frosting and heart sprinkles.

THINS:

❣️ SNICKERDOODLE COOKIE THINS (NEW)
Thin, crispy, chewy vanilla sugar cookies rolled in a sparkly cinnamon sugar coating.",https://www.youtube.com/watch?v=YWhTPZn89Rk
79_LoQFMDik,Hard launching your perfect gift 💌🎁 Crumbl Valentines are officially HERE! #Crumbl,"Hard launching your perfect gift 💌🎁 Crumbl Valentines are officially HERE!

Grab them in-store, give them to someone you love, and they can redeem them later for free desserts. Easy, sweet, done. Tag someone who’d love this! 💕 #Crumbl

Available while supplies last. In-store, curbside, or pickup only.",2026-02-05T22:51:47Z,19480,61,28.0,Crumbl,"Hard launching your perfect gift 💌🎁 Crumbl Valentines are officially HERE! #Crumbl Hard launching your perfect gift 💌🎁 Crumbl Valentines are officially HERE!

Grab them in-store, give them to someone you love, and they can redeem them later for free desserts. Easy, sweet, done. Tag someone who’d love this! 💕 #Crumbl

Available while supplies last. In-store, curbside, or pickup only.",https://www.youtube.com/watch?v=79_LoQFMDik
4arh904HZO8,Peanut Butter Cup Brownie ft. REESE’S is BACK at Crumbl. #Crumbl,"Peanut Butter Cup Brownie ft. REESE’S is BACK at Crumbl, and so am I. No, I'm literally here rn. I had to pick up this brownie immediately. 🤎 #Crumbl",2026-02-04T22:48:24Z,59451,37,7.0,Crumbl,"Peanut Butter Cup Brownie ft. REESE’S is BACK at Crumbl. #Crumbl Peanut Butter Cup Brownie ft. REESE’S is BACK at Crumbl, and so am I. No, I'm literally here rn. I had to pick up this brownie immediately. 🤎 #Crumbl",https://www.youtube.com/watch?v=4arh904HZO8
5jZc5SA95JU,"Fudge Brownie Football Cookie, Confetti Cake Cookie, & More! | Crumbl","New menu just touched down. 🚩🏈🏆 Feb 2–7 👇

✨ENCORE✨
💚 DUBAI CHOCOLATE COOKIE
A rich brownie cookie layered with crunchy kataifi and pistachio filling, finished with milk chocolate and a drizzle of pistachio cream.

🖤 WEEKLY ROTATING MENU 🖤
🏈 FUDGE BROWNIE FOOTBALL COOKIE (NEW)
A brownie-inspired cookie topped with rich fudge frosting and a white cream cheese decorative topping designed like classic football laces.

🥜 PEANUT BUTTER CUP BROWNIE FT. REESE’S
A gooey brownie topped with velvety peanut butter mousse, a drizzle of chocolate, and REESE’S Peanut Butter Cups.

🍫 CARAMEL SHORTBREAD COOKIE FT. TWIX®
A shortbread-inspired cookie filled with TWIX® pieces, then topped with a gooey layer of caramel, chilly milk chocolate, and crunchy chopped TWIX® pieces.

🎉 CONFETTI CAKE COOKIE
A sugar cookie mixed with a burst of confetti sprinkles, topped with pink vanilla cream cheese frosting, and a dash of confetti sprinkles.

🩷 CLASSICS MENU 🩷
🍪 SEMI-SWEET CHOCOLATE CHUNK COOKIE
Our classic cookie filled with irresistible semi-sweet chocolate chunks and a sprinkle of flaky sea salt.

🍭 PINK SUGAR COOKIE
Our classic almond sugar cookie topped with a silky pink swoop of real almond frosting.

🖤 CHOCOLATE CRUMB COOKIE FT. OREO®
A warm chocolate cookie mixed with OREO® cookie pieces, topped with smooth vanilla cream cheese frosting, and sprinkled with more OREO® cookie pieces.

🍫 BROWNIE BATTER COOKIE
A gooey chocolate cookie packed with semi-sweet chocolate chips and topped with delectable brownie batter.

✨ SNICKERDOODLE COOKIE
A classic vanilla sugar cookie rolled in a sparkly cinnamon sugar coating.

🎊 CELEBRATION CAKE COOKIE
A fluffy cake batter cookie with cake batter cream cheese frosting and a splash of rainbow sprinkles.

THINS:
🌾 OATMEAL COOKIE THINS (NEW)
Two chewy, cinnamon-packed oatmeal cookies with buttery, caramelized edges.",2026-02-02T01:00:12Z,62499,78,38.0,Crumbl,"Fudge Brownie Football Cookie, Confetti Cake Cookie, & More! | Crumbl New menu just touched down. 🚩🏈🏆 Feb 2–7 👇

✨ENCORE✨
💚 DUBAI CHOCOLATE COOKIE
A rich brownie cookie layered with crunchy kataifi and pistachio filling, finished with milk chocolate and a drizzle of pistachio cream.

🖤 WEEKLY ROTATING MENU 🖤
🏈 FUDGE BROWNIE FOOTBALL COOKIE (NEW)
A brownie-inspired cookie topped with rich fudge frosting and a white cream cheese decorative topping designed like classic football laces.

🥜 PEANUT BUTTER CUP BROWNIE FT. REESE’S
A gooey brownie topped with velvety peanut butter mousse, a drizzle of chocolate, and REESE’S Peanut Butter Cups.

🍫 CARAMEL SHORTBREAD COOKIE FT. TWIX®
A shortbread-inspired cookie filled with TWIX® pieces, then topped with a gooey layer of caramel, chilly milk chocolate, and crunchy chopped TWIX® pieces.

🎉 CONFETTI CAKE COOKIE
A sugar cookie mixed with a burst of confetti sprinkles, topped with pink vanilla cream cheese frosting, and a dash of confetti sprinkles.

🩷 CLASSICS MENU 🩷
🍪 SEMI-SWEET CHOCOLATE CHUNK COOKIE
Our classic cookie filled with irresistible semi-sweet chocolate chunks and a sprinkle of flaky sea salt.

🍭 PINK SUGAR COOKIE
Our classic almond sugar cookie topped with a silky pink swoop of real almond frosting.

🖤 CHOCOLATE CRUMB COOKIE FT. OREO®
A warm chocolate cookie mixed with OREO® cookie pieces, topped with smooth vanilla cream cheese frosting, and sprinkled with more OREO® cookie pieces.

🍫 BROWNIE BATTER COOKIE
A gooey chocolate cookie packed with semi-sweet chocolate chips and topped with delectable brownie batter.

✨ SNICKERDOODLE COOKIE
A classic vanilla sugar cookie rolled in a sparkly cinnamon sugar coating.

🎊 CELEBRATION CAKE COOKIE
A fluffy cake batter cookie with cake batter cream cheese frosting and a splash of rainbow sprinkles.

THINS:
🌾 OATMEAL COOKIE THINS (NEW)
Two chewy, cinnamon-packed oatmeal cookies with buttery, caramelized edges.",https://www.youtube.com/watch?v=5jZc5SA95JU
BPrv6qj0pXU,"Stop, drop, and look at this week's new menu. 🖤👀🤍 Jan 26–31","✨ENCORE✨

💚 DUBAI CHOCOLATE COOKIE

A rich brownie cookie layered with crunchy kataifi and pistachio filling, finished with milk chocolate and a drizzle of pistachio cream.

🖤 WEEKLY ROTATING MENU 🖤

🟤 CHOCOLATE HAZELNUT CHEESECAKE FT. NUTELLA®

A decadent chocolate and hazelnut cheesecake nestled on a cookies & cream crust, then crowned with smooth NUTELLA® and fluffy whipped cream.

🍋 LEMON CUPCAKE COOKIE
A lemon vanilla cookie topped with a swirl of zesty lemon frosting and a touch of white sprinkles.

⚪ WHITE DROP COOKIE FT. HERSHEY’S COOKIES ‘N’ CREME (NEW)

A scrumptious cookie mixed with cookies & cream chunks, topped with a mix of melty HERSHEY’S Cookies ‘n’ Creme and white drop pieces, and garnished with a HERSHEY’S Cookies ‘n’ Creme candy bar piece.

🌗 BROOKIE COOKIE
A semi-sweet chocolate chip cookie and a rich chocolate cookie perfectly baked together.

🩷 CLASSICS MENU 🩷
🍪 MILK CHOCOLATE CHIP COOKIE
Our classic milk chocolate chip cookie, baked thick, soft, and satisfying.

🖤 CHOCOLATE CRUMB COOKIE FT. OREO®
Our classic warm chocolate cookie mixed with OREO® cookie pieces, topped with smooth vanilla cream cheese frosting, and sprinkled with more OREO® cookie pieces.

🍫 BROWNIE BATTER COOKIE
Our classic gooey chocolate cookie packed with semi-sweet chocolate chips and topped with delectable brownie batter.

✨ SNICKERDOODLE COOKIE
Our classic vanilla sugar cookie rolled in a sparkly cinnamon sugar coating.

🎂 CELEBRATION CAKE COOKIE
Our classic fluffy cake batter cookie with cake batter cream cheese frosting and a splash of rainbow sprinkles.

🍭 PINK SUGAR COOKIE
Our classic almond sugar cookie topped with a silky pink swoop of real almond frosting.

THINS
🤎 CHOCOLATE CHIP COOKIE THINS
Delicately crisp cookies with caramelized edges, chewy centers, and semi-sweet chocolate chips.",2026-01-26T01:00:14Z,93208,109,39.0,Crumbl,"Stop, drop, and look at this week's new menu. 🖤👀🤍 Jan 26–31 ✨ENCORE✨

💚 DUBAI CHOCOLATE COOKIE

A rich brownie cookie layered with crunchy kataifi and pistachio filling, finished with milk chocolate and a drizzle of pistachio cream.

🖤 WEEKLY ROTATING MENU 🖤

🟤 CHOCOLATE HAZELNUT CHEESECAKE FT. NUTELLA®

A decadent chocolate and hazelnut cheesecake nestled on a cookies & cream crust, then crowned with smooth NUTELLA® and fluffy whipped cream.

🍋 LEMON CUPCAKE COOKIE
A lemon vanilla cookie topped with a swirl of zesty lemon frosting and a touch of white sprinkles.

⚪ WHITE DROP COOKIE FT. HERSHEY’S COOKIES ‘N’ CREME (NEW)

A scrumptious cookie mixed with cookies & cream chunks, topped with a mix of melty HERSHEY’S Cookies ‘n’ Creme and white drop pieces, and garnished with a HERSHEY’S Cookies ‘n’ Creme candy bar piece.

🌗 BROOKIE COOKIE
A semi-sweet chocolate chip cookie and a rich chocolate cookie perfectly baked together.

🩷 CLASSICS MENU 🩷
🍪 MILK CHOCOLATE CHIP COOKIE
Our classic milk chocolate chip cookie, baked thick, soft, and satisfying.

🖤 CHOCOLATE CRUMB COOKIE FT. OREO®
Our classic warm chocolate cookie mixed with OREO® cookie pieces, topped with smooth vanilla cream cheese frosting, and sprinkled with more OREO® cookie pieces.

🍫 BROWNIE BATTER COOKIE
Our classic gooey chocolate cookie packed with semi-sweet chocolate chips and topped with delectable brownie batter.

✨ SNICKERDOODLE COOKIE
Our classic vanilla sugar cookie rolled in a sparkly cinnamon sugar coating.

🎂 CELEBRATION CAKE COOKIE
Our classic fluffy cake batter cookie with cake batter cream cheese frosting and a splash of rainbow sprinkles.

🍭 PINK SUGAR COOKIE
Our classic almond sugar cookie topped with a silky pink swoop of real almond frosting.

THINS
🤎 CHOCOLATE CHIP COOKIE THINS
Delicately crisp cookies with caramelized edges, chewy centers, and semi-sweet chocolate chips.",https://www.youtube.com/watch?v=BPrv6qj0pXU
y3k5DQ0phUY,"So good, we had to bring it back. 🤤🤎  Brown Sugar Cinnamon Cookie ft. Pop-Tarts® is here! #Crumbl","So good, we had to bring it back. 🤤🤎 A warm brown sugar cinnamon-stuffed cookie topped with a brown sugar cream cheese glaze and crumbled Pop-Tarts® on top. Brown Sugar Cinnamon Cookie ft. Pop-Tarts® is here! Time for a Crumbl run? 👀 #Crumbl",2026-01-20T22:46:16Z,200275,122,6.0,Crumbl,"So good, we had to bring it back. 🤤🤎  Brown Sugar Cinnamon Cookie ft. Pop-Tarts® is here! #Crumbl So good, we had to bring it back. 🤤🤎 A warm brown sugar cinnamon-stuffed cookie topped with a brown sugar cream cheese glaze and crumbled Pop-Tarts® on top. Brown Sugar Cinnamon Cookie ft. Pop-Tarts® is here! Time for a Crumbl run? 👀 #Crumbl",https://www.youtube.com/watch?v=y3k5DQ0phUY
VN-5hj8l4T4,"Dubai Chocolate Cookie, Peanut Butter & Jelly Cookie, & More! | Crumbl","Adding this menu to my 2026 vision board. 💭💌 Jan 19–24 👇

🖤 WEEKLY ROTATING MENU 🖤
💚 DUBAI CHOCOLATE COOKIE (NEW)
A rich brownie cookie layered with crunchy kataifi and pistachio filling, finished with milk chocolate and a drizzle of pistachio cream.

🟤 BROWN SUGAR CINNAMON COOKIE FT. POP-TARTS®
A warm brown sugar cinnamon-stuffed cookie topped with a brown sugar cream cheese glaze and crumbled Pop-Tarts® toaster pastries on top.

🍓 STRAWBERRY CRUMB CAKE COOKIE
A buttery strawberry cookie baked with white drops, topped with a milky glaze and a crunch of strawberry vanilla streusel.

🥜 PEANUT BUTTER & JELLY COOKIE
A delectable peanut butter cookie topped with swirls of peanut butter mousse and tart raspberry topping.

🩷 CLASSICS MENU 🩷
🍪 SEMI-SWEET CHOCOLATE CHUNK COOKIE
Our classic cookie filled with irresistible semi-sweet chocolate chunks and a sprinkle of flaky sea salt.

🍭 PINK SUGAR COOKIE
Our classic almond sugar cookie topped with a silky pink swoop of real almond frosting.

🖤 CHOCOLATE CRUMB COOKIE FT. OREO®
A warm chocolate cookie mixed with OREO® cookie pieces, topped with smooth vanilla cream cheese frosting, and sprinkled with more oreo® cookie pieces.

🍫 BROWNIE BATTER COOKIE
A gooey chocolate cookie packed with semi-sweet chocolate chips and topped with delectable brownie batter.

✨ SNICKERDOODLE COOKIE
A classic vanilla sugar cookie rolled in a sparkly cinnamon sugar coating.

🎉 CELEBRATION CAKE COOKIE
A fluffy cake batter cookie with cake batter cream cheese frosting and a splash of rainbow sprinkles.

THINS:
🤎 CHOCOLATE CHIP COOKIE THINS
Delicately crisp cookies with caramelized edges, chewy centers, and semi-sweet chocolate chips.",2026-01-19T01:00:37Z,66927,38,30.0,Crumbl,"Dubai Chocolate Cookie, Peanut Butter & Jelly Cookie, & More! | Crumbl Adding this menu to my 2026 vision board. 💭💌 Jan 19–24 👇

🖤 WEEKLY ROTATING MENU 🖤
💚 DUBAI CHOCOLATE COOKIE (NEW)
A rich brownie cookie layered with crunchy kataifi and pistachio filling, finished with milk chocolate and a drizzle of pistachio cream.

🟤 BROWN SUGAR CINNAMON COOKIE FT. POP-TARTS®
A warm brown sugar cinnamon-stuffed cookie topped with a brown sugar cream cheese glaze and crumbled Pop-Tarts® toaster pastries on top.

🍓 STRAWBERRY CRUMB CAKE COOKIE
A buttery strawberry cookie baked with white drops, topped with a milky glaze and a crunch of strawberry vanilla streusel.

🥜 PEANUT BUTTER & JELLY COOKIE
A delectable peanut butter cookie topped with swirls of peanut butter mousse and tart raspberry topping.

🩷 CLASSICS MENU 🩷
🍪 SEMI-SWEET CHOCOLATE CHUNK COOKIE
Our classic cookie filled with irresistible semi-sweet chocolate chunks and a sprinkle of flaky sea salt.

🍭 PINK SUGAR COOKIE
Our classic almond sugar cookie topped with a silky pink swoop of real almond frosting.

🖤 CHOCOLATE CRUMB COOKIE FT. OREO®
A warm chocolate cookie mixed with OREO® cookie pieces, topped with smooth vanilla cream cheese frosting, and sprinkled with more oreo® cookie pieces.

🍫 BROWNIE BATTER COOKIE
A gooey chocolate cookie packed with semi-sweet chocolate chips and topped with delectable brownie batter.

✨ SNICKERDOODLE COOKIE
A classic vanilla sugar cookie rolled in a sparkly cinnamon sugar coating.

🎉 CELEBRATION CAKE COOKIE
A fluffy cake batter cookie with cake batter cream cheese frosting and a splash of rainbow sprinkles.

THINS:
🤎 CHOCOLATE CHIP COOKIE THINS
Delicately crisp cookies with caramelized edges, chewy centers, and semi-sweet chocolate chips.",https://www.youtube.com/watch?v=VN-5hj8l4T4
1YvHCoYZitw,Meet the Classics Menu! | Crumbl,"New year, new me(nu) ✨🗓️ Meet the Classics Menu! 💖🍪 Jan 5–10 👇

Never miss your favorite Crumbl treat again. 🙌 Our new Classics Menu features 6 beloved flavors! Plus, 4 rotating specialties every week.

🩷 CLASSICS MENU 🩷

🍪SEMI-SWEET CHOCOLATE CHUNK COOKIE
Our classic cookie filled with irresistible semi-sweet chocolate chunks and a sprinkle of flaky sea salt.

🍭 PINK SUGAR COOKIE
Our classic almond sugar cookie topped with a silky pink swoop of real almond frosting.

🖤 CHOCOLATE CRUMB COOKIE FT. OREO®
Our classic warm chocolate cookie mixed with OREO® cookie pieces, topped with smooth vanilla cream cheese frosting, and sprinkled with more OREO® cookie pieces.

🍫 BROWNIE BATTER COOKIE
Our classic gooey chocolate cookie packed with semi-sweet chocolate chips and topped with delectable brownie batter.

✨ SNICKERDOODLE COOKIE
Our classic vanilla sugar cookie rolled in a sparkly cinnamon sugar coating.

🎂 CELEBRATION CAKE COOKIE
Our classic fluffy cake batter cookie with cake batter cream cheese frosting and a splash of rainbow sprinkles.

🖤 WEEKLY ROTATING MENU 🖤
🟧 DUBAI BISCOFF® BROWNIE (NEW)
A decadent chocolate brownie topped with a crunchy Kataifi and Biscoff® filling, then topped with a white drop layer and a melty drizzle of Biscoff®.

🍦 CHOCOLATE VANILLA ICE CREAM SWIRL COOKIE (NEW)
A rich brown sugar cookie studded with crunchy waffle cone pieces, topped with a golden waffle cone streusel, and overflowing with a luscious chocolate-vanilla mousse swirl.

⚪ OATMEAL MARSHMALLOW COOKIE (NEW)
A chilled, chewy oatmeal cookie spiced with cinnamon and nutmeg, kissed with molasses and vanilla, and crowned with a fluffy marshmallow cream cheese frosting.

🥜 ULTIMATE PEANUT BUTTER COOKIE
A peanut butter cookie stuffed with peanut butter and topped with a drizzle of melted peanut butter.",2026-01-05T01:00:05Z,137370,122,35.0,Crumbl,"Meet the Classics Menu! | Crumbl New year, new me(nu) ✨🗓️ Meet the Classics Menu! 💖🍪 Jan 5–10 👇

Never miss your favorite Crumbl treat again. 🙌 Our new Classics Menu features 6 beloved flavors! Plus, 4 rotating specialties every week.

🩷 CLASSICS MENU 🩷

🍪SEMI-SWEET CHOCOLATE CHUNK COOKIE
Our classic cookie filled with irresistible semi-sweet chocolate chunks and a sprinkle of flaky sea salt.

🍭 PINK SUGAR COOKIE
Our classic almond sugar cookie topped with a silky pink swoop of real almond frosting.

🖤 CHOCOLATE CRUMB COOKIE FT. OREO®
Our classic warm chocolate cookie mixed with OREO® cookie pieces, topped with smooth vanilla cream cheese frosting, and sprinkled with more OREO® cookie pieces.

🍫 BROWNIE BATTER COOKIE
Our classic gooey chocolate cookie packed with semi-sweet chocolate chips and topped with delectable brownie batter.

✨ SNICKERDOODLE COOKIE
Our classic vanilla sugar cookie rolled in a sparkly cinnamon sugar coating.

🎂 CELEBRATION CAKE COOKIE
Our classic fluffy cake batter cookie with cake batter cream cheese frosting and a splash of rainbow sprinkles.

🖤 WEEKLY ROTATING MENU 🖤
🟧 DUBAI BISCOFF® BROWNIE (NEW)
A decadent chocolate brownie topped with a crunchy Kataifi and Biscoff® filling, then topped with a white drop layer and a melty drizzle of Biscoff®.

🍦 CHOCOLATE VANILLA ICE CREAM SWIRL COOKIE (NEW)
A rich brown sugar cookie studded with crunchy waffle cone pieces, topped with a golden waffle cone streusel, and overflowing with a luscious chocolate-vanilla mousse swirl.

⚪ OATMEAL MARSHMALLOW COOKIE (NEW)
A chilled, chewy oatmeal cookie spiced with cinnamon and nutmeg, kissed with molasses and vanilla, and crowned with a fluffy marshmallow cream cheese frosting.

🥜 ULTIMATE PEANUT BUTTER COOKIE
A peanut butter cookie stuffed with peanut butter and topped with a drizzle of melted peanut butter.",https://www.youtube.com/watch?v=1YvHCoYZitw
emy4IF6idwI,"Waffle Cookie, Strawberry Brownie, & More! | Crumbl","Let's end the year on a sweet note. 🎇🪩 Dec 29–Jan 3 👇

🧇 WAFFLE COOKIE
A waffle cookie topped with a dollop of buttercream frosting and served with a side of syrup.

🥛 BIRTHDAY CAKE COOKIE FT. OREO®
A thick cookie made with OREO® cookie pieces, covered in cake batter cream cheese frosting and topped with more OREO® cookie pieces and rainbow sprinkles.OREO is a trademark of Mondelēz International group, used with permission.

🏕️ S’MORES SKILLET COOKIE FT. HERSHEY’S CHOCOLATE
A gooey graham cookie baked with melty pieces of HERSHEY’S Chocolate, topped with fluffy marshmallow mousse, a drizzle of melted chocolate, and a crunch of graham cracker streusel.

🍓 STRAWBERRY BROWNIE
A soft fudge brownie infused with freeze-dried strawberry pieces, crowned with strawberry cream cheese frosting, fresh strawberry slices, and a white drizzle.

🧁 NILLA BEAN CUPCAKE COOKIE
A delicious cakey vanilla bean cookie with smooth vanilla cream cheese frosting and a dash of white sprinkles.
 
🗽 NEW YORK CHEESECAKE COOKIE
A chilled buttery graham cracker cookie swirled with vanilla cheesecake frosting and sprinkled with graham cracker streusel.

🍪 MILK CHOCOLATE CHIP COOKIE
A chilled buttery graham cracker cookie swirled with vanilla cheesecake frosting and sprinkled with a graham cracker streusel.",2025-12-29T01:00:59Z,137311,67,49.0,Crumbl,"Waffle Cookie, Strawberry Brownie, & More! | Crumbl Let's end the year on a sweet note. 🎇🪩 Dec 29–Jan 3 👇

🧇 WAFFLE COOKIE
A waffle cookie topped with a dollop of buttercream frosting and served with a side of syrup.

🥛 BIRTHDAY CAKE COOKIE FT. OREO®
A thick cookie made with OREO® cookie pieces, covered in cake batter cream cheese frosting and topped with more OREO® cookie pieces and rainbow sprinkles.OREO is a trademark of Mondelēz International group, used with permission.

🏕️ S’MORES SKILLET COOKIE FT. HERSHEY’S CHOCOLATE
A gooey graham cookie baked with melty pieces of HERSHEY’S Chocolate, topped with fluffy marshmallow mousse, a drizzle of melted chocolate, and a crunch of graham cracker streusel.

🍓 STRAWBERRY BROWNIE
A soft fudge brownie infused with freeze-dried strawberry pieces, crowned with strawberry cream cheese frosting, fresh strawberry slices, and a white drizzle.

🧁 NILLA BEAN CUPCAKE COOKIE
A delicious cakey vanilla bean cookie with smooth vanilla cream cheese frosting and a dash of white sprinkles.
 
🗽 NEW YORK CHEESECAKE COOKIE
A chilled buttery graham cracker cookie swirled with vanilla cheesecake frosting and sprinkled with graham cracker streusel.

🍪 MILK CHOCOLATE CHIP COOKIE
A chilled buttery graham cracker cookie swirled with vanilla cheesecake frosting and sprinkled with a graham cracker streusel.",https://www.youtube.com/watch?v=emy4IF6idwI
E3pO1h-7VQM,"Peppermint Ice Cream Cookie, Salted Caramel Brownie, & More! | Crumbl","It's beginning to taste a lot like Christmas. ✨🎄Happy Holidays! ♥️ Dec 22–27

🍦 PEPPERMINT ICE CREAM COOKIE
A chilled vanilla bean cookie mixed with chunks of peppermint pieces topped with a swirl of peppermint white drop frosting and finished with crushed peppermint pieces.

🧂 SALTED CARAMEL BROWNIE (NEW)
A gooey, fudge-y chocolate brownie topped with a decadent layer of caramel, a smooth semi-sweet chocolate drizzle, and a pinch of sea salt.

🍨 BISCOFF® ICE CREAM COOKIE
A smooth and delicious brown sugar cookie topped with buttercream made with Biscoff® cookie butter and crumbly cookie pieces.

🎄 SUGAR COOKIE FT. MOTHER’S® REINDEER GAMES™
A warm sugar cookie speckled with red and green sprinkles, topped with a pool of white chocolate and a Mother’s® Reindeer Games™ cookie.

❄️ FROZEN HOT CHOCOLATE COOKIE
A rich chocolate cookie smothered in hot cocoa-flavored mousse and topped with fluffy mini marshmallows.

🌀 CINNAMON ROLL COOKIE
A vanilla sugar cookie topped with cinnamon streusel and swirled with vanilla cream cheese frosting.

🍪 SEMI-SWEET CHOCOLATE CHUNK
Chocolate chip, but make it chunky—a delicious cookie filled with irresistible semi-sweet chocolate chunks and a sprinkle of flaky sea salt.",2025-12-22T01:00:30Z,235058,77,45.0,Crumbl,"Peppermint Ice Cream Cookie, Salted Caramel Brownie, & More! | Crumbl It's beginning to taste a lot like Christmas. ✨🎄Happy Holidays! ♥️ Dec 22–27

🍦 PEPPERMINT ICE CREAM COOKIE
A chilled vanilla bean cookie mixed with chunks of peppermint pieces topped with a swirl of peppermint white drop frosting and finished with crushed peppermint pieces.

🧂 SALTED CARAMEL BROWNIE (NEW)
A gooey, fudge-y chocolate brownie topped with a decadent layer of caramel, a smooth semi-sweet chocolate drizzle, and a pinch of sea salt.

🍨 BISCOFF® ICE CREAM COOKIE
A smooth and delicious brown sugar cookie topped with buttercream made with Biscoff® cookie butter and crumbly cookie pieces.

🎄 SUGAR COOKIE FT. MOTHER’S® REINDEER GAMES™
A warm sugar cookie speckled with red and green sprinkles, topped with a pool of white chocolate and a Mother’s® Reindeer Games™ cookie.

❄️ FROZEN HOT CHOCOLATE COOKIE
A rich chocolate cookie smothered in hot cocoa-flavored mousse and topped with fluffy mini marshmallows.

🌀 CINNAMON ROLL COOKIE
A vanilla sugar cookie topped with cinnamon streusel and swirled with vanilla cream cheese frosting.

🍪 SEMI-SWEET CHOCOLATE CHUNK
Chocolate chip, but make it chunky—a delicious cookie filled with irresistible semi-sweet chocolate chunks and a sprinkle of flaky sea salt.",https://www.youtube.com/watch?v=E3pO1h-7VQM
pHyOvdzGSvg,"Candy Cane Brownie Cookie, Eggnog Tres Leches Cake, & More! | Crumbl","A perfect menu is comin' to town! 🦌🛷 Dec 15–20 👇

🎄 THE COOKIE THAT STOLE CHRISTMAS (NEW)
A jolly green cookie, bursting with holiday cheer, frosted with a tiny heart to bring joy near. Merry and bright, a festive delight, a cookie to make your season just right!

🎁 HOLIDAY RED VELVET SANDWICH COOKIE (NEW)
Two luscious red velvet cookies sandwiching a swirl of velvety vanilla cream cheese frosting and white chocolate ganache peeking through a star cutout.

🥛 EGGNOG TRES LECHES CAKE
A light, fluffy vanilla cake soaked in eggnog-flavored tres leches sauce, topped with whipped cream, and sprinkled with a layer of cinnamon.

🍫 CHOCOLATE CRUMB COOKIE FT. OREO®
A warm chocolate cookie mixed with OREO® Cookie pieces, topped with smooth vanilla cream cheese frosting, and sprinkled with more OREO® Cookie pieces.

🥜 PEANUT BUTTER CUP COOKIE FT. REESE’S
A classic peanut butter cookie topped with a pool of melted peanut butter chips, drizzled with gooey milk chocolate, and sprinkled with REESE’S Peanut Butter Cups.

🔴 CANDY CANE BROWNIE COOKIE
A deliciously rich chocolate candy cane cookie topped with smooth peppermint buttercream, chocolate ganache, and crunchy candy cane pieces.

🍪MILK CHOCOLATE CHIP COOKIE
The classic you can’t go wrong with—thick, soft, and loaded with milk chocolate chips.",2025-12-15T01:01:10Z,168417,75,40.0,Crumbl,"Candy Cane Brownie Cookie, Eggnog Tres Leches Cake, & More! | Crumbl A perfect menu is comin' to town! 🦌🛷 Dec 15–20 👇

🎄 THE COOKIE THAT STOLE CHRISTMAS (NEW)
A jolly green cookie, bursting with holiday cheer, frosted with a tiny heart to bring joy near. Merry and bright, a festive delight, a cookie to make your season just right!

🎁 HOLIDAY RED VELVET SANDWICH COOKIE (NEW)
Two luscious red velvet cookies sandwiching a swirl of velvety vanilla cream cheese frosting and white chocolate ganache peeking through a star cutout.

🥛 EGGNOG TRES LECHES CAKE
A light, fluffy vanilla cake soaked in eggnog-flavored tres leches sauce, topped with whipped cream, and sprinkled with a layer of cinnamon.

🍫 CHOCOLATE CRUMB COOKIE FT. OREO®
A warm chocolate cookie mixed with OREO® Cookie pieces, topped with smooth vanilla cream cheese frosting, and sprinkled with more OREO® Cookie pieces.

🥜 PEANUT BUTTER CUP COOKIE FT. REESE’S
A classic peanut butter cookie topped with a pool of melted peanut butter chips, drizzled with gooey milk chocolate, and sprinkled with REESE’S Peanut Butter Cups.

🔴 CANDY CANE BROWNIE COOKIE
A deliciously rich chocolate candy cane cookie topped with smooth peppermint buttercream, chocolate ganache, and crunchy candy cane pieces.

🍪MILK CHOCOLATE CHIP COOKIE
The classic you can’t go wrong with—thick, soft, and loaded with milk chocolate chips.",https://www.youtube.com/watch?v=pHyOvdzGSvg
L3B0KswG6WA,Warning: you might fall head over heels for this Crumbl drop 💙✨,"Warning: you might fall head over heels for this Crumbl drop 💙✨ New winter merch is HERE: sun-faded crewnecks, cozy sweats, a bozy pink zip-up, winter cookie cutter, and charming milk glass mugs ❄️🧣

It's all yours at merch.crumbl.com 📲 #Crumbl",2025-12-08T22:41:59Z,20326,34,18.0,Crumbl,"Warning: you might fall head over heels for this Crumbl drop 💙✨ Warning: you might fall head over heels for this Crumbl drop 💙✨ New winter merch is HERE: sun-faded crewnecks, cozy sweats, a bozy pink zip-up, winter cookie cutter, and charming milk glass mugs ❄️🧣

It's all yours at merch.crumbl.com 📲 #Crumbl",https://www.youtube.com/watch?v=L3B0KswG6WA
Inkl9e-OrD4,"Cookies & Cream Cocoa Mousse Cup, Turtle Cheesecake, & More! | Crumbl","Our present to you: a new menu 🎁🎄 Dec 8–13 👇

✨ COOKIES & CREAM COCOA MOUSSE CUP (NEW)
Layers of cocoa mousse, cookies & cream streusel, and dark chocolate cake, finished with marshmallow mousse, toasted marshmallows, chocolate drizzle, and cookies & cream pieces around the rim.

🟠 TURTLE CHEESECAKE
A velvety cheesecake baked on a rich cookies & cream crust, dripping with golden caramel, luscious ganache, and a sprinkle of crunchy pecan pieces.

🎁 HOLIDAY M&M'S® COOKIE (NEW)
A warm original cookie packed with a holiday blend of M&M’S® Milk Chocolate Candies.

🎄 HOLIDAY BIRTHDAY CAKE COOKIE
A scrumptious cake batter cookie topped with smooth cake batter cream cheese frosting and festive sprinkles.

🏕️ S'MORES BROWNIE COOKIE
A decadent explosion of rich flavors including brownie, graham cracker, milk chocolate chips, and perfectly melty marshmallows.

🌋 MOLTEN LAVA COOKIE
A scrumptious dark chocolate cookie oozing with hot fudge and sprinkled with powdered sugar.

🍪 SEMI-SWEET CHOCOLATE CHUNK COOKIE
Chocolate chip, but make it chunky—a delicious cookie filled with irresistible semi-sweet chocolate chunks and a sprinkle of flaky sea salt.",2025-12-08T01:00:24Z,124765,75,42.0,Crumbl,"Cookies & Cream Cocoa Mousse Cup, Turtle Cheesecake, & More! | Crumbl Our present to you: a new menu 🎁🎄 Dec 8–13 👇

✨ COOKIES & CREAM COCOA MOUSSE CUP (NEW)
Layers of cocoa mousse, cookies & cream streusel, and dark chocolate cake, finished with marshmallow mousse, toasted marshmallows, chocolate drizzle, and cookies & cream pieces around the rim.

🟠 TURTLE CHEESECAKE
A velvety cheesecake baked on a rich cookies & cream crust, dripping with golden caramel, luscious ganache, and a sprinkle of crunchy pecan pieces.

🎁 HOLIDAY M&M'S® COOKIE (NEW)
A warm original cookie packed with a holiday blend of M&M’S® Milk Chocolate Candies.

🎄 HOLIDAY BIRTHDAY CAKE COOKIE
A scrumptious cake batter cookie topped with smooth cake batter cream cheese frosting and festive sprinkles.

🏕️ S'MORES BROWNIE COOKIE
A decadent explosion of rich flavors including brownie, graham cracker, milk chocolate chips, and perfectly melty marshmallows.

🌋 MOLTEN LAVA COOKIE
A scrumptious dark chocolate cookie oozing with hot fudge and sprinkled with powdered sugar.

🍪 SEMI-SWEET CHOCOLATE CHUNK COOKIE
Chocolate chip, but make it chunky—a delicious cookie filled with irresistible semi-sweet chocolate chunks and a sprinkle of flaky sea salt.",https://www.youtube.com/watch?v=Inkl9e-OrD4
_qmvYBNotCA,Cool Ranch Chicken Sliders #kingshawaiian,"Ingredients
● 1 package King's Hawaiian Original Hawaiian Sweet Rolls
● 2 chicken breasts, cut into cutlets
● 2 eggs, beaten
● 2 cups crushed Cool Ranch Doritos
● 6 slices provolone cheese
● Ranch dressing
● Shredded lettuce
● Oil for frying

Directions
1. Slice rolls in half and toast at 350°F until golden brown. 
2. Create breading station with egg wash and crushed Doritos.
3. Coat chicken in egg, then press into Doritos until fully covered.
4. Fry until golden brown and cooked through.
5. Top each cutlet with provolone and melt under broiler for 30 seconds.
6. Spread ranch on bottom, add chicken, lettuce, and more ranch.
7. Place on top rolls, cut and serve crispy and hot.",2026-02-14T04:33:13Z,15289,10,35.0,King's Hawaiian,"Cool Ranch Chicken Sliders #kingshawaiian Ingredients
● 1 package King's Hawaiian Original Hawaiian Sweet Rolls
● 2 chicken breasts, cut into cutlets
● 2 eggs, beaten
● 2 cups crushed Cool Ranch Doritos
● 6 slices provolone cheese
● Ranch dressing
● Shredded lettuce
● Oil for frying

Directions
1. Slice rolls in half and toast at 350°F until golden brown. 
2. Create breading station with egg wash and crushed Doritos.
3. Coat chicken in egg, then press into Doritos until fully covered.
4. Fry until golden brown and cooked through.
5. Top each cutlet with provolone and melt under broiler for 30 seconds.
6. Spread ranch on bottom, add chicken, lettuce, and more ranch.
7. Place on top rolls, cut and serve crispy and hot.",https://www.youtube.com/watch?v=_qmvYBNotCA
o6xNgyTx-Gs,Mini Cranberry Grilled Cheese Bites #kingshawaiian,"Ingredients:
-King’s Hawaiian Original Hawaiian Sweet Rolls
-White cheddar cheese (sliced)
-Cranberry sauce
-Mayonnaise (or butter)

Preparation:
1. Slice King’s Hawaiian Original Hawaiian Sweet Rolls into 3-4 slices each
2. Spread mayonnaise (or butter) on sliced roll pieces
3. Assemble mini grilled cheese bites in a skillet and grill until golden brown on both sides (grill open-face with cheese, then add cranberry sauce)

#kingshawaiian",2025-12-20T16:52:13Z,25483,10,14.0,King's Hawaiian,"Mini Cranberry Grilled Cheese Bites #kingshawaiian Ingredients:
-King’s Hawaiian Original Hawaiian Sweet Rolls
-White cheddar cheese (sliced)
-Cranberry sauce
-Mayonnaise (or butter)

Preparation:
1. Slice King’s Hawaiian Original Hawaiian Sweet Rolls into 3-4 slices each
2. Spread mayonnaise (or butter) on sliced roll pieces
3. Assemble mini grilled cheese bites in a skillet and grill until golden brown on both sides (grill open-face with cheese, then add cranberry sauce)

#kingshawaiian",https://www.youtube.com/watch?v=o6xNgyTx-Gs
pr6LmDewjuY,Mini Grilled Cheese Pretzel Bites #kingshawaiian,"Ingredients:
-King’s Hawaiian Soft Pretzel Bites
-2 tbsp melted butter
-1 tsp garlic powder
-Sliced cheddar cheese

Preparation:
1. Cut King’s Hawaiian Soft Pretzel Bites into 3-4 slices (each)
2. Assemble mini grilled cheese bites on a baking sheet (brush garlic butter on the sliced pretzel bites)
3. Bake at 350 for 10 minutes, then flip and bake an additional 5 minutes (or until cheese is melted)
4. Enjoy with soup",2025-12-05T20:00:51Z,13645,8,12.0,King's Hawaiian,"Mini Grilled Cheese Pretzel Bites #kingshawaiian Ingredients:
-King’s Hawaiian Soft Pretzel Bites
-2 tbsp melted butter
-1 tsp garlic powder
-Sliced cheddar cheese

Preparation:
1. Cut King’s Hawaiian Soft Pretzel Bites into 3-4 slices (each)
2. Assemble mini grilled cheese bites on a baking sheet (brush garlic butter on the sliced pretzel bites)
3. Bake at 350 for 10 minutes, then flip and bake an additional 5 minutes (or until cheese is melted)
4. Enjoy with soup",https://www.youtube.com/watch?v=pr6LmDewjuY
Nx-cJUWB6zo,What type of string cheese eater are you?,"We just launched our new Odds & Ends string cheese and we had to put our team to the ultimate test: What is the best way to eat it? Are you demure, pure chaos, or somewhere in between?",2024-10-12T16:00:31Z,4389,17,15.0,Misfits Market,"What type of string cheese eater are you? We just launched our new Odds & Ends string cheese and we had to put our team to the ultimate test: What is the best way to eat it? Are you demure, pure chaos, or somewhere in between?",https://www.youtube.com/watch?v=Nx-cJUWB6zo
Xb3-wE4I3CU,Don't throw away your leftover pickle juice (part 2),Hear us out: This pickle juice-spiked lemonade is actually really refreshing. Would you try it?,2024-07-23T18:36:59Z,8828,20,18.0,Misfits Market,Don't throw away your leftover pickle juice (part 2) Hear us out: This pickle juice-spiked lemonade is actually really refreshing. Would you try it?,https://www.youtube.com/watch?v=Xb3-wE4I3CU
pC_2F-l8l_A,Don't throw away your leftover pickle juice,"Don't let perfectly good pickle juice go to waste. Use it to extend the life of fresh whatever-you-have-in-your-fridge produce, like cukes, tomatoes, garlic, and more. Just add a sprinkle of salt and a splash of vinegar—white, rice, apple cider, red wine, or white wine will work. Let your veggies sit overnight and then enjoy fresh homemade(ish) pickles for the next few days. #pickles",2024-07-03T16:39:21Z,1794128,2157,31.0,Misfits Market,"Don't throw away your leftover pickle juice Don't let perfectly good pickle juice go to waste. Use it to extend the life of fresh whatever-you-have-in-your-fridge produce, like cukes, tomatoes, garlic, and more. Just add a sprinkle of salt and a splash of vinegar—white, rice, apple cider, red wine, or white wine will work. Let your veggies sit overnight and then enjoy fresh homemade(ish) pickles for the next few days. #pickles",https://www.youtube.com/watch?v=pC_2F-l8l_A
Ku_63wLhX38,How to Roast Brussels Sprouts,"For our latest roasting series spotlight, we’re teaching you how to achieve the crispy crunchiest Brussels sprouts.",2024-03-27T16:00:15Z,5048,15,49.0,Misfits Market,"How to Roast Brussels Sprouts For our latest roasting series spotlight, we’re teaching you how to achieve the crispy crunchiest Brussels sprouts.",https://www.youtube.com/watch?v=Ku_63wLhX38
6Dlv1ntPpsI,Red Velvet Banana Pudding by Magnolia Bakery,"INGREDIENTS: 
One 14 ounce can, sweetened condensed milk
1 ½ cups ice cold water
One 3.4-ounce package instant vanilla pudding mix (preferably Jell-O brand)
8 ounces of cream cheese, softened and cut into 8 pieces
3 cups heavy cream
One 9 x 13 inch layer of red velvet cake 
4 – 5 ripe bananas
1 cup of mini chocolate chips

TECHNIQUE:
In a small bowl, on the medium speed of an electric mixer, mix the sweetened condensed milk and water together until well combined, about 1 minute.  

Add the pudding mix and mix until there are no lumps and the mixture is smooth, about 2 minutes. Cover and refrigerate for 3-4 hours or overnight. 

Place the pudding mixture into the mixer bowl with the whisk attachment, add the cream cheese to the pudding mix. Mix until thoroughly combined and smooth. Place in the refrigerator while you prepare the whipped cream. 

In a clean mixer bowl with the whisk attachment whip the heavy cream on medium speed for about one minute until the cream starts to thicken, then increase the speed to medium high and whip the cream until stiff peaks form. Be careful not to over whip. Carefully add the pudding mixture into the whipped cream and mix on low speed until well blended and no streaks of pudding remain. 

Cut the red velvet cake into 4 inch squares. Cut each square into ½” layers. Set aside. 

To assemble the pudding select either a trifle bowl or a wide glass bowl with a 4-5-quart capacity. Spread a layer of pudding on the bottom and layer with enough slices of the red velvet cake to cover the layer, add sliced banana to cover the cake and sprinkle with 1/3 cup of mini chips.  Continue layering with 1/3 of the pudding mixture, another layer of cake, sliced bananas and mini chips. Repeat one more time ending with pudding. Sprinkle the top with crumbled red velvet cake and a tablespoon of mini chips. Cover tightly with plastic wrap and allow to chill in the refrigerator for 4 hours or overnight before serving.",2019-08-28T11:03:59Z,41130,10,74.0,Magnolia Bakery,"Red Velvet Banana Pudding by Magnolia Bakery INGREDIENTS: 
One 14 ounce can, sweetened condensed milk
1 ½ cups ice cold water
One 3.4-ounce package instant vanilla pudding mix (preferably Jell-O brand)
8 ounces of cream cheese, softened and cut into 8 pieces
3 cups heavy cream
One 9 x 13 inch layer of red velvet cake 
4 – 5 ripe bananas
1 cup of mini chocolate chips

TECHNIQUE:
In a small bowl, on the medium speed of an electric mixer, mix the sweetened condensed milk and water together until well combined, about 1 minute.  

Add the pudding mix and mix until there are no lumps and the mixture is smooth, about 2 minutes. Cover and refrigerate for 3-4 hours or overnight. 

Place the pudding mixture into the mixer bowl with the whisk attachment, add the cream cheese to the pudding mix. Mix until thoroughly combined and smooth. Place in the refrigerator while you prepare the whipped cream. 

In a clean mixer bowl with the whisk attachment whip the heavy cream on medium speed for about one minute until the cream starts to thicken, then increase the speed to medium high and whip the cream until stiff peaks form. Be careful not to over whip. Carefully add the pudding mixture into the whipped cream and mix on low speed until well blended and no streaks of pudding remain. 

Cut the red velvet cake into 4 inch squares. Cut each square into ½” layers. Set aside. 

To assemble the pudding select either a trifle bowl or a wide glass bowl with a 4-5-quart capacity. Spread a layer of pudding on the bottom and layer with enough slices of the red velvet cake to cover the layer, add sliced banana to cover the cake and sprinkle with 1/3 cup of mini chips.  Continue layering with 1/3 of the pudding mixture, another layer of cake, sliced bananas and mini chips. Repeat one more time ending with pudding. Sprinkle the top with crumbled red velvet cake and a tablespoon of mini chips. Cover tightly with plastic wrap and allow to chill in the refrigerator for 4 hours or overnight before serving.",https://www.youtube.com/watch?v=6Dlv1ntPpsI
BzYx6Fw_re4,homemade apple cider vinegar,"No apple shall be wasted! Instead of throwing away excess peels and apple cores, try making a beginner-friendly ferment of homemade apple cider vinegar.

Get our full recipe roundup and read up on all things apples on the blog → Link in bio 🍎

// INGREDIENTS //
6-8 apple cores and peels
1 quart water
3 tbsp honey (or 4 tbsp white sugar)

#cooking #recipes #recipe #healthyliving",2025-02-19T19:45:36Z,55837,29,79.0,Thrive Market,"homemade apple cider vinegar No apple shall be wasted! Instead of throwing away excess peels and apple cores, try making a beginner-friendly ferment of homemade apple cider vinegar.

Get our full recipe roundup and read up on all things apples on the blog → Link in bio 🍎

// INGREDIENTS //
6-8 apple cores and peels
1 quart water
3 tbsp honey (or 4 tbsp white sugar)

#cooking #recipes #recipe #healthyliving",https://www.youtube.com/watch?v=BzYx6Fw_re4
vVuU7DFl8cc,belVita Breakfast Biscuits están horneadas con energía nutritiva para tus mañanas.,Porque se requiere energía para #ShareTheEnergy.,2020-10-12T19:59:51Z,564089,15,16.0,BelVita,belVita Breakfast Biscuits están horneadas con energía nutritiva para tus mañanas. Porque se requiere energía para #ShareTheEnergy.,https://www.youtube.com/watch?v=vVuU7DFl8cc
82Kz8o2xiPc,"Good Morning, Hugh","Hugh Jackman is a real Morning Person. Just ask his neighbors. Since 2021, one daily scoop of AG1 has helped give Hugh the steady energy support he needs to tap the day away. Encore anyone? 🕺",2026-01-29T13:50:19Z,6000,9,31.0,Athletic Greens (AG1),"Good Morning, Hugh Hugh Jackman is a real Morning Person. Just ask his neighbors. Since 2021, one daily scoop of AG1 has helped give Hugh the steady energy support he needs to tap the day away. Encore anyone? 🕺",https://www.youtube.com/watch?v=82Kz8o2xiPc
JkMEje8UAhA,Mott’s Fruit Flavored Snacks,"Mott’s Fruit Flavored Snacks are made with real fruit and veggie juice and real fruit and fiber (made with pear, apple, and carrot juice concentrates & strawberry puree. Not intended to replace fruit or vegetables in the diet). Kids love ‘em, and so do moms, because when you give your kids something they love, you love it too!

Learn more at: https://www.motts.com/products/fruit-snacks",2017-07-31T15:27:02Z,13674,21,15.0,Motts,"Mott’s Fruit Flavored Snacks Mott’s Fruit Flavored Snacks are made with real fruit and veggie juice and real fruit and fiber (made with pear, apple, and carrot juice concentrates & strawberry puree. Not intended to replace fruit or vegetables in the diet). Kids love ‘em, and so do moms, because when you give your kids something they love, you love it too!

Learn more at: https://www.motts.com/products/fruit-snacks",https://www.youtube.com/watch?v=JkMEje8UAhA
7hwmiPrFCwI,Duke's Mayo Bird x @that40yearguy,"Have you been doing Thanksgiving wrong for 40 years?  Forget butter - Duke’s Mayo is the ultimate turkey hack. It spreads easier, stays on the bird, and delivers that crispy, golden-brown finish while keeping the meat moist and tender. Watch Dustin put the Duke’s Mayo Bird to the test and see why this is the new holiday tradition.

Get the full recipe: dukesmayobird.com
Bonus: Leftover turkey sandwiches taste even better with Duke’s on both sides of the bread.",2025-11-24T16:58:49Z,8910,20,118.0,Dukes Mayonnaise,"Duke's Mayo Bird x @that40yearguy Have you been doing Thanksgiving wrong for 40 years?  Forget butter - Duke’s Mayo is the ultimate turkey hack. It spreads easier, stays on the bird, and delivers that crispy, golden-brown finish while keeping the meat moist and tender. Watch Dustin put the Duke’s Mayo Bird to the test and see why this is the new holiday tradition.

Get the full recipe: dukesmayobird.com
Bonus: Leftover turkey sandwiches taste even better with Duke’s on both sides of the bread.",https://www.youtube.com/watch?v=7hwmiPrFCwI
ybrOwqsvwsU,The Duke's Country Radio - Yellow,This is the Duke's Country Song.  The Song About Duke's Country.  This is the Duke's Country Song.  And you can sing along.  It's Got Twang!,2025-07-04T15:09:09Z,3979,33,31.0,Dukes Mayonnaise,The Duke's Country Radio - Yellow This is the Duke's Country Song.  The Song About Duke's Country.  This is the Duke's Country Song.  And you can sing along.  It's Got Twang!,https://www.youtube.com/watch?v=ybrOwqsvwsU
dGT-g8zE9Fw,Factor | Hear From One of Our Chefs,"Ready-to-eat meal delivery services are not created equal.  At Factor, it's personal.  Everything is done from scratch -- every single day.

For more information, click here:  factormeals.com

Don't forget to subscribe and follow us:  https://www.youtube.com/channel/UCk7Qj2RXJBPH5O3h5hCl5PA
Like us on Facebook:   https://www.facebook.com/factormeals/ 
Follow us on Instagram:   https://www.instagram.com/factormeals/",2026-01-17T00:31:33Z,73951534,15,16.0,Factor_,"Factor | Hear From One of Our Chefs Ready-to-eat meal delivery services are not created equal.  At Factor, it's personal.  Everything is done from scratch -- every single day.

For more information, click here:  factormeals.com

Don't forget to subscribe and follow us:  https://www.youtube.com/channel/UCk7Qj2RXJBPH5O3h5hCl5PA
Like us on Facebook:   https://www.facebook.com/factormeals/ 
Follow us on Instagram:   https://www.instagram.com/factormeals/",https://www.youtube.com/watch?v=dGT-g8zE9Fw
5QyBX1dzGrU,Factor 75 Meals | Founder Nick Wernimont,"Factor 75 is a meal delivery service with a focus on providing fresh, high quality meals to people on the go. We offer meal options that are paleo, vegetarian, gluten-free, and more. 

Visit https://www.factor75.com/ to schedule your first meal delivery!

---------------------------------------------------------------------------------------------------------------

""I was fighting ... MMA fighter. Also had a full time job. Thought I was eating healthy and I thought I knew what nutrition was, but a few years into it my body was basically breaking down and it was very tired and run down. Fortunately, one of my trainers introduced me to a personal chef who worked with a lot of athletes. She started making meals and delivering them to me. The difference that they made was incredible and almost immediate. The biggest factor that impacted how well I performed and really my quality of life was food.

I figured how many people out there are like me that want to look, feel, and perform at their best and don't have the time or the skills to eat optimally. I can't be the only person who would love to feel this way, live this way, and not have to spend two to three hours every day just doing meal prep. It's as simple as offering people that want to perform at a higher level no matter what they're doing an option that allows them still to live their life, and do all the things they need to deal with in their job and their family but still be able to eat healthy and perform well through doing so.

Last time I actually saw my buddy was at a family ski trip in Colorado and he drove me to the airport. We had a great conversation, he had some really good insight, and he was really helpful in listening and was very giving of his time and his focus. After he passed, it changed my perspective way more than I ever would have anticipated as far as what is really important, what really matters. At the end of the day, I want to start a business that he would be proud of and I want him to be proud of me and I think that Factor 75 has been a vehicle for me to do a lot of things in that one, I can help people live a better, fuller life. Two, I can do something that I'm very passionate about and love doing. Three, it can allow me to have the ability to spend more time and more quality time with my family.

The time that you save and the impact that nutrition has can allow you to spend more time and a better quality time with your family doing the things that matter most with the people that matter most and then really enjoying a fuller life because of our service.""",2016-09-21T04:16:28Z,15047,28,154.0,Factor_,"Factor 75 Meals | Founder Nick Wernimont Factor 75 is a meal delivery service with a focus on providing fresh, high quality meals to people on the go. We offer meal options that are paleo, vegetarian, gluten-free, and more. 

Visit https://www.factor75.com/ to schedule your first meal delivery!

---------------------------------------------------------------------------------------------------------------

""I was fighting ... MMA fighter. Also had a full time job. Thought I was eating healthy and I thought I knew what nutrition was, but a few years into it my body was basically breaking down and it was very tired and run down. Fortunately, one of my trainers introduced me to a personal chef who worked with a lot of athletes. She started making meals and delivering them to me. The difference that they made was incredible and almost immediate. The biggest factor that impacted how well I performed and really my quality of life was food.

I figured how many people out there are like me that want to look, feel, and perform at their best and don't have the time or the skills to eat optimally. I can't be the only person who would love to feel this way, live this way, and not have to spend two to three hours every day just doing meal prep. It's as simple as offering people that want to perform at a higher level no matter what they're doing an option that allows them still to live their life, and do all the things they need to deal with in their job and their family but still be able to eat healthy and perform well through doing so.

Last time I actually saw my buddy was at a family ski trip in Colorado and he drove me to the airport. We had a great conversation, he had some really good insight, and he was really helpful in listening and was very giving of his time and his focus. After he passed, it changed my perspective way more than I ever would have anticipated as far as what is really important, what really matters. At the end of the day, I want to start a business that he would be proud of and I want him to be proud of me and I think that Factor 75 has been a vehicle for me to do a lot of things in that one, I can help people live a better, fuller life. Two, I can do something that I'm very passionate about and love doing. Three, it can allow me to have the ability to spend more time and more quality time with my family.

The time that you save and the impact that nutrition has can allow you to spend more time and a better quality time with your family doing the things that matter most with the people that matter most and then really enjoying a fuller life because of our service.""",https://www.youtube.com/watch?v=5QyBX1dzGrU
pe6GPJ-aFMA,These FRUITZ are 100% EPIC!,Go wild with Bennie on his adventure to find epic FRUITZ for GoGo squeeZ! He knows epic when he sees it! 🤩,2026-03-10T16:25:25Z,1290370,27,15.0,GoGo squeeZ,These FRUITZ are 100% EPIC! Go wild with Bennie on his adventure to find epic FRUITZ for GoGo squeeZ! He knows epic when he sees it! 🤩,https://www.youtube.com/watch?v=pe6GPJ-aFMA
HGdfRF8dGzM,A GoGo squeeZ Valentine's Day,"Bennie's  on a Valentine’s Day mission: create the perfect valentine for Rosa! But with distractions everywhere, can Bennie deliver his message in time? Watch now to see Bennie and Rosa’s Valentine adventure unfold! 💌",2026-02-09T17:25:02Z,6939692,13,35.0,GoGo squeeZ,"A GoGo squeeZ Valentine's Day Bennie's  on a Valentine’s Day mission: create the perfect valentine for Rosa! But with distractions everywhere, can Bennie deliver his message in time? Watch now to see Bennie and Rosa’s Valentine adventure unfold! 💌",https://www.youtube.com/watch?v=HGdfRF8dGzM
l6X7eBbBLII,Ready to Snap? Snap into a Slim Jim!,When you're ready to snap! SNAP INTO A SLIM JIM!,2025-10-17T14:52:47Z,60971018,13,31.0,Slim Jim,Ready to Snap? Snap into a Slim Jim! When you're ready to snap! SNAP INTO A SLIM JIM!,https://www.youtube.com/watch?v=l6X7eBbBLII
6ADLzl-pIgg,"Yes, you can text with a meat stick",Man spotted texting with a Slim Jim. #meme #meat #shorts #slimjim #lifehacks,2023-01-10T15:21:57Z,13160,31,16.0,Slim Jim,"Yes, you can text with a meat stick Man spotted texting with a Slim Jim. #meme #meat #shorts #slimjim #lifehacks",https://www.youtube.com/watch?v=6ADLzl-pIgg
FLQ7GlGaoqM,Meatball Pizza Cups | BuzzFeed Tasty Junior,"Made with pizza dough, Farm Rich meatballs, and a muffin tin, kids can make these easy meatball cups as appetizers or snacks.",2018-03-05T17:17:24Z,128852,24,55.0,Farm Rich,"Meatball Pizza Cups | BuzzFeed Tasty Junior Made with pizza dough, Farm Rich meatballs, and a muffin tin, kids can make these easy meatball cups as appetizers or snacks.",https://www.youtube.com/watch?v=FLQ7GlGaoqM
XsnuFsc_5V8,"Ore-Ida - ""Napoleon Dynamite"" Tot-Protecting Pants - Commercial",https://linktr.ee/oreidapotatoes,2024-06-19T15:16:05Z,241988,263,31.0,Ore-Ida,"Ore-Ida - ""Napoleon Dynamite"" Tot-Protecting Pants - Commercial https://linktr.ee/oreidapotatoes",https://www.youtube.com/watch?v=XsnuFsc_5V8
oqlFCyWv7ik,Here Comes the Sunbasket - Full Brand Spot,"Since 2014 Sunbasket has been fighting everyday food drudgery by offering meals that deliver the emotional satisfaction of cooking. Our winning formula delivers restaurant-quality meal kits with easy-to-follow instructions — and Fresh & Ready chef-crafted meals to heat and eat in a jiffy. To satisfy anytime cravings, Sunbasket also offers breakfast and lunch items, pasta, proteins, and snacks for good measure. 

Explore our meal plans and start building your first basket at sunbasket.com.

#HereComesTheSunbasket #MoreThanAMealKit",2021-02-05T18:12:59Z,1882689,9,31.0,Sunbasket,"Here Comes the Sunbasket - Full Brand Spot Since 2014 Sunbasket has been fighting everyday food drudgery by offering meals that deliver the emotional satisfaction of cooking. Our winning formula delivers restaurant-quality meal kits with easy-to-follow instructions — and Fresh & Ready chef-crafted meals to heat and eat in a jiffy. To satisfy anytime cravings, Sunbasket also offers breakfast and lunch items, pasta, proteins, and snacks for good measure. 

Explore our meal plans and start building your first basket at sunbasket.com.

#HereComesTheSunbasket #MoreThanAMealKit",https://www.youtube.com/watch?v=oqlFCyWv7ik
6p8WXPA06EI,Birds Eye Chicken Dippers 🍗,Get ready to dip! Always a winner Chicken Dipper.,2025-12-11T14:02:14Z,1978990,62,6.0,Birds Eye,Birds Eye Chicken Dippers 🍗 Get ready to dip! Always a winner Chicken Dipper.,https://www.youtube.com/watch?v=6p8WXPA06EI
WX-xfbCAr5U,Introducing our NEW Fresca Salads & Wraps...👀,Cancel your lunch plans. Our new Citrus Avocado Salad needs your full mouth-attention. Order Now: https://order.elpolloloco.com/,2025-05-15T14:01:00Z,1608299,11,16.0,El Pollo Loco,Introducing our NEW Fresca Salads & Wraps...👀 Cancel your lunch plans. Our new Citrus Avocado Salad needs your full mouth-attention. Order Now: https://order.elpolloloco.com/,https://www.youtube.com/watch?v=WX-xfbCAr5U
_5w03AvIszE,Introducing the Moe Value Meal for $9.95,"$9.95 for all this?! Jr. Burrito, Queso, Chips, Salsa and a Drink. Yup. 

Offer includes one Junior Burrito, one 2 oz side of Queso, and one Regular Drink for $9.95 (excluding taxes & and other upcharges - including Premium Proteins and Burrito add-ons). No substitutions. Valid at select participating Moe’s locations. Not valid with any other offer or reward, or third-party delivery. Other fees and taxes may apply, see checkout for details. Moe’s reserves the right to end or modify this offer at any time. Void where prohibited.",2025-09-09T19:50:13Z,12642991,19,6.0,Moe's Southwest Grill,"Introducing the Moe Value Meal for $9.95 $9.95 for all this?! Jr. Burrito, Queso, Chips, Salsa and a Drink. Yup. 

Offer includes one Junior Burrito, one 2 oz side of Queso, and one Regular Drink for $9.95 (excluding taxes & and other upcharges - including Premium Proteins and Burrito add-ons). No substitutions. Valid at select participating Moe’s locations. Not valid with any other offer or reward, or third-party delivery. Other fees and taxes may apply, see checkout for details. Moe’s reserves the right to end or modify this offer at any time. Void where prohibited.",https://www.youtube.com/watch?v=_5w03AvIszE
ZjDfVdrtl48,Take A Look | Liquid I.V. Game Day 2026 Commercial,"The answer is clear, drink Liquid I.V. 💧

Hydrate here: https://www.liquid-iv.com/",2026-02-09T01:34:05Z,4110868,19,31.0,Liquid I.V.,"Take A Look | Liquid I.V. Game Day 2026 Commercial The answer is clear, drink Liquid I.V. 💧

Hydrate here: https://www.liquid-iv.com/",https://www.youtube.com/watch?v=ZjDfVdrtl48
3eBbrn7I_dY,Take A Look | Liquid I.V. Commercial (Extended Version),"The answer is clear, drink Liquid I.V. 💧

Hydrate here: https://www.liquid-iv.com/",2026-02-09T01:04:35Z,79156,38,61.0,Liquid I.V.,"Take A Look | Liquid I.V. Commercial (Extended Version) The answer is clear, drink Liquid I.V. 💧

Hydrate here: https://www.liquid-iv.com/",https://www.youtube.com/watch?v=3eBbrn7I_dY
g6LGzt4-7aE,#FuelYourPlay with Liquid I.V. 💧,#FuelYourPlay with 2x faster hydration than water alone and 3x the electrolytes of traditional sports drinks 💧 🤸‍♀️,2022-07-21T20:29:20Z,39911,46,31.0,Liquid I.V.,#FuelYourPlay with Liquid I.V. 💧 #FuelYourPlay with 2x faster hydration than water alone and 3x the electrolytes of traditional sports drinks 💧 🤸‍♀️,https://www.youtube.com/watch?v=g6LGzt4-7aE
vKt3SRL_5zs,Knockout City! Francis Ngannou's Tastiest K.O. Ever!  PeaTos® Ad,"Some victories just taste better than others! It's a good thing cheetahs are fast.  
#NewChampion #thepredator #PeaTos #junkfoodwithoutthejunk

Get your ""Junk Food"" without the Junk! More Protein, More Fiber More Fun at Peatos.com",2021-03-16T23:44:47Z,212883,11,31.0,Peatos,"Knockout City! Francis Ngannou's Tastiest K.O. Ever!  PeaTos® Ad Some victories just taste better than others! It's a good thing cheetahs are fast.  
#NewChampion #thepredator #PeaTos #junkfoodwithoutthejunk

Get your ""Junk Food"" without the Junk! More Protein, More Fiber More Fun at Peatos.com",https://www.youtube.com/watch?v=vKt3SRL_5zs
a6BSIFoy6AI,PeaTos Sizzle Reel,"""Junk Food"" Taste, Made From Peas",2020-03-05T18:56:47Z,1005,12,31.0,Peatos,"PeaTos Sizzle Reel ""Junk Food"" Taste, Made From Peas",https://www.youtube.com/watch?v=a6BSIFoy6AI
8an81ApNr_0,Peatos: Always Tasty. Never Corny.,"Peatos is on a mission to change the way the world looks at snacks! It’s us against the big corporate snack machine and we need your help to spread the word. Follow the link 
https://www.indiegogo.com/projects/peatos-always-tasty-never-corny-food-vegan/x/18786800#/",2018-08-20T21:01:57Z,383158,11,31.0,Peatos,"Peatos: Always Tasty. Never Corny. Peatos is on a mission to change the way the world looks at snacks! It’s us against the big corporate snack machine and we need your help to spread the word. Follow the link 
https://www.indiegogo.com/projects/peatos-always-tasty-never-corny-food-vegan/x/18786800#/",https://www.youtube.com/watch?v=8an81ApNr_0
MTyXnDXIzd0,SOUR PATCH KIDS PRESENTS | The Night of the Very Big Kid,"Find the Very Big Kid. Find a scary amount of your favorite candy. 
The nightmare of bad candy ends Halloween 10.31.2025",2025-10-17T20:38:55Z,19894,21,49.0,Sour Patch Kids,"SOUR PATCH KIDS PRESENTS | The Night of the Very Big Kid Find the Very Big Kid. Find a scary amount of your favorite candy. 
The nightmare of bad candy ends Halloween 10.31.2025",https://www.youtube.com/watch?v=MTyXnDXIzd0
uHBuymlrRns,Rubio's x Blais - The Hula Hula Carnitas Taco,"Rubio’s has teamed up with Top Chef All-Stars and celebrity chef Richard Blais to take you on a culinary adventure with the launch of our new line of street tacos—including the mouth-watering Hula Hula Carnitas taco.

Inspired by Chef Blais’ time in Hawaii, this taco features pork marinated in a rich blend of gochujang, achiote, and garlic, wrapped in a banana leaf and slow-cooked to create tender, juicy meat with an authentic Kalua flavor. It’s served on a stone-ground corn tortilla with mango salsa and garnished with black sesame seeds, cotija cheese, and a slice of lime. Watch to learn more about the inspiration behind the Hula Hula Carnitas taco, a subtly sweet mash-up of authentic Hawaiian and Mexican flavors.

The new adventure-inspired Rubio’s x Blais street tacos are available now at Rubio’s – for a limited time only.

www.rubios.com
www.facebook.com/rubios
www.instagram.com/rubioscoastalgrill
www.twitter/rubiostweets",2021-05-14T17:01:47Z,2170,8,79.0,Rubios Coastal Grill,"Rubio's x Blais - The Hula Hula Carnitas Taco Rubio’s has teamed up with Top Chef All-Stars and celebrity chef Richard Blais to take you on a culinary adventure with the launch of our new line of street tacos—including the mouth-watering Hula Hula Carnitas taco.

Inspired by Chef Blais’ time in Hawaii, this taco features pork marinated in a rich blend of gochujang, achiote, and garlic, wrapped in a banana leaf and slow-cooked to create tender, juicy meat with an authentic Kalua flavor. It’s served on a stone-ground corn tortilla with mango salsa and garnished with black sesame seeds, cotija cheese, and a slice of lime. Watch to learn more about the inspiration behind the Hula Hula Carnitas taco, a subtly sweet mash-up of authentic Hawaiian and Mexican flavors.

The new adventure-inspired Rubio’s x Blais street tacos are available now at Rubio’s – for a limited time only.

www.rubios.com
www.facebook.com/rubios
www.instagram.com/rubioscoastalgrill
www.twitter/rubiostweets",https://www.youtube.com/watch?v=uHBuymlrRns
1Ao_dDwvn08,Rubio's El Niño Burrito,"It's so rainy, we're bringing back the El Niño Burrito. Watch the video to see why this is a big deal. Don't forget to get yours ""enchilada style"" for only $1 more.",2017-01-19T02:07:36Z,7612,8,60.0,Rubios Coastal Grill,"Rubio's El Niño Burrito It's so rainy, we're bringing back the El Niño Burrito. Watch the video to see why this is a big deal. Don't forget to get yours ""enchilada style"" for only $1 more.",https://www.youtube.com/watch?v=1Ao_dDwvn08
Ufm1xo6IEhM,DiGiorno l Crispy Pan Pizza Song,"DiGiorno Crispy Pan Pizza is so good that Mike Tompkins had to sing about it! Crispy Pan Pizza is topped with generous amounts of cheese that melts over the edge to create a perfectly caramelized crust. We provide the pan, you bake up a piping hot and crispy pizza fresh from your oven!

Subscribe on YouTube: http://bit.ly/DiGiornoYouTube
Like on Facebook: https://www.facebook.com/DiGiorno
Follow on Twitter: https://twitter.com/DiGiorno
Follow on Instagram: https://www.instagram.com/DiGiorno/",2017-11-08T22:16:24Z,25467,59,92.0,DiGiorno,"DiGiorno l Crispy Pan Pizza Song DiGiorno Crispy Pan Pizza is so good that Mike Tompkins had to sing about it! Crispy Pan Pizza is topped with generous amounts of cheese that melts over the edge to create a perfectly caramelized crust. We provide the pan, you bake up a piping hot and crispy pizza fresh from your oven!

Subscribe on YouTube: http://bit.ly/DiGiornoYouTube
Like on Facebook: https://www.facebook.com/DiGiorno
Follow on Twitter: https://twitter.com/DiGiorno
Follow on Instagram: https://www.instagram.com/DiGiorno/",https://www.youtube.com/watch?v=Ufm1xo6IEhM
gzGHIO8e_xY,HARIBO Goldbears Football Commercial (:30),,2024-02-05T14:18:39Z,663477,527,31.0,Haribo USA,HARIBO Goldbears Football Commercial (:30) ,https://www.youtube.com/watch?v=gzGHIO8e_xY
nCT6VwQbLig,Boardroom is back!,"Our classic, well-loved spot is back on primetime TV for your viewing pleasure. Gather your friends, some HARIBO treats, try out your own voices and comment below!

Have more fun with HARIBO by following us on social media:
Facebook:  http://bit.ly/FBHARIBO
Instagram: http://bit.ly/HARIBOInsta",2023-03-10T23:05:29Z,64705,12,16.0,Haribo USA,"Boardroom is back! Our classic, well-loved spot is back on primetime TV for your viewing pleasure. Gather your friends, some HARIBO treats, try out your own voices and comment below!

Have more fun with HARIBO by following us on social media:
Facebook:  http://bit.ly/FBHARIBO
Instagram: http://bit.ly/HARIBOInsta",https://www.youtube.com/watch?v=nCT6VwQbLig
JbkreMsBTS8,HARIBO Goldbears Library,"Shaboom! Our gummies are back and this time, they're taking a study break. Get ready to chew on some more HARIBO happiness.",2020-12-04T16:00:32Z,146102,99,31.0,Haribo USA,"HARIBO Goldbears Library Shaboom! Our gummies are back and this time, they're taking a study break. Get ready to chew on some more HARIBO happiness.",https://www.youtube.com/watch?v=JbkreMsBTS8
xtlalBdGuFQ,HARIBO Goldbears Library,"Shaboom! Our gummies are back and this time, they're taking a study break. Get ready to chew on some more HARIBO happiness.",2020-12-04T16:00:29Z,166554,155,16.0,Haribo USA,"HARIBO Goldbears Library Shaboom! Our gummies are back and this time, they're taking a study break. Get ready to chew on some more HARIBO happiness.",https://www.youtube.com/watch?v=xtlalBdGuFQ
hY5OVu9hi1I,HARIBO Ice Hockey Commercial Sour Gold-Bears,HARIBO Sour Gold-Bears bring the whole team together!,2017-05-15T20:04:36Z,312600,60,30.0,Haribo USA,HARIBO Ice Hockey Commercial Sour Gold-Bears HARIBO Sour Gold-Bears bring the whole team together!,https://www.youtube.com/watch?v=hY5OVu9hi1I
aK0VU6-KmQY,Spindrift - Proudly Made the Hard Way,"Founded on the belief that the best tastes come directly from nature, every Spindrift is proudly made the hard way with real squeezed fruit. Check out our new brand film to learn more about what inspired founder & CEO Bill Creelman to start Spindrift, what went into building the organization and product line over the years, and why it's a beverage - and company - that's challenging people's expectations of how good a beverage can be. #proudlymadethehardway #spindrift #beverageindustry #brandfilm",2024-08-01T14:25:05Z,2409973,10,135.0,Spindrift,"Spindrift - Proudly Made the Hard Way Founded on the belief that the best tastes come directly from nature, every Spindrift is proudly made the hard way with real squeezed fruit. Check out our new brand film to learn more about what inspired founder & CEO Bill Creelman to start Spindrift, what went into building the organization and product line over the years, and why it's a beverage - and company - that's challenging people's expectations of how good a beverage can be. #proudlymadethehardway #spindrift #beverageindustry #brandfilm",https://www.youtube.com/watch?v=aK0VU6-KmQY
hqifUahia_A,How Do You Pineapple? | National Pineapple Day 2023,"Hawaiian pizza is great — but the future calls this National Pineapple Day! 

We’re teaming up with Dole to find the new classic pineapple pizza creation. Stop by MOD on National Pineapple Day (6/27) for a $5 pizza. The catch? You’ve got to add pineapple!",2023-06-21T04:21:22Z,1440,12,58.0,MOD Pizza,"How Do You Pineapple? | National Pineapple Day 2023 Hawaiian pizza is great — but the future calls this National Pineapple Day! 

We’re teaming up with Dole to find the new classic pineapple pizza creation. Stop by MOD on National Pineapple Day (6/27) for a $5 pizza. The catch? You’ve got to add pineapple!",https://www.youtube.com/watch?v=hqifUahia_A
NzNwI4VKYs4,Honest Yerba Mate,"What is Yerba Mate? Introducing “Honest Yerba Mate” by Honest Tea, organic, real-brewed, fair-trade, and “Just a Tad Sweet.”",2021-04-08T15:30:51Z,2803,10,68.0,Honest Tea,"Honest Yerba Mate What is Yerba Mate? Introducing “Honest Yerba Mate” by Honest Tea, organic, real-brewed, fair-trade, and “Just a Tad Sweet.”",https://www.youtube.com/watch?v=NzNwI4VKYs4
jeF-65eDLc0,Honest Tea Rap: RETHINK WHAT YOU DRINK!,"Rap Battle rocks the organic world. Check out Honest Tea TeaEO Seth & Stonyfield Farm CE-YO Gary battle it out. Watch and spread the (organic) word: www.justdrinkorganic.com.  Enter your video for a $1k prize and a month's supply of tea & yogurt.

Honest Tea Productions
Featuring:  
Seth -- Honey G
Pat -- Patty Oolong
Matt -- Sublime Matt 
Special appearance by Count Jonah 
Prod. by Droopy Drew
Music by Dr. Spud
Video by Fitzy Fitz",2011-03-31T16:57:19Z,20739,10,139.0,Honest Tea,"Honest Tea Rap: RETHINK WHAT YOU DRINK! Rap Battle rocks the organic world. Check out Honest Tea TeaEO Seth & Stonyfield Farm CE-YO Gary battle it out. Watch and spread the (organic) word: www.justdrinkorganic.com.  Enter your video for a $1k prize and a month's supply of tea & yogurt.

Honest Tea Productions
Featuring:  
Seth -- Honey G
Pat -- Patty Oolong
Matt -- Sublime Matt 
Special appearance by Count Jonah 
Prod. by Droopy Drew
Music by Dr. Spud
Video by Fitzy Fitz",https://www.youtube.com/watch?v=jeF-65eDLc0
jfRDIMyt7Sw,Boston Market  - Introducing Rotisserie Chicken Nuggets | Tasty 100% all-white Meat Nuggets,"Boston Market Offers All-White Meat Chicken Nuggets with Traditional & Spicy Seasoning 
Order Now: https://bit.ly/3JwjlUI",2022-07-28T21:11:53Z,539146,16,16.0,Boston Market,"Boston Market  - Introducing Rotisserie Chicken Nuggets | Tasty 100% all-white Meat Nuggets Boston Market Offers All-White Meat Chicken Nuggets with Traditional & Spicy Seasoning 
Order Now: https://bit.ly/3JwjlUI",https://www.youtube.com/watch?v=jfRDIMyt7Sw
gL_U7tJjQNk,How to pull the meat from a whole Chicken,In this video the Head Chef at Boston Market shows you how to pull the meat off a chicken for use in your home recipes.,2012-11-13T00:32:31Z,49520,12,178.0,Boston Market,How to pull the meat from a whole Chicken In this video the Head Chef at Boston Market shows you how to pull the meat off a chicken for use in your home recipes.,https://www.youtube.com/watch?v=gL_U7tJjQNk
Gx0s2n4e0nE,Handmade - Order Online | Freddy's,Handmade - Order Online | Freddy's,2025-03-27T16:21:22Z,6740094,17,16.0,Freddys Frozen Custard & Steakburgers,Handmade - Order Online | Freddy's Handmade - Order Online | Freddy's,https://www.youtube.com/watch?v=Gx0s2n4e0nE
ldS1eWzyf3A,Affordable Franchise Opportunity | Steak 'n Shake Franchise Partner Program,"Ready to create your legacy? At Steak ‘n Shake we’re making the American Dream a reality for our partners. We offer the ability for you to become a business owner, without having to make a significant financial investment.

When you become part of the Steak ‘n Shake family, we help you build a business with unmatched support every step of the way. Learn more today. https://steaknshakefranchise.com/franchise-partners/get-started/
#franchise #entrepreneur #steaknshake #ownabusiness",2024-06-26T21:42:28Z,730,10,19.0,Steak n Shake,"Affordable Franchise Opportunity | Steak 'n Shake Franchise Partner Program Ready to create your legacy? At Steak ‘n Shake we’re making the American Dream a reality for our partners. We offer the ability for you to become a business owner, without having to make a significant financial investment.

When you become part of the Steak ‘n Shake family, we help you build a business with unmatched support every step of the way. Learn more today. https://steaknshakefranchise.com/franchise-partners/get-started/
#franchise #entrepreneur #steaknshake #ownabusiness",https://www.youtube.com/watch?v=ldS1eWzyf3A
BQgrfOc_r1k,Own Your Own Business | Steak 'n Shake Franchise Partner Program,"Ready to create your legacy? At Steak ‘n Shake we’re making the American Dream a reality for our partners. We offer the ability for you to become a business owner, without having to make a significant financial investment.

When you become part of the Steak ‘n Shake family, we help you build a business with unmatched support every step of the way. Apply today at: https://steaknshakefranchise.com/franchise-partners/get-started/ #franchise #entrepreneur #entrepreneurship #businessowner #financialindependence",2024-06-26T20:00:03Z,1494751,10,19.0,Steak n Shake,"Own Your Own Business | Steak 'n Shake Franchise Partner Program Ready to create your legacy? At Steak ‘n Shake we’re making the American Dream a reality for our partners. We offer the ability for you to become a business owner, without having to make a significant financial investment.

When you become part of the Steak ‘n Shake family, we help you build a business with unmatched support every step of the way. Apply today at: https://steaknshakefranchise.com/franchise-partners/get-started/ #franchise #entrepreneur #entrepreneurship #businessowner #financialindependence",https://www.youtube.com/watch?v=BQgrfOc_r1k
0JrmTPlVb-E,Help Tom Brady Bring Good Back This Halloween!,"We've just received an urgent request from Space Commander Tom Brady… He needs you!  To help him bring good back!  Find the tickets and keys he’s hidden in our UNREAL Halloween boxes to join him, in-person, on an UNREAL adventure!  Go to www.getunreal.com to train with Tom on his space flight simulator!",2017-10-12T14:35:59Z,19698,18,129.0,Unreal,"Help Tom Brady Bring Good Back This Halloween! We've just received an urgent request from Space Commander Tom Brady… He needs you!  To help him bring good back!  Find the tickets and keys he’s hidden in our UNREAL Halloween boxes to join him, in-person, on an UNREAL adventure!  Go to www.getunreal.com to train with Tom on his space flight simulator!",https://www.youtube.com/watch?v=0JrmTPlVb-E
cuCEBwID_qo,Tom Brady gets UNREAL with the Easter Bunny - Sorry Bunny Touchdown Dance,2013 Easter Bunny Apology Tour. http://sorrybunny.com,2013-03-18T22:20:50Z,170484,25,33.0,Unreal,Tom Brady gets UNREAL with the Easter Bunny - Sorry Bunny Touchdown Dance 2013 Easter Bunny Apology Tour. http://sorrybunny.com,https://www.youtube.com/watch?v=cuCEBwID_qo
cu_A-QGO6Kw,Tom Brady gets UNREAL with the Easter Bunny - Sorry Bunny Plays Catch,2013 Easter Bunny Apology Tour. http://sorrybunny.com,2013-03-18T22:17:04Z,60163,12,10.0,Unreal,Tom Brady gets UNREAL with the Easter Bunny - Sorry Bunny Plays Catch 2013 Easter Bunny Apology Tour. http://sorrybunny.com,https://www.youtube.com/watch?v=cu_A-QGO6Kw
-ABAB28Z4Hg,Upgrade the Way You Pizza (15sec) - TV Spot,"Fresh, spicy, classic, over-the-top? Whatever your pizza style, our new Large Pizza means you can share it with more people, more often.",2019-09-05T22:18:49Z,9532785,16,16.0,Blaze Pizza,"Upgrade the Way You Pizza (15sec) - TV Spot Fresh, spicy, classic, over-the-top? Whatever your pizza style, our new Large Pizza means you can share it with more people, more often.",https://www.youtube.com/watch?v=-ABAB28Z4Hg
VF5jXrZfuCA,LeBron James Is Blaze Pizza's Newest Team Member,"In between games in Los Angeles, LeBron James put in work on his off day. And by work we mean becoming Ron, the newest team member at Blaze Pizza. #MeetRon

Pasadena, California | March 11, 2016 at 12:23 p.m.

Check out more from Blaze Pizza here:
http://blazepizza.com
https://twitter.com/BlazePizza
https://facebook.com/BlazePizza
https://instagram.com/BlazePizza",2016-04-08T16:51:19Z,2578215,1345,133.0,Blaze Pizza,"LeBron James Is Blaze Pizza's Newest Team Member In between games in Los Angeles, LeBron James put in work on his off day. And by work we mean becoming Ron, the newest team member at Blaze Pizza. #MeetRon

Pasadena, California | March 11, 2016 at 12:23 p.m.

Check out more from Blaze Pizza here:
http://blazepizza.com
https://twitter.com/BlazePizza
https://facebook.com/BlazePizza
https://instagram.com/BlazePizza",https://www.youtube.com/watch?v=VF5jXrZfuCA
0lnv3QrpX5A,We Like Big Burgers,"Our burgers are char-broiled, 1/3 lbs, and made fresh to order, so you can get all your favorite toppings.",2025-10-10T20:30:01Z,67661,12,15.0,Portillos,"We Like Big Burgers Our burgers are char-broiled, 1/3 lbs, and made fresh to order, so you can get all your favorite toppings.",https://www.youtube.com/watch?v=0lnv3QrpX5A
D6A7pXIRfho,Airheads Decoy Boy,"Now you won’t feel too old to trick or treat for Airheads! Enter for your chance to win The Decoy Boy today through 10/17. *NO PURCH. NEC. Ends 10/17/25. US; 18+. Odds vary.  For official rules, please visit the link in our bio.",2025-10-07T15:20:08Z,5912,14,100.0,Airheads US,"Airheads Decoy Boy Now you won’t feel too old to trick or treat for Airheads! Enter for your chance to win The Decoy Boy today through 10/17. *NO PURCH. NEC. Ends 10/17/25. US; 18+. Odds vary.  For official rules, please visit the link in our bio.",https://www.youtube.com/watch?v=D6A7pXIRfho
VVRwdwDSdMo,Airheads | Pumped Up,Really raising the bar on fun. Fill up on fun to the Xtreme with Airheads.,2025-09-04T15:53:39Z,42493691,28,16.0,Airheads US,Airheads | Pumped Up Really raising the bar on fun. Fill up on fun to the Xtreme with Airheads.,https://www.youtube.com/watch?v=VVRwdwDSdMo
KlCg8oOwB2g,Airheads | Inflate Off :06,"It’s poppin’ at the pool. Airheads don’t melt in the sun, so they’re great for summer.",2025-09-04T15:53:29Z,3313,10,7.0,Airheads US,"Airheads | Inflate Off :06 It’s poppin’ at the pool. Airheads don’t melt in the sun, so they’re great for summer.",https://www.youtube.com/watch?v=KlCg8oOwB2g
vNf3KJmLlsI,Airheads | Grandpa Likes 'Em :15,What a fun-filled family outing. Take a bite out of boredom with Airheads Xtremes.,2025-08-18T19:50:44Z,39884661,30,16.0,Airheads US,Airheads | Grandpa Likes 'Em :15 What a fun-filled family outing. Take a bite out of boredom with Airheads Xtremes.,https://www.youtube.com/watch?v=vNf3KJmLlsI
YfZfA2tQM1Y,Airheads | Pumped Up,Really raising the bar on fun. Fill up on fun to the Xtreme with Airheads.,2025-08-18T19:50:02Z,8963013,16,7.0,Airheads US,Airheads | Pumped Up Really raising the bar on fun. Fill up on fun to the Xtreme with Airheads.,https://www.youtube.com/watch?v=YfZfA2tQM1Y
9vHp7SqwlVA,Airheads Sours | Cab Driver :15,All new Airheads Sour bars start sour and stay sour.,2025-03-13T20:21:15Z,35154035,16,16.0,Airheads US,Airheads Sours | Cab Driver :15 All new Airheads Sour bars start sour and stay sour.,https://www.youtube.com/watch?v=9vHp7SqwlVA
0yF66ZxGvTs,Airheads Sours | Speed Date :15,All new Airheads Sour bars start sour and stay sour.,2025-03-13T20:21:11Z,40440956,57,16.0,Airheads US,Airheads Sours | Speed Date :15 All new Airheads Sour bars start sour and stay sour.,https://www.youtube.com/watch?v=0yF66ZxGvTs
4BMnFTp1Omk,Airheads Sours | Cab Driver :15,All new Airheads Sour bars start sour and stay sour.,2025-03-13T20:21:03Z,27961,11,16.0,Airheads US,Airheads Sours | Cab Driver :15 All new Airheads Sour bars start sour and stay sour.,https://www.youtube.com/watch?v=4BMnFTp1Omk
MsVR1iAAQfo,Airheads Sours | Speed Date :15,All new Airheads Sour bars start sour and stay sour.,2025-03-13T20:21:00Z,169721,81,16.0,Airheads US,Airheads Sours | Speed Date :15 All new Airheads Sour bars start sour and stay sour.,https://www.youtube.com/watch?v=MsVR1iAAQfo
SABHYSUsxuQ,A.I.RHEADS Scarefest Visual Creatures “Behind That Door”,Visit airheadsscarefest.com. Airheads Have More Fun.,2023-10-26T18:41:35Z,198021,49,149.0,Airheads US,A.I.RHEADS Scarefest Visual Creatures “Behind That Door” Visit airheadsscarefest.com. Airheads Have More Fun.,https://www.youtube.com/watch?v=SABHYSUsxuQ
ROFH9k-pWlk,A.I.RHEADS Scarefest Ronnie Allman “While You Sleep”,Visit airheadsscarefest.com. Airheads Have More Fun.,2023-10-24T13:53:51Z,273763,11,85.0,Airheads US,A.I.RHEADS Scarefest Ronnie Allman “While You Sleep” Visit airheadsscarefest.com. Airheads Have More Fun.,https://www.youtube.com/watch?v=ROFH9k-pWlk
tr59ZYxYhtA,A.I.RHEADS Scarefest Pizza Later “Red Shift”,Visit airheadsscarefest.com. Airheads Have More Fun.,2023-10-24T13:53:51Z,246677,11,158.0,Airheads US,A.I.RHEADS Scarefest Pizza Later “Red Shift” Visit airheadsscarefest.com. Airheads Have More Fun.,https://www.youtube.com/watch?v=tr59ZYxYhtA
A5R8YmX4IAk,Howdy :15,Airheads have more fun. 🎈,2023-02-27T23:27:16Z,11711,16,16.0,Airheads US,Howdy :15 Airheads have more fun. 🎈,https://www.youtube.com/watch?v=A5R8YmX4IAk
3h571bKkH-U,Horses :15,Airheads have more fun. 🎈,2023-02-27T23:26:10Z,22183268,22,16.0,Airheads US,Horses :15 Airheads have more fun. 🎈,https://www.youtube.com/watch?v=3h571bKkH-U
hu2oJWPWWFI,Doctor :15,Airheads have more fun. 🎈,2023-02-27T23:25:21Z,20882126,52,16.0,Airheads US,Doctor :15 Airheads have more fun. 🎈,https://www.youtube.com/watch?v=hu2oJWPWWFI
yS10QlwDslw,Airheads Candy Flavored Floss,Everyone should enjoy Halloween…even dentists. So today we’re launching Airheads candy flavored floss and sending them to dentists across the country. This Halloween the dentist's house is a little less bad. 🎈,2022-10-19T12:03:15Z,2575830,26,46.0,Airheads US,Airheads Candy Flavored Floss Everyone should enjoy Halloween…even dentists. So today we’re launching Airheads candy flavored floss and sending them to dentists across the country. This Halloween the dentist's house is a little less bad. 🎈,https://www.youtube.com/watch?v=yS10QlwDslw
ZcjYDkC4Rzc,Airheads Candy Commercial - Cherry Lipstick Whoopsie,The World Needs More Airheads...BITES!!,2014-08-11T15:00:12Z,331333,15,16.0,Airheads US,Airheads Candy Commercial - Cherry Lipstick Whoopsie The World Needs More Airheads...BITES!!,https://www.youtube.com/watch?v=ZcjYDkC4Rzc
uaAoxjbNHrY,Airheads Candy Commercial - Blue Raspberry Phone Blooper,The World Needs More Airheads...BITES!,2014-08-11T14:17:19Z,348124,15,16.0,Airheads US,Airheads Candy Commercial - Blue Raspberry Phone Blooper The World Needs More Airheads...BITES!,https://www.youtube.com/watch?v=uaAoxjbNHrY
lwtrEYhnUdo,Airheads Candy Commercial - Ice,"The World Needs More Airheads. #AirheadsNeeded
Get in our Commercial. Get Super Famous.

Submit your video at http://airheadsneeded.com",2014-02-23T07:15:30Z,54150,18,17.0,Airheads US,"Airheads Candy Commercial - Ice The World Needs More Airheads. #AirheadsNeeded
Get in our Commercial. Get Super Famous.

Submit your video at http://airheadsneeded.com",https://www.youtube.com/watch?v=lwtrEYhnUdo
kgN3auFczlI,Airheads Candy Commercial - Bowling Girl,The World Needs More Airheads. #AirheadsNeeded,2014-02-23T07:05:06Z,45837,8,17.0,Airheads US,Airheads Candy Commercial - Bowling Girl The World Needs More Airheads. #AirheadsNeeded,https://www.youtube.com/watch?v=kgN3auFczlI
ApPVumSyJ90,Brody Stevens Reminding us That He is Brody Stevens,"Backstage at the Oddball Fest 2013 with Brody Stevens and Airheads Candy!

FUNNY OR DIE PRESENTS THE ODDBALL COMEDY & CURIOSITY FESTIVAL FEATURING DAVE CHAPPELLE, FLIGHT OF THE CONCHORDS + MORE!

https://www.facebook.com/OddballFest",2013-11-11T13:08:51Z,9679,8,16.0,Airheads US,"Brody Stevens Reminding us That He is Brody Stevens Backstage at the Oddball Fest 2013 with Brody Stevens and Airheads Candy!

FUNNY OR DIE PRESENTS THE ODDBALL COMEDY & CURIOSITY FESTIVAL FEATURING DAVE CHAPPELLE, FLIGHT OF THE CONCHORDS + MORE!

https://www.facebook.com/OddballFest",https://www.youtube.com/watch?v=ApPVumSyJ90
QmkzwpFiiS4,Chris D'Elia Reminding Brody Stevens to Let a Person Respond,"Backstage at the Oddball Fest 2013 with Brody Stevens and Airheads Candy!

FUNNY OR DIE PRESENTS THE ODDBALL COMEDY & CURIOSITY FESTIVAL FEATURING DAVE CHAPPELLE, FLIGHT OF THE CONCHORDS + MORE!

https://www.facebook.com/OddballFest",2013-11-11T13:08:34Z,6285,8,7.0,Airheads US,"Chris D'Elia Reminding Brody Stevens to Let a Person Respond Backstage at the Oddball Fest 2013 with Brody Stevens and Airheads Candy!

FUNNY OR DIE PRESENTS THE ODDBALL COMEDY & CURIOSITY FESTIVAL FEATURING DAVE CHAPPELLE, FLIGHT OF THE CONCHORDS + MORE!

https://www.facebook.com/OddballFest",https://www.youtube.com/watch?v=QmkzwpFiiS4
A4Fc41USdzs,Bai x Sydney Sweeney | Wow at First Sip,Sydney Sweeney added a little something to her daily hydration routine 💧✨#ItsWonderWater,2023-04-03T20:14:00Z,19479,31,31.0,Bai Drinks,Bai x Sydney Sweeney | Wow at First Sip Sydney Sweeney added a little something to her daily hydration routine 💧✨#ItsWonderWater,https://www.youtube.com/watch?v=A4Fc41USdzs
qS2FM-q_i9M,Bai x Sydney Sweeney BTS,"In “huge news” news, we’re partnering with the ultra-talented, ultra-sweet (ultra-everything, really) Sydney Sweeney! Check out this BTS video and see why we’re a match made in hydration heaven. #ItsWonderWater",2023-02-09T23:53:43Z,6901,8,20.0,Bai Drinks,"Bai x Sydney Sweeney BTS In “huge news” news, we’re partnering with the ultra-talented, ultra-sweet (ultra-everything, really) Sydney Sweeney! Check out this BTS video and see why we’re a match made in hydration heaven. #ItsWonderWater",https://www.youtube.com/watch?v=qS2FM-q_i9M
wIJRxEjrg1s,Bai Spicy Pineapple Margarita,"Create this delicious Spicy Pineapple Margarita at your next fiesta. We promise it will be a hit.

INGREDIENTS:
1 can of Bai Bubbles Peru Pineapple
2 Fresh limes – Juiced
2 Fresh chiles – Sliced
3 oz. Tequila
3 oz. Triple sec
1/2 Fresh lime
1 tbsp. Coarse sea salt for rimming the glass
1 tbsp. Tajin seasoning for rimming the glass
Fresh pineapple for garnish

DIRECTIONS:
Put juice from two fresh limes, half of the sliced chilis, tequila and triple sec in a shaker with ice and shake well. Rim glasses with a wedge of lime and dip into tajin/salt mixture. Fill glasses with ice and add remaining chilis. Pour mixture into two glasses and top with Bai Bubbles.

Must be 21+. Please drink responsibly.

For more recipes, head to our blog: https://www.drinkbai.com/blog",2019-03-01T17:41:27Z,13620,9,32.0,Bai Drinks,"Bai Spicy Pineapple Margarita Create this delicious Spicy Pineapple Margarita at your next fiesta. We promise it will be a hit.

INGREDIENTS:
1 can of Bai Bubbles Peru Pineapple
2 Fresh limes – Juiced
2 Fresh chiles – Sliced
3 oz. Tequila
3 oz. Triple sec
1/2 Fresh lime
1 tbsp. Coarse sea salt for rimming the glass
1 tbsp. Tajin seasoning for rimming the glass
Fresh pineapple for garnish

DIRECTIONS:
Put juice from two fresh limes, half of the sliced chilis, tequila and triple sec in a shaker with ice and shake well. Rim glasses with a wedge of lime and dip into tajin/salt mixture. Fill glasses with ice and add remaining chilis. Pour mixture into two glasses and top with Bai Bubbles.

Must be 21+. Please drink responsibly.

For more recipes, head to our blog: https://www.drinkbai.com/blog",https://www.youtube.com/watch?v=wIJRxEjrg1s
SL0FoU3fGQo,Bai PB & J Smoothie,"Create this delicious and healthy PB&J Smoothie using Bai Brasilia Blueberry.

INGREDIENTS:

½ cup Bai Brasilia Blueberry
1 cup Frozen mixed berries
½ cup Almond milk
2 tbsp Peanut butter
1-2 scoops Vanilla protein powder
¼ cup Oats
Hemp seeds
Chia seeds
Fresh berries

DIRECTIONS:

Blend all the ingredients except for seeds and fresh berries. Add more Brasilia Blueberry if needed. Pour into a glass and garnish with seeds of your choice and fresh berries.

For more recipes head to our blog: https://www.drinkbai.com/blog",2019-03-01T17:33:12Z,1540574,79,40.0,Bai Drinks,"Bai PB & J Smoothie Create this delicious and healthy PB&J Smoothie using Bai Brasilia Blueberry.

INGREDIENTS:

½ cup Bai Brasilia Blueberry
1 cup Frozen mixed berries
½ cup Almond milk
2 tbsp Peanut butter
1-2 scoops Vanilla protein powder
¼ cup Oats
Hemp seeds
Chia seeds
Fresh berries

DIRECTIONS:

Blend all the ingredients except for seeds and fresh berries. Add more Brasilia Blueberry if needed. Pour into a glass and garnish with seeds of your choice and fresh berries.

For more recipes head to our blog: https://www.drinkbai.com/blog",https://www.youtube.com/watch?v=SL0FoU3fGQo
488kSjFE9Vs,Banza Pizza Made From Chickpeas,Meet the pizza made from chickpeas. More protein. Fewer net carbs. Gluten-free. It’s everything you crave in a pizza. With everything you need in a dinner. Now pizza night can be every night. Learn more at eatbanza.com,2020-10-19T00:13:46Z,2590885,10,31.0,Banza,Banza Pizza Made From Chickpeas Meet the pizza made from chickpeas. More protein. Fewer net carbs. Gluten-free. It’s everything you crave in a pizza. With everything you need in a dinner. Now pizza night can be every night. Learn more at eatbanza.com,https://www.youtube.com/watch?v=488kSjFE9Vs
Hnp-V6JTEQk,Trolli Build-A-Dad | Worm Dad,"Introducing Trolli Build-A-Dad. Call 1-844-WORM-DAD and tell us why you deserve a Build-A-Dad of your own. Maybe Worm Dad will send you something. Maybe not. Just like a real father, you never know if he'll show up! Finally you can build the dad you never had, your very own Worm Dad! #ItsTrolli

No purchase necessary. No absent father necessary. 50 US & DC, 18 or older only. Enter by 11:59pm PT June 25, 2021. Void where prohibited. Official Rules at trolli.com/wormdadrules.

Follow us on...
Instagram: www.instagram.com/trolli_usa/
Twitter: twitter.com/Trolli_USA
Facebook: www.facebook.com/TrolliUSA/
TikTok: www.tiktok.com/@itstrolli
Imgur: imgur.com/user/trolli/posts

It’s Trolli: https://www.trolli.com/its-trolli.html",2021-06-20T18:30:17Z,169314,59,59.0,Trolli,"Trolli Build-A-Dad | Worm Dad Introducing Trolli Build-A-Dad. Call 1-844-WORM-DAD and tell us why you deserve a Build-A-Dad of your own. Maybe Worm Dad will send you something. Maybe not. Just like a real father, you never know if he'll show up! Finally you can build the dad you never had, your very own Worm Dad! #ItsTrolli

No purchase necessary. No absent father necessary. 50 US & DC, 18 or older only. Enter by 11:59pm PT June 25, 2021. Void where prohibited. Official Rules at trolli.com/wormdadrules.

Follow us on...
Instagram: www.instagram.com/trolli_usa/
Twitter: twitter.com/Trolli_USA
Facebook: www.facebook.com/TrolliUSA/
TikTok: www.tiktok.com/@itstrolli
Imgur: imgur.com/user/trolli/posts

It’s Trolli: https://www.trolli.com/its-trolli.html",https://www.youtube.com/watch?v=Hnp-V6JTEQk
gBNj5TWAE2M,Mouth Monster :15 | Trolli,"Don’t be afraid of what scares you! Let it eat you instead! 

It’s Trolli: https://www.trolli.com/its-trolli.html",2020-03-30T23:21:52Z,11290360,56,16.0,Trolli,"Mouth Monster :15 | Trolli Don’t be afraid of what scares you! Let it eat you instead! 

It’s Trolli: https://www.trolli.com/its-trolli.html",https://www.youtube.com/watch?v=gBNj5TWAE2M
Bz_rXQ6LsQA,Dead & Alive :6 | Trolli,"If you can read this, that means you’re still alive. Which is a perfect time to eat Trolli!

It’s Trolli: https://www.trolli.com/its-trolli.html",2019-05-20T18:05:37Z,749172,78,7.0,Trolli,"Dead & Alive :6 | Trolli If you can read this, that means you’re still alive. Which is a perfect time to eat Trolli!

It’s Trolli: https://www.trolli.com/its-trolli.html",https://www.youtube.com/watch?v=Bz_rXQ6LsQA
dYyRaIiJkvI,Cupboard :30 | Trolli,"There’s a part of you that’s sad and there’s a part of us that’s sugar, so let us temporarily complete you!

It’s Trolli: https://www.trolli.com/its-trolli.html",2019-05-20T18:01:32Z,1801420,166,31.0,Trolli,"Cupboard :30 | Trolli There’s a part of you that’s sad and there’s a part of us that’s sugar, so let us temporarily complete you!

It’s Trolli: https://www.trolli.com/its-trolli.html",https://www.youtube.com/watch?v=dYyRaIiJkvI
TE10NArMkIA,Happy Accident :15 | Trolli,"Fires spread danger. Trolli spreads happiness! #ItsTrolli

It’s Trolli: https://www.trolli.com/its-trolli.html",2019-04-27T13:18:20Z,2228437,107,13.0,Trolli,"Happy Accident :15 | Trolli Fires spread danger. Trolli spreads happiness! #ItsTrolli

It’s Trolli: https://www.trolli.com/its-trolli.html",https://www.youtube.com/watch?v=TE10NArMkIA
bAQvSU690hM,Tiny Hands by Trolli,Deadpool is back with another big reveal. The movie is available for private enjoyment on digital Aug. 7 and Blu-Ray Aug. 21.  #TinyHands #Deadpool2,2018-07-30T19:02:10Z,81329,22,16.0,Trolli,Tiny Hands by Trolli Deadpool is back with another big reveal. The movie is available for private enjoyment on digital Aug. 7 and Blu-Ray Aug. 21.  #TinyHands #Deadpool2,https://www.youtube.com/watch?v=bAQvSU690hM
AcDWkastXT4,Show Us Your Package,"We brought new Sour Brite Tiny Hands to Times Square, where we asked people to show off their package of Trolli on two giant billboards with Deadpool. Think you can one-up these participants? Go to trolli.com/deadpool2 to see how you can enter our sweepstakes.  Don't forget to see Deadpool 2, in theaters May 18.",2018-05-08T21:49:10Z,21645,9,53.0,Trolli,"Show Us Your Package We brought new Sour Brite Tiny Hands to Times Square, where we asked people to show off their package of Trolli on two giant billboards with Deadpool. Think you can one-up these participants? Go to trolli.com/deadpool2 to see how you can enter our sweepstakes.  Don't forget to see Deadpool 2, in theaters May 18.",https://www.youtube.com/watch?v=AcDWkastXT4
TWLaIfD5AOQ,Tiny Hands by Trolli,"Finally. Deadpool's package, revealed for the world to see. Introducing #TinyHands by Trolli, only at 7-Eleven. See Deadpool 2, in theaters May 18.",2018-05-07T14:53:20Z,58199,28,16.0,Trolli,"Tiny Hands by Trolli Finally. Deadpool's package, revealed for the world to see. Introducing #TinyHands by Trolli, only at 7-Eleven. See Deadpool 2, in theaters May 18.",https://www.youtube.com/watch?v=TWLaIfD5AOQ
sdHoRcQV6R0,Slothversations Episode 3,"Slothvice: “Hang, slurp.” – Slothnado. Get hooked up with a Pineapple Lime Slurpee and Sour Brite Sloths only at 7-Eleven. Do it!",2017-04-03T15:00:46Z,59892,32,33.0,Trolli,"Slothversations Episode 3 Slothvice: “Hang, slurp.” – Slothnado. Get hooked up with a Pineapple Lime Slurpee and Sour Brite Sloths only at 7-Eleven. Do it!",https://www.youtube.com/watch?v=sdHoRcQV6R0
MGBUwtVol-c,Slothversations Episode 2,Check yo watch. It’s time for a SLOTHVERSATION! Enjoy the gummi radness and go slurp up a Pineapple Lime Slurpee only available 7-Eleven.,2017-04-03T14:59:27Z,78956,15,30.0,Trolli,Slothversations Episode 2 Check yo watch. It’s time for a SLOTHVERSATION! Enjoy the gummi radness and go slurp up a Pineapple Lime Slurpee only available 7-Eleven.,https://www.youtube.com/watch?v=MGBUwtVol-c
9m7OoAehM6c,James Harden’s Winning At Hoops - Lay-Up,Radioactive sweatbands? Demonic possession? Daily exfoliation? None of the above. Learn the true secrets to #WinningAtHoops with James Harden and Coach Carl. Today’s episode: The Lay-Up.,2016-05-16T14:56:17Z,122708,17,79.0,Trolli,James Harden’s Winning At Hoops - Lay-Up Radioactive sweatbands? Demonic possession? Daily exfoliation? None of the above. Learn the true secrets to #WinningAtHoops with James Harden and Coach Carl. Today’s episode: The Lay-Up.,https://www.youtube.com/watch?v=9m7OoAehM6c
kjLy1MotanY,Trolli Dirt Cake,"Step up your snack game with this sweet and #SourSnackHack. 

Recipe:
20 oz. package of Oreos
2 - 3.5 oz. packages of instant vanilla pudding
3 1/2 cups milk
1/2 stick of butter, room temperature
8 oz. cream cheese
1 cup powdered sugar
8 oz. container of Cool Whip
2 Packages Trolli Sour Brite Crawlers
Optional: food coloring


1. In a medium bowl, mix both of the packages of vanilla pudding with the milk. 
2. In a second small/medium bowl, blend the butter, cream cheese and powdered sugar together.
3. Crush up the Oreos in a plastic bag.
4. Stir the thickened pudding and add the cream cheese mixture, Cool Whip and food coloring.
5. In a large clear bowl so you can see the layers, pour a layer of pudding. Cover it with a layer of Oreos and Crawlers. Repeat until you're out of pudding, Oreos and Crawlers. 
6. Eat!",2016-03-30T19:00:17Z,60949,21,35.0,Trolli,"Trolli Dirt Cake Step up your snack game with this sweet and #SourSnackHack. 

Recipe:
20 oz. package of Oreos
2 - 3.5 oz. packages of instant vanilla pudding
3 1/2 cups milk
1/2 stick of butter, room temperature
8 oz. cream cheese
1 cup powdered sugar
8 oz. container of Cool Whip
2 Packages Trolli Sour Brite Crawlers
Optional: food coloring


1. In a medium bowl, mix both of the packages of vanilla pudding with the milk. 
2. In a second small/medium bowl, blend the butter, cream cheese and powdered sugar together.
3. Crush up the Oreos in a plastic bag.
4. Stir the thickened pudding and add the cream cheese mixture, Cool Whip and food coloring.
5. In a large clear bowl so you can see the layers, pour a layer of pudding. Cover it with a layer of Oreos and Crawlers. Repeat until you're out of pudding, Oreos and Crawlers. 
6. Eat!",https://www.youtube.com/watch?v=kjLy1MotanY
eMpXQWr5Yrk,Inside inside inside James Harden’s head.,"What's in James Harden's head? Eyeball lasers, sweet guitar licks and Trolli crawlers. Crazy, but true.",2016-02-02T16:01:06Z,7868988,16,16.0,Trolli,"Inside inside inside James Harden’s head. What's in James Harden's head? Eyeball lasers, sweet guitar licks and Trolli crawlers. Crazy, but true.",https://www.youtube.com/watch?v=eMpXQWr5Yrk
G1XXO0qodYo,Performance Enhancing Coffee,"Don't hate the player, hate the game that limits coffee intake before kickoff because it's ""performance enhancing."" 

Technically college sports says too much delicious bold Death Wish Coffee is against the rules before games. And we find that hilariously ridiculous. Because they're right - we think our coffee provides an unfair advantage, on and off the field . That's why we anonymously sponsored college football superstars with NIL deals. 🙃💀

Can you guess who we sponsored??

LIVE WITH A DEATH WISH.",2023-09-27T13:17:25Z,647924,10,31.0,Death Wish Coffee,"Performance Enhancing Coffee Don't hate the player, hate the game that limits coffee intake before kickoff because it's ""performance enhancing."" 

Technically college sports says too much delicious bold Death Wish Coffee is against the rules before games. And we find that hilariously ridiculous. Because they're right - we think our coffee provides an unfair advantage, on and off the field . That's why we anonymously sponsored college football superstars with NIL deals. 🙃💀

Can you guess who we sponsored??

LIVE WITH A DEATH WISH.",https://www.youtube.com/watch?v=G1XXO0qodYo
lGK1_9zk5t4,Have you tried this coffee? Three in one coffee concoction,"For the holiday season, Death Wish Coffee has created a delicious and decadent variety flavor pack -  the Holiday Dessert Coffee Bundle. It features the blueberry and vanilla Blue and Buried blend, the Pumpkin Chai, and the new holiday favorite, Gingerdead coffee.

But what happens if you brew them all together at once? We wanted to find out, and the results were rather surprising. Check out the video, and try it for yourself by picking up a holiday Dessert Bundle while supplies last:
https://www.deathwishcoffee.com/collections/variety-packs",2022-12-12T15:56:03Z,2051,13,155.0,Death Wish Coffee,"Have you tried this coffee? Three in one coffee concoction For the holiday season, Death Wish Coffee has created a delicious and decadent variety flavor pack -  the Holiday Dessert Coffee Bundle. It features the blueberry and vanilla Blue and Buried blend, the Pumpkin Chai, and the new holiday favorite, Gingerdead coffee.

But what happens if you brew them all together at once? We wanted to find out, and the results were rather surprising. Check out the video, and try it for yourself by picking up a holiday Dessert Bundle while supplies last:
https://www.deathwishcoffee.com/collections/variety-packs",https://www.youtube.com/watch?v=lGK1_9zk5t4
sbOl5HbCm8M,Medium Roast from Death Wish Coffee,"A Lighter Shade of Bold

Grown at higher altitudes for a complex flavor profile, this roast brews a cup as bold as you are. A shade or two lighter than our original blend, these beans contain cult-classic caffeine levels to function, in the unfortunate circumstance of being awake.

Learn more and grab your own bag at www.deathwishcoffee.com/medium",2021-02-12T19:09:21Z,312380,46,177.0,Death Wish Coffee,"Medium Roast from Death Wish Coffee A Lighter Shade of Bold

Grown at higher altitudes for a complex flavor profile, this roast brews a cup as bold as you are. A shade or two lighter than our original blend, these beans contain cult-classic caffeine levels to function, in the unfortunate circumstance of being awake.

Learn more and grab your own bag at www.deathwishcoffee.com/medium",https://www.youtube.com/watch?v=sbOl5HbCm8M
QncCMV3JArk,Exodus: New album in 2021? Tom Hunting explains,"In this clip from Fueled By Death Cast, drummer Tom Hunting gives details about the next album from Exodus. With the band members living far from each other and dealing with a quarantine, it has made it slightly difficult to get new music out. But Exodus is determined to get back to writing and recording their next full-length record, and as this interview goes out, the band is primed to hit the studio.

Listen to the full interview with Tom Hunting:

Apple Podcasts: https://podcasts.apple.com/us/podcast/fueled-by-death-cast/id1184104196#episodeGuid=ccc9c363-5621-4e8c-8041-2de8ff83013a

Spotify: https://open.spotify.com/episode/5bgAV7W98HdI7JKtRkWNwJ

Full transcript and links: www.deathwishcoffee.com/tomhunting",2020-08-06T16:09:07Z,4157,24,172.0,Death Wish Coffee,"Exodus: New album in 2021? Tom Hunting explains In this clip from Fueled By Death Cast, drummer Tom Hunting gives details about the next album from Exodus. With the band members living far from each other and dealing with a quarantine, it has made it slightly difficult to get new music out. But Exodus is determined to get back to writing and recording their next full-length record, and as this interview goes out, the band is primed to hit the studio.

Listen to the full interview with Tom Hunting:

Apple Podcasts: https://podcasts.apple.com/us/podcast/fueled-by-death-cast/id1184104196#episodeGuid=ccc9c363-5621-4e8c-8041-2de8ff83013a

Spotify: https://open.spotify.com/episode/5bgAV7W98HdI7JKtRkWNwJ

Full transcript and links: www.deathwishcoffee.com/tomhunting",https://www.youtube.com/watch?v=QncCMV3JArk
